,seed0,seed1,seed2,seed3,seed4,seed5,seed6,seed7,seed8,seed9,seed10,seed11,seed12,seed13,seed14,seed15,seed16,seed17,seed18,seed19
2026-08-25 00:00:00+00:00,46.66732893053172,37.334679347984604,93.9092825749447,-13.598542159246112,192.0675756210772,110.61742693607873,7.091327110749733,-34.25512307959205,-131.9814415132675,201.50679842832758,167.42624374796583,108.14671947101581,-64.28640354052922,76.33028032793669,55.380124634817896,12.071928980457315,24.768010923699336,64.57358620097587,-155.02136115291,108.97603629139877
2026-08-26 00:00:00+00:00,6.847731114232467,79.51019266387277,-70.07460833625994,117.57590135198996,301.51059408924533,193.8476619098539,172.9459829766694,-89.3777026140119,-66.4046755862182,246.10214512562487,105.70621144897679,162.94813103254302,-169.97890600649328,97.68218404189585,35.06091664615174,6.986923739245896,53.372426618977336,27.202893126331524,-255.85577692008326,190.19021523969795
2026-08-27 00:00:00+00:00,-165.4142418920623,151.33193797753086,-140.36684725613873,140.23704400489476,590.2357409589258,366.61728172599715,243.93953238461205,-9.795138263662167,-38.7560972071942,262.21238739316357,73.06936619250061,172.51241102802092,-247.60026468841096,49.074453768528315,-201.79330719090962,82.6000480129605,324.14443483801824,340.16403593300885,-267.00991794502914,267.2782662291753
2026-08-28 00:00:00+00:00,16.755741702059595,341.59257783467115,-61.344469780641546,273.49308090121895,439.791737968226,718.7676578629213,157.95424304529556,-125.80200633469855,-86.78927060665023,303.2416587105454,-17.202733844691423,30.521417623370468,-200.43866804854272,-37.68268475645618,-64.28507631607496,-7.200384823011916,432.3187149428052,414.6491048180702,-252.93828919859038,325.84836583989727
2026-08-29 00:00:00+00:00,270.54675849146923,325.3985864163076,-102.37612075150712,470.49411252654,441.51082375126936,812.9302746611662,98.29784746058499,103.30622162936635,-201.05417375678772,459.1487855453669,273.7134986081237,295.52468278101605,-34.934106286523274,208.63535446016073,189.9562239406408,166.57853756968416,612.409358962452,601.7358982836683,-333.64358623012254,309.4922023045393
2026-08-30 00:00:00+00:00,194.23996515857405,469.7713447456957,-156.3026649583339,818.2221985986399,681.1387227779868,801.7320497492458,-20.494190024858753,142.3568922806544,-292.3692258102329,610.9891438248536,655.728294490778,483.0288038266854,264.1204647855647,61.92814856786768,213.28840277983076,578.5457178065751,797.6432245457256,754.6730218313317,-363.94819138663894,575.6776785651151
2026-08-31 00:00:00+00:00,376.5742241857231,534.6046361623079,141.78346982907303,1139.7125952721296,975.9108743892841,732.6183211002356,4.206799514935195,108.27165220605322,-423.7785055515171,690.9172550196441,829.4277638572814,704.0957157186419,100.40927078045286,-127.63512512829428,162.31637035180012,804.1168030185097,759.352426627619,945.8097009701441,-222.50238938662753,948.7480394963956
2026-09-01 00:00:00+00:00,479.17937513218214,499.91459502061105,289.6252485388527,1339.0630659836552,1276.2205956724474,747.7744330366255,-16.387740501934903,215.27336362288884,-513.1148346536042,946.0708682545389,1110.3493939338662,862.9638152831135,-31.248949496509653,-70.91663198266528,150.03495571801233,1150.9250876962606,565.1818661834552,1141.0106568246688,-198.19698663256773,1164.523523371474
2026-09-02 00:00:00+00:00,440.454351215156,333.1751612499718,525.9738870458984,1699.4475314057922,1514.0871050508474,700.5901606570615,74.47893364780298,147.7000954518063,-455.8777318297359,988.5434215662553,1356.7705881828983,1039.3664720312995,-112.72265777572974,-38.43915821609194,32.98530149433046,1536.18601132444,518.5364373750662,1501.5902815814936,-235.20608994622506,1400.083127598979
2026-09-03 00:00:00+00:00,397.3831440749209,331.8309206626751,559.8140179251308,1662.8632327588969,1624.7117569263053,801.0588251622103,92.76163799145013,208.06988868172414,-499.7431162717585,988.9003399716968,1420.5364855675464,1148.6729924893364,-56.70781557287706,65.44477889159941,181.80480752773227,1662.479009539518,523.1752548556651,1498.2447948162808,-258.98592469431304,1533.7050005543863
2026-09-04 00:00:00+00:00,386.3431972117223,346.751853041294,727.7630537630156,1835.441834517936,1897.845457458003,771.2872370027318,257.0579814484285,156.88426333926697,-576.5038159066955,1186.5292751864677,1624.724939844127,1254.8583215385927,-83.32895552432734,69.73101523949207,124.99826692287608,1803.9806377788827,551.1355204339424,1623.6174078696947,-302.068809610678,1658.0941731180517
2026-09-05 00:00:00+00:00,373.15726527719625,241.23026017394278,696.016946276182,2088.2801083548698,2235.091503980734,767.023712413328,295.10437809186124,305.4405814437322,-381.44349121970924,1345.7748921813045,1759.5046991764132,1291.1455866950805,93.88442043999973,160.04702437634677,280.063635303943,2055.517441603857,565.4075525643213,1676.0709592896362,-205.51887206261136,1804.4599707104278
2026-09-06 00:00:00+00:00,362.0824884912621,188.59631024779065,1053.8525606478606,2358.314610215275,2426.749650975447,764.4396335578642,343.7281536517954,439.19885730979956,-110.39142558461441,1539.0585230557588,2046.2669136850996,1445.7002840881182,-179.1269940439211,23.682692227211902,463.87166108810544,2476.1694235666505,201.88985255534396,2032.0534241172672,-296.52808363919115,2067.235930818827
2026-09-07 00:00:00+00:00,263.5141432717884,130.75738852971176,1301.0161496137914,2548.4641602402157,2496.0921060843525,917.5309343720158,370.4258513416627,713.1042826643284,-414.58403008278106,1844.6900002602297,2355.0192613408803,1680.089795415991,39.08929385714646,-61.82720120461204,426.26979772927064,2492.779831798498,233.8565884495813,2148.7990247789785,-137.62681162427802,2334.4320470828034
2026-09-08 00:00:00+00:00,211.31774066467506,227.11566819174797,1597.8567652748372,2670.4115298598995,2694.879220581155,730.6984247631917,410.81278309704777,620.162242732253,-456.33304755678495,2088.385112606364,2431.8120461808326,1750.283006651367,56.60657856970984,-9.387231737487639,463.2133009913624,2793.568901315116,136.4628701520408,2261.141114825041,-170.13960427477707,2602.9736175635644
2026-09-09 00:00:00+00:00,168.2838301220267,330.8289586515756,1568.441883547714,2825.4366449537806,3003.3500907065218,623.549233725334,350.4496905885617,644.684624297888,-330.3487170070256,2103.6412175892733,2523.7942957587443,1862.9673613430316,107.49972411816792,-81.25166013304109,513.7482893435381,2894.753022707033,8.44582830340454,2386.5461246983746,-261.92760852565993,2792.207943316006
2026-09-10 00:00:00+00:00,403.1629806441682,240.8207054327217,1636.9092981940316,3022.8893990862443,3208.5921639753888,529.5230380790885,380.32890472582596,647.9523765898776,-356.48943399531186,2176.893638391885,2434.349187982957,1908.0044889040587,247.66769165440564,47.53555008354324,544.0547178883007,3049.240103967803,1.603997097644971,2398.2787707958687,-87.98251587451782,2837.8395207638896
2026-09-11 00:00:00+00:00,503.3081551711475,201.67850920229984,1729.2106214172236,3145.629116250605,3162.9715228557498,441.5941461915821,321.8353790097775,664.7845084655039,-342.0914205365361,2113.9823389121684,2347.0399136762107,1989.8746775193747,259.0946760223481,168.52069723361063,434.2375037050134,3052.692536341566,-89.48052805922003,2469.673751259371,-13.241632069797603,2772.0749412874625
2026-09-12 00:00:00+00:00,370.03240204395956,393.32676746571906,1774.7518047813744,3155.2371417138143,3253.9490091510947,484.8907904312552,417.32836261511454,471.70234995882424,-313.3450634178557,2065.1571170961815,2318.4290428581066,2071.3487787381296,81.58931011022531,321.1421557368529,489.19695251613024,3296.2976526907023,-27.781969013890617,2420.8432586738368,11.289337641093987,2996.589627697704
2026-09-13 00:00:00+00:00,462.74720294277756,362.7538887112416,1921.6642585206707,3189.1986788165623,3259.8678017716616,492.91764632402254,552.3320433632122,528.4699558054804,-141.19123282931386,2007.3148712793136,2299.880441261088,2095.237949313448,88.20469891228892,399.62076486777113,500.40784415781366,3403.1884763536173,-46.953310175979766,2513.5136386519994,-50.85758558225748,3185.5280581344705
2026-09-14 00:00:00+00:00,425.6744638695675,470.4763005123497,1838.5486147118486,3167.959827713519,3437.636362634831,406.567361680466,575.849434974025,626.2344210670809,-228.4438882963715,2098.1195642126045,2270.9310439032147,2023.7652291667578,38.50167887776007,324.72401440470327,421.7066374176244,3316.789183682189,-128.89034109078253,2509.498682125987,-183.39173882318525,3106.566272677188
2026-09-15 00:00:00+00:00,527.7514057343203,512.1045218980186,1942.6805123750094,3330.222465933494,3723.3694186220428,457.8552497092425,509.6277090777343,640.9219499812232,-242.64492681641684,2150.7208182178842,2249.5301587117947,2119.5522836097502,25.467699148429382,391.13438987797383,396.48086785696455,3328.03899529311,-96.65253585973645,2552.919361963682,-146.5920489307327,3209.36697103268
2026-09-16 00:00:00+00:00,449.33467033324195,513.5669353314225,2011.3737068981739,3372.3356625028573,3821.1375801785653,463.9106799497388,514.6650352551808,543.4362211562108,-330.7302119398353,1991.557762348928,2281.5519187261307,2226.600801491785,24.223120508148703,504.76368019096947,524.6567823173099,3297.9098955467025,-112.18075428659027,2596.5874724528057,65.65861621032695,3253.7250592454816
2026-09-17 00:00:00+00:00,348.6773541386432,372.5524895179686,2190.960073482394,3385.012837359695,3925.554236175553,338.5265279313063,716.9995384095394,447.2139034485509,-274.90789435205454,1993.813590415459,2217.122162340264,2323.470942465067,-80.06001842140398,545.5860204836385,606.3184274204762,3381.0103589996124,-117.34214268080473,2708.0208470872153,338.29605235925135,3469.113534267787
2026-09-18 00:00:00+00:00,396.87893930549086,316.8663623300209,2356.284483571051,3403.1131697069827,4184.068356639143,105.27570745216264,839.6655495362272,491.08685275817845,-320.44897567294237,1838.04326065922,2457.615586855278,2431.6506388728753,-230.3133871305951,779.2472808655065,597.7115865141992,3441.169257095024,-30.68501201995312,2876.356286269112,463.93492022293646,3649.6287158582695
2026-09-19 00:00:00+00:00,410.4549155496592,356.03230127957346,2197.315847927106,3455.397003413397,4235.355929035993,56.67541166076362,782.47788465899,591.1999980832351,-520.0181934960256,1796.2945424932875,2476.6032111020677,2282.293611891975,-268.8136470291038,942.974846553044,523.3575079008235,3452.0815842187544,85.29066546604133,2896.7182042035947,485.1947117523621,3956.026388423813
2026-09-20 00:00:00+00:00,442.2849989405364,373.78626214757554,2004.9021223164139,3422.559396596342,4115.2771579139,110.20371575785708,796.8189096941167,623.985066019085,-338.586487237259,1828.288158661986,2476.2407109127835,2407.258540699312,-258.8509065863131,864.50041069935,714.6918290325078,3453.3042457745805,220.31824462615543,2897.7820815248506,467.8984890560343,3976.119488542949
2026-09-21 00:00:00+00:00,663.9101095390758,316.37806995094604,2106.4230353070107,3594.804416674603,4175.504918254849,110.06291330310259,721.2177222397573,808.6016783875372,-250.813649154497,1822.1726746964357,2455.6473053953523,2277.176710396832,-178.31493217185488,1049.8365457251932,636.8984828650873,3432.6296902383633,264.85549719815924,3179.015569042469,643.2036400967125,4037.9102150612075
2026-09-22 00:00:00+00:00,568.3732820205558,340.3359902572647,2024.7906190963772,3552.7186531308157,4157.092146717043,148.51753025848868,682.6048467413976,788.0734883467924,-248.85546353458662,1883.0133517115976,2340.592865517834,2371.6288533800616,-110.57924536114639,882.5067366339478,500.87950863846334,3505.6063509190913,282.7805204660081,3286.719236248671,631.8928685942524,4044.3991192802678
2026-09-23 00:00:00+00:00,454.5693581717669,324.521297230673,1929.8873513528818,3755.6622491774287,4199.055136180414,193.79077122957116,663.9626503898678,986.1233845320568,-262.6721225901716,1832.1943636083906,2349.3863285593907,2294.0477748675034,-158.36654672472244,946.5137855612022,390.91889502767066,3404.4163692615366,342.55398852503606,3259.572363426191,804.0421262930156,4033.1348504055095
2026-09-24 00:00:00+00:00,363.07367167587864,266.1478348740263,1681.3443293652344,3913.8546053423233,4177.352438256173,81.47090521734955,489.4430061728617,1204.1628491940364,-231.68555981827802,1785.9595429920653,2378.4975112893208,2324.463503266219,-102.25872088595595,1004.8742303480376,355.99224045806875,3438.283186470788,370.82683526630814,3335.745851169366,743.201451870218,3991.106346121739
2026-09-25 00:00:00+00:00,301.5946497895208,549.1366372394048,1771.8271884243593,4048.0231161702172,4184.876084613376,-172.63911394583104,704.8637679520072,1385.332049271377,-202.84754128210253,1933.934225724538,2498.540152831494,2367.0694147720915,140.73564409040893,989.2645393083668,299.30163741283513,3730.917777664431,220.16102888768881,3523.9974890630815,671.6891613965827,4227.666216340662
2026-09-26 00:00:00+00:00,495.09653790566193,569.1600980795888,1647.7224298257581,4275.140503029382,4299.584705567744,-152.78498274310147,758.9041710473155,1273.6088259371545,-210.87899771251583,1820.148308341627,2397.944673180725,2246.378567240224,-72.87471281682252,950.5286079882399,155.81523756679914,3904.24712486525,178.15318745156557,3448.143197795215,543.1926137271547,4295.114570249501
2026-09-27 00:00:00+00:00,531.3674818375642,610.2837095321181,1705.0016609971221,4322.786866397571,4380.938162397076,-149.48513646747443,754.548380033624,1356.5223694079618,-224.66434031988905,1894.1163329576254,2335.7088803952856,2227.251627891451,-53.64254541327281,856.453863620145,316.33221776795966,3871.5374028404012,135.4533718903954,3459.9205780556313,430.973022341787,4223.3753996135
2026-09-28 00:00:00+00:00,667.8250149445594,852.9263801355833,1773.0798797056245,4449.219046284518,4412.062991857787,-49.6687146205046,824.3247562447798,1238.2403462917791,-230.82953043963303,2065.2564964379344,2364.6390449512583,2377.037453334027,-17.89023179644262,819.0647507271117,322.2438447237953,4034.2852272682817,201.33783823610588,3362.6661622524175,589.2071847935097,4395.129844993057
2026-09-29 00:00:00+00:00,654.4789272322175,866.7636932992132,1822.7799423834306,4588.460025092543,4519.328213903887,-165.82584667170852,863.2897823718384,1289.8540414161282,-171.49531455623645,2087.8827491990714,2580.0817911533018,2415.261893401658,45.91408367281495,770.5827087975456,449.8278917327741,4198.108912733495,178.8396864630615,3479.9213495649224,659.6293287602464,4322.393242861491
2026-09-30 00:00:00+00:00,713.8336723883779,819.9823835527798,1888.122120047677,4715.531048902905,4473.592988777103,-329.14671550827086,795.0126415478439,1455.691753817281,-95.7828842129417,2130.6703394737497,2788.558016432485,2285.529785392921,114.53232146038599,777.6118077963565,521.3310771539154,4261.677466779578,116.12624091620754,3520.5819013810114,747.1788046800045,4470.852344711491
2026-10-01 00:00:00+00:00,808.1473120270374,846.4158600264334,2112.9465268396452,4875.914831500682,4532.406623082259,-238.81563607201326,950.8033160539724,1475.6040447690732,49.35953595889205,2045.2145872568772,2941.070695461235,2209.625708652504,38.56815974263708,597.3137222584862,575.8427415075558,4297.597195572849,181.40893773230462,3487.8580125089475,673.0503987009087,4353.227407566417
2026-10-02 00:00:00+00:00,776.1643521775538,887.5482423734018,2225.3133119872073,4753.548227557445,4324.281420927536,-318.5774608535507,1066.1177086272646,1521.1634708831018,95.6411206703488,2094.3759551016183,2892.783003620481,2172.9244567486876,162.9112739038123,684.656162594183,356.79995407962326,4166.78369118605,180.40292229368774,3502.1141196852823,809.1613128311888,4336.947047651083
2026-10-03 00:00:00+00:00,1006.7358928460337,934.898529069656,2457.6088193361206,4914.475121248791,4099.044227965451,-328.19353398195847,1199.9329775079761,1544.4179331451046,141.06792773770388,1993.1914925608307,2767.9789079128846,2198.2089121365802,237.02082590723123,818.2842648147083,393.63049860792506,4039.2093310424902,125.87518743315417,3506.313798640895,842.0453117206172,4248.868626335581
