label,reading,B,period,stamp_lag,pnl_per_day_usd,per_share_c,per_share_ci95_c_lo,per_share_ci95_c_hi,sharpe_ann,fill_rate,n_trades,pnl_wrong_usd,pnl_per_day_usd_sd,sharpe_ann_sd
"COUNTERFACTUAL - assumed: licensed live feed + courtside camera, not purchased; parameters from our measurements",stamp,0.6,IS,1.92,-22.9188,-2.4792,-4.5039,-0.4875,-4.5517,0.0,888.1,-2360.6328,8.2877,1.6461
"COUNTERFACTUAL - assumed: licensed live feed + courtside camera, not purchased; parameters from our measurements",stamp,0.6,burned_OOS,1.92,-18.3343,-2.1034,-5.5842,1.1329,-3.55,0.0,322.9,-733.3725,11.8261,2.4023
"COUNTERFACTUAL - assumed: licensed live feed + courtside camera, not purchased; parameters from our measurements",stamp,0.8,IS,2.12,-40.8504,-4.4273,-6.454,-2.4337,-8.0693,0.0,888.8,-4207.5895,8.284,1.6987
"COUNTERFACTUAL - assumed: licensed live feed + courtside camera, not purchased; parameters from our measurements",stamp,0.8,burned_OOS,2.12,-34.0641,-3.9276,-7.4233,-0.6797,-6.679,0.0,323.4,-1362.565,12.017,2.5122
"COUNTERFACTUAL - assumed: licensed live feed + courtside camera, not purchased; parameters from our measurements",stamp,1.0,IS,2.32,-38.3402,-1.756,-2.7679,-0.764,-6.6462,0.0562,2063.1,-6005.0547,9.6386,1.5925
"COUNTERFACTUAL - assumed: licensed live feed + courtside camera, not purchased; parameters from our measurements",stamp,1.0,burned_OOS,2.32,-48.3943,-3.248,-5.5001,-1.0765,-8.3468,0.0298,548.4,-1854.5162,17.2972,3.2784
"COUNTERFACTUAL - assumed: licensed live feed + courtside camera, not purchased; parameters from our measurements",stamp,1.1,IS,2.42,190.5098,1.2403,1.081,1.3958,24.5652,0.5778,13705.0,-6510.9274,11.479,2.1501
"COUNTERFACTUAL - assumed: licensed live feed + courtside camera, not purchased; parameters from our measurements",stamp,1.1,burned_OOS,2.42,79.92,0.7058,0.3846,1.0368,12.3345,0.4327,3835.0,-1585.4186,22.7052,3.7385
"COUNTERFACTUAL - assumed: licensed live feed + courtside camera, not purchased; parameters from our measurements",stamp,1.2,IS,2.52,192.6646,1.2429,1.0851,1.3979,25.0131,0.583,13823.2,-6478.8499,11.5264,2.2189
"COUNTERFACTUAL - assumed: licensed live feed + courtside camera, not purchased; parameters from our measurements",stamp,1.2,burned_OOS,2.52,129.7938,0.8561,0.6186,1.1053,21.0271,0.5873,5104.4,-1568.6136,18.1135,3.2791
"COUNTERFACTUAL - assumed: licensed live feed + courtside camera, not purchased; parameters from our measurements",stamp,1.3,IS,2.62,196.2914,1.228,1.0749,1.3795,25.3049,0.5878,13933.7,-6489.8036,11.3178,2.4635
"COUNTERFACTUAL - assumed: licensed live feed + courtside camera, not purchased; parameters from our measurements",stamp,1.3,burned_OOS,2.62,131.2562,0.8557,0.621,1.1013,21.1656,0.5888,5117.7,-1588.0386,17.8899,3.1542
"COUNTERFACTUAL - assumed: licensed live feed + courtside camera, not purchased; parameters from our measurements",stamp,1.35,IS,2.67,201.3073,1.2086,1.0633,1.3526,25.5249,0.582,13796.9,-6764.9801,10.8145,2.3839
"COUNTERFACTUAL - assumed: licensed live feed + courtside camera, not purchased; parameters from our measurements",stamp,1.35,burned_OOS,2.67,134.1441,0.8443,0.6125,1.0831,21.3385,0.5886,5114.9,-1724.0127,16.5442,3.0455
"COUNTERFACTUAL - assumed: licensed live feed + courtside camera, not purchased; parameters from our measurements",stamp,1.4,IS,2.72,205.542,1.2073,1.0659,1.3498,25.7569,0.5766,13669.6,-6891.5915,10.2531,2.1045
"COUNTERFACTUAL - assumed: licensed live feed + courtside camera, not purchased; parameters from our measurements",stamp,1.4,burned_OOS,2.72,136.4795,0.8329,0.6065,1.0668,21.5802,0.5855,5088.3,-1804.8828,14.9472,2.7116
"COUNTERFACTUAL - assumed: licensed live feed + courtside camera, not purchased; parameters from our measurements",stamp,1.5,IS,2.82,214.1832,1.2259,1.087,1.3654,26.4747,0.5706,13525.0,-7030.5172,9.259,1.8817
"COUNTERFACTUAL - assumed: licensed live feed + courtside camera, not purchased; parameters from our measurements",stamp,1.5,burned_OOS,2.82,145.329,0.8587,0.6381,1.0856,23.1077,0.577,5014.0,-1892.1264,14.2156,2.5572
"COUNTERFACTUAL - assumed: licensed live feed + courtside camera, not purchased; parameters from our measurements",stamp,1.75,IS,3.07,236.762,1.3133,1.1761,1.4499,28.4654,0.5617,13314.4,-7195.103,8.3086,1.8162
"COUNTERFACTUAL - assumed: licensed live feed + courtside camera, not purchased; parameters from our measurements",stamp,1.75,burned_OOS,3.07,166.9043,0.9535,0.74,1.1761,26.3609,0.5663,4922.5,-2039.1167,12.8101,3.0557
"COUNTERFACTUAL - assumed: licensed live feed + courtside camera, not purchased; parameters from our measurements",stamp,2.0,IS,3.32,258.3335,1.4139,1.2782,1.5488,30.2372,0.5576,13217.6,-7376.0125,7.6542,1.8873
"COUNTERFACTUAL - assumed: licensed live feed + courtside camera, not purchased; parameters from our measurements",stamp,2.0,burned_OOS,3.32,186.8235,1.053,0.8428,1.272,29.2347,0.5628,4890.9,-2146.7219,12.4957,3.6092
"COUNTERFACTUAL - assumed: licensed live feed + courtside camera, not purchased; parameters from our measurements",stamp,2.5,IS,3.82,277.4207,1.4518,1.3219,1.5791,31.8235,0.5473,12970.0,-7444.253,7.3002,1.8889
"COUNTERFACTUAL - assumed: licensed live feed + courtside camera, not purchased; parameters from our measurements",stamp,2.5,burned_OOS,3.82,207.5286,1.1167,0.9152,1.3297,32.0961,0.552,4797.2,-2288.5954,12.5375,3.2438
"COUNTERFACTUAL - assumed: licensed live feed + courtside camera, not purchased; parameters from our measurements",tournament,0.6,IS,1.92,49.2747,0.8546,0.4564,1.2334,6.5108,0.1587,4390.5,-4063.8328,19.6545,2.1642
"COUNTERFACTUAL - assumed: licensed live feed + courtside camera, not purchased; parameters from our measurements",tournament,0.6,burned_OOS,1.92,26.9274,0.2267,-0.7446,1.1564,4.2277,0.1498,1534.7,-1294.9449,39.0056,6.3732
"COUNTERFACTUAL - assumed: licensed live feed + courtside camera, not purchased; parameters from our measurements",tournament,0.8,IS,2.12,84.6842,1.0568,0.7801,1.3269,10.7775,0.2458,6324.2,-4275.7844,22.032,2.6063
"COUNTERFACTUAL - assumed: licensed live feed + courtside camera, not purchased; parameters from our measurements",tournament,0.8,burned_OOS,2.12,55.7662,0.665,0.0628,1.2345,8.9308,0.2219,2122.1,-1357.8705,42.3622,6.4087
"COUNTERFACTUAL - assumed: licensed live feed + courtside camera, not purchased; parameters from our measurements",tournament,1.0,IS,2.32,101.7004,1.099,0.8559,1.3521,12.3871,0.2782,7038.0,-4825.2524,26.2288,2.6664
"COUNTERFACTUAL - assumed: licensed live feed + courtside camera, not purchased; parameters from our measurements",tournament,1.0,burned_OOS,2.32,63.8468,0.7288,0.1905,1.266,9.8491,0.2406,2272.5,-1468.9656,42.0406,6.0197
"COUNTERFACTUAL - assumed: licensed live feed + courtside camera, not purchased; parameters from our measurements",tournament,1.1,IS,2.42,111.7434,1.1393,0.9175,1.3657,13.4582,0.2953,7417.3,-4954.308,25.9827,2.5538
"COUNTERFACTUAL - assumed: licensed live feed + courtside camera, not purchased; parameters from our measurements",tournament,1.1,burned_OOS,2.42,69.4512,0.7776,0.2822,1.2812,10.602,0.2525,2368.0,-1448.2803,41.5941,5.7308
"COUNTERFACTUAL - assumed: licensed live feed + courtside camera, not purchased; parameters from our measurements",tournament,1.2,IS,2.52,116.9876,1.1494,0.9283,1.374,13.9215,0.3045,7620.3,-5175.8196,27.4533,2.6865
"COUNTERFACTUAL - assumed: licensed live feed + courtside camera, not purchased; parameters from our measurements",tournament,1.2,burned_OOS,2.52,77.9874,0.8395,0.3711,1.32,12.0287,0.2673,2487.4,-1509.3561,44.2865,6.0853
"COUNTERFACTUAL - assumed: licensed live feed + courtside camera, not purchased; parameters from our measurements",tournament,1.3,IS,2.62,129.2502,1.1773,0.9679,1.3881,15.1466,0.3297,8180.3,-5359.0889,28.9001,2.9319
"COUNTERFACTUAL - assumed: licensed live feed + courtside camera, not purchased; parameters from our measurements",tournament,1.3,burned_OOS,2.62,80.7419,0.8313,0.3749,1.2933,12.4943,0.2734,2536.2,-1598.3418,47.7019,6.6361
"COUNTERFACTUAL - assumed: licensed live feed + courtside camera, not purchased; parameters from our measurements",tournament,1.35,IS,2.67,135.0928,1.1948,0.9905,1.3959,15.6082,0.3406,8422.2,-5548.7936,28.1066,2.997
"COUNTERFACTUAL - assumed: licensed live feed + courtside camera, not purchased; parameters from our measurements",tournament,1.35,burned_OOS,2.67,81.3378,0.8262,0.3725,1.2801,12.6145,0.276,2557.0,-1604.8514,48.6013,6.9559
"COUNTERFACTUAL - assumed: licensed live feed + courtside camera, not purchased; parameters from our measurements",tournament,1.4,IS,2.72,137.6531,1.1974,0.9985,1.395,15.8352,0.3461,8541.7,-5654.2142,27.9149,3.1289
"COUNTERFACTUAL - assumed: licensed live feed + courtside camera, not purchased; parameters from our measurements",tournament,1.4,burned_OOS,2.72,82.1792,0.8305,0.3745,1.2778,12.7413,0.2762,2558.9,-1646.9905,48.4638,7.0259
"COUNTERFACTUAL - assumed: licensed live feed + courtside camera, not purchased; parameters from our measurements",tournament,1.5,IS,2.82,142.6558,1.2057,1.0124,1.3972,16.1287,0.3546,8727.9,-6002.3827,27.6851,3.0855
"COUNTERFACTUAL - assumed: licensed live feed + courtside camera, not purchased; parameters from our measurements",tournament,1.5,burned_OOS,2.82,83.3571,0.8371,0.4041,1.2736,12.6125,0.2806,2593.3,-1748.6404,48.1962,6.9637
"COUNTERFACTUAL - assumed: licensed live feed + courtside camera, not purchased; parameters from our measurements",tournament,1.75,IS,3.07,203.8938,1.3391,1.1815,1.4964,24.0689,0.4766,11429.6,-6483.7631,17.2129,3.3986
"COUNTERFACTUAL - assumed: licensed live feed + courtside camera, not purchased; parameters from our measurements",tournament,1.75,burned_OOS,3.07,116.3763,0.9317,0.6102,1.272,17.9442,0.3858,3450.4,-1570.1363,49.3925,7.7742
"COUNTERFACTUAL - assumed: licensed live feed + courtside camera, not purchased; parameters from our measurements",tournament,2.0,IS,3.32,220.4645,1.3614,1.2103,1.5059,25.7671,0.4917,11756.6,-6709.2442,13.34,2.9066
"COUNTERFACTUAL - assumed: licensed live feed + courtside camera, not purchased; parameters from our measurements",tournament,2.0,burned_OOS,3.32,130.1292,0.9666,0.6755,1.2688,20.1625,0.4148,3686.8,-1589.7061,46.8535,8.1774
"COUNTERFACTUAL - assumed: licensed live feed + courtside camera, not purchased; parameters from our measurements",tournament,2.5,IS,3.82,248.4868,1.4419,1.3032,1.5846,28.5158,0.505,12043.3,-7043.4706,12.8798,2.9726
"COUNTERFACTUAL - assumed: licensed live feed + courtside camera, not purchased; parameters from our measurements",tournament,2.5,burned_OOS,3.82,155.8799,1.013,0.7527,1.2782,24.6382,0.466,4102.6,-1870.8429,42.2038,7.9147
"COUNTERFACTUAL - assumed: licensed live feed + courtside camera, not purchased; parameters from our measurements",point,0.6,IS,1.92,40.4656,0.7488,0.3171,1.1856,6.2115,0.1582,4263.3,-3312.2117,8.8582,1.5607
"COUNTERFACTUAL - assumed: licensed live feed + courtside camera, not purchased; parameters from our measurements",point,0.6,burned_OOS,1.92,5.2243,0.1043,-0.6565,0.8735,0.7735,0.1475,1477.9,-1084.0404,15.0588,2.3995
"COUNTERFACTUAL - assumed: licensed live feed + courtside camera, not purchased; parameters from our measurements",point,0.8,IS,2.12,73.2037,0.9418,0.6377,1.2521,10.9508,0.2562,6471.8,-3675.1994,8.2886,1.8203
"COUNTERFACTUAL - assumed: licensed live feed + courtside camera, not purchased; parameters from our measurements",point,0.8,burned_OOS,2.12,25.5868,0.3443,-0.1515,0.854,3.9556,0.2544,2361.3,-1314.8176,17.6122,2.651
"COUNTERFACTUAL - assumed: licensed live feed + courtside camera, not purchased; parameters from our measurements",point,1.0,IS,2.32,94.8481,1.0257,0.7727,1.2945,13.3597,0.2806,6998.2,-4449.5455,8.4365,1.4109
"COUNTERFACTUAL - assumed: licensed live feed + courtside camera, not purchased; parameters from our measurements",point,1.0,burned_OOS,2.32,41.5727,0.4773,0.0601,0.9166,6.6786,0.2786,2554.9,-1673.5865,17.7651,3.0028
"COUNTERFACTUAL - assumed: licensed live feed + courtside camera, not purchased; parameters from our measurements",point,1.1,IS,2.42,108.7633,1.079,0.8388,1.3239,15.3758,0.2986,7392.6,-4575.4027,9.4761,1.6241
"COUNTERFACTUAL - assumed: licensed live feed + courtside camera, not purchased; parameters from our measurements",point,1.1,burned_OOS,2.42,53.6399,0.5635,0.1765,0.9663,8.9986,0.2939,2677.0,-1628.5647,18.1014,3.4925
"COUNTERFACTUAL - assumed: licensed live feed + courtside camera, not purchased; parameters from our measurements",point,1.2,IS,2.52,115.4961,1.0981,0.8712,1.3288,16.2054,0.3085,7611.8,-4925.1205,9.2495,1.4658
"COUNTERFACTUAL - assumed: licensed live feed + courtside camera, not purchased; parameters from our measurements",point,1.2,burned_OOS,2.52,62.0625,0.6097,0.242,0.9845,10.2368,0.3095,2805.1,-1712.8355,16.605,3.2355
"COUNTERFACTUAL - assumed: licensed live feed + courtside camera, not purchased; parameters from our measurements",point,1.3,IS,2.62,123.3393,1.1157,0.8994,1.3434,16.8986,0.3233,7944.6,-5417.4896,10.7162,1.6272
"COUNTERFACTUAL - assumed: licensed live feed + courtside camera, not purchased; parameters from our measurements",point,1.3,burned_OOS,2.62,66.7197,0.6259,0.2734,0.9905,10.8657,0.323,2918.1,-1833.6124,17.0328,3.5074
"COUNTERFACTUAL - assumed: licensed live feed + courtside camera, not purchased; parameters from our measurements",point,1.35,IS,2.67,127.2152,1.1233,0.9148,1.3432,17.3975,0.3296,8082.1,-5604.122,9.9645,1.4924
"COUNTERFACTUAL - assumed: licensed live feed + courtside camera, not purchased; parameters from our measurements",point,1.35,burned_OOS,2.67,72.9116,0.6651,0.3221,1.0132,12.0262,0.3312,2984.9,-2015.1738,16.1741,3.3161
"COUNTERFACTUAL - assumed: licensed live feed + courtside camera, not purchased; parameters from our measurements",point,1.4,IS,2.72,129.2628,1.1207,0.9117,1.3376,17.4999,0.3345,8192.4,-5736.2607,9.9012,1.5357
"COUNTERFACTUAL - assumed: licensed live feed + courtside camera, not purchased; parameters from our measurements",point,1.4,burned_OOS,2.72,75.8631,0.6783,0.3396,1.0203,12.3788,0.3358,3021.2,-2030.3951,15.7621,3.0345
"COUNTERFACTUAL - assumed: licensed live feed + courtside camera, not purchased; parameters from our measurements",point,1.5,IS,2.82,132.8241,1.1224,0.9225,1.3337,17.9989,0.3412,8339.8,-5745.129,10.4057,1.6218
"COUNTERFACTUAL - assumed: licensed live feed + courtside camera, not purchased; parameters from our measurements",point,1.5,burned_OOS,2.82,78.683,0.6867,0.356,1.0271,12.613,0.3421,3073.3,-2191.7112,16.3129,2.8994
"COUNTERFACTUAL - assumed: licensed live feed + courtside camera, not purchased; parameters from our measurements",point,1.75,IS,3.07,188.0195,1.2864,1.1201,1.4538,23.9927,0.4479,10747.6,-5901.0594,10.9098,1.6863
"COUNTERFACTUAL - assumed: licensed live feed + courtside camera, not purchased; parameters from our measurements",point,1.75,burned_OOS,3.07,134.0114,0.9491,0.6839,1.22,22.0361,0.4485,3955.0,-1943.4178,16.8091,3.1592
"COUNTERFACTUAL - assumed: licensed live feed + courtside camera, not purchased; parameters from our measurements",point,2.0,IS,3.32,203.9329,1.3164,1.1569,1.4766,25.4793,0.4623,11066.7,-6082.8423,11.0735,1.6318
"COUNTERFACTUAL - assumed: licensed live feed + courtside camera, not purchased; parameters from our measurements",point,2.0,burned_OOS,3.32,145.2305,0.9664,0.7164,1.2225,23.3551,0.4661,4097.6,-2005.3803,14.2744,2.9333
"COUNTERFACTUAL - assumed: licensed live feed + courtside camera, not purchased; parameters from our measurements",point,2.5,IS,3.82,235.6128,1.3934,1.247,1.541,28.256,0.4842,11549.1,-6748.1203,9.4674,1.9064
"COUNTERFACTUAL - assumed: licensed live feed + courtside camera, not purchased; parameters from our measurements",point,2.5,burned_OOS,3.82,167.7854,1.0279,0.7951,1.2718,25.5447,0.4848,4246.3,-2232.3132,15.7451,2.7562
