key,src,sub,level,rt,n,delay_vs_T_s,winner_ok,lead_vs_book_s,post_outage
1020|LS044,pm_sports,legacy,game,1791021884213,100,-109.787,False,107.866,False
1020|LS035,pm_sports,legacy,game,1791022073378,147,28.378,True,-30.306,False
1020|LS035,pm_sports,legacy,game,1791022262639,152,35.639,True,-29.566,False
1020|LS044,pm_sports,legacy,game,1791022581490,108,42.49,True,-44.067,False
1020|LS044,pm_sports,legacy,game,1791022790616,113,37.616,True,-38.543,False
1020|LS035,pm_sports,legacy,game,1791022790620,161,43.62,True,-44.52,False
1020|LS041,pm_sports,legacy,game,1791022946931,6,24.931,True,-27.832,False
1020|LS044,pm_sports,legacy,game,1791023093136,118,28.136,True,-30.039,False
1020|LS041,pm_sports,legacy,game,1791023217327,12,30.327,True,-31.995,False
1020|LS044,pm_sports,legacy,game,1791023271699,123,7.699,True,-14.772,False
1020|LS035,pm_sports,legacy,game,1791023303890,165,19.89,True,-26.808,False
1020|LS035,pm_sports,legacy,game,1791023454739,170,17.739,True,-23.658,False
1020|LS041,pm_sports,legacy,game,1791023519476,20,14.476,True,-17.197,False
1020|LS044,pm_sports,legacy,game,1791023643527,129,47.527,True,-49.996,False
1020|LS041,pm_sports,legacy,game,1791023805127,24,33.127,True,-33.707,False
1020|LS041,pm_sports,legacy,game,1791023983592,30,33.592,True,-35.634,False
1020|LS044,pm_sports,legacy,game,1791024047826,135,18.826,True,-20.273,False
1020|LS041,pm_sports,legacy,game,1791024328726,36,33.726,True,-35.634,False
1020|LS044,pm_sports,legacy,game,1791024414885,143,19.885,True,-23.816,False
1020|LS041,pm_sports,legacy,game,1791024665129,46,31.129,True,-33.062,False
1020|LS041,pm_sports,legacy,game,1791024851946,50,24.946,True,-26.276,False
1020|LS044,pm_sports,legacy,game,1791024884525,151,38.525,True,-41.893,False
1020|LS041,pm_sports,legacy,game,1791025004103,55,16.103,True,-18.303,False
1020|LS044,pm_sports,legacy,game,1791025263137,159,35.137,True,-36.054,False
1020|LS041,pm_sports,legacy,game,1791025284891,60,16.891,True,-17.79,False
1020|LS041,pm_sports,legacy,game,1791025533286,64,17.286,True,-19.122,False
1020|LS041,pm_sports,legacy,game,1791025717387,68,43.387,True,-44.571,False
1020|LS041,wta_api,both,game,1791025734197,68,60.197,True,-61.381,False
1020|LS041,wta_api,point,point,1791025742161,70,21.161,True,-21.074,False
1020|LS044,espn,espn_wta,game,1791025758171,169,20.171,True,-22.8,False
1020|LS041,wta_api,point,point,1791025764191,69,58.191,True,-58.112,False
1020|LS044,pm_sports,v2,game,1791025770879,169,32.879,True,-35.508,False
1020|LS044,wta_api,both,game,1791025774142,169,36.142,True,-38.771,False
1020|LS041,wta_api,point,point,1791025794203,71,38.203,True,-38.951,False
1020|LS041,espn,espn_wta,game,1791025830211,73,26.211,True,-28.949,False
1020|LS041,pm_sports,legacy,game,1791025835323,73,31.323,True,-34.061,False
1020|LS041,wta_api,point,point,1791025838153,72,53.153,True,-54.682,False
1020|LS041,wta_api,both,game,1791025854219,73,50.219,True,-52.957,False
1020|LS044,wta_api,point,point,1791025854219,170,47.219,True,-47.978,False
1020|LS044,wta_api,point,point,1791025934163,171,63.163,True,-65.052,False
1020|LS044,wta_api,point,point,1791025966170,172,54.17,True,-56.099,False
1020|LS041,wta_api,point,point,1791025976423,75,17.423,True,-20.114,False
1020|LS044,wta_api,point,point,1791026014665,173,50.665,True,-52.586,True
1020|LS041,wta_api,point,point,1791026014665,76,27.665,True,,True
1020|LS041,wta_api,point,point,1791026044501,77,31.501,True,-25.816,False
1020|LS044,wta_api,point,point,1791026044501,174,46.501,True,,False
1020|LS041,wta_api,both,game,1791026082298,78,27.298,True,-29.409,False
1020|LS041,espn,espn_wta,game,1791026082312,78,27.312,True,-29.423,False
1020|LS044,espn,espn_wta,game,1791026102359,175,28.359,True,-31.285,False
1020|LS044,wta_api,both,game,1791026104556,175,30.556,True,-33.482,False
1020|LS041,wta_api,point,point,1791026164536,80,10.536,True,-10.849,False
1020|LS041,wta_api,point,point,1791026178318,79,56.318,True,-62.252,False
1020|LS041,wta_api,point,point,1791026242314,81,61.314,True,-63.237,False
1020|LS044,wta_api,point,point,1791026254561,176,54.561,True,-55.835,False
1020|LS041,wta_api,point,point,1791026274315,82,45.315,True,-47.206,False
1020|LS044,wta_api,point,point,1791026284568,177,43.568,True,-46.08,False
1020|LS041,wta_api,point,point,1791026314585,83,57.585,True,-58.517,False
1020|LS044,wta_api,point,point,1791026344579,178,60.579,True,-61.507,False
1020|LS044,wta_api,point,point,1791026354337,179,35.337,True,-39.511,False
1020|LS041,wta_api,point,point,1791026370351,85,38.351,True,-40.229,False
1020|LS044,wta_api,point,point,1791026404609,180,44.609,True,-45.51,False
1020|LS044,espn,espn_atp,game,1791026436418,181,25.418,True,-30.11,False
1020|LS044,wta_api,both,game,1791026450447,181,39.447,True,-44.139,False
1020|LS041,wta_api,point,point,1791026494632,87,39.632,True,-41.553,False
1020|LS041,espn,espn_atp,game,1791026516435,88,32.435,True,-34.349,False
1020|LS041,wta_api,both,game,1791026530369,88,46.369,True,-48.283,False
1020|LS044,wta_api,point,point,1791026546375,182,73.375,True,-73.011,False
1020|LS044,wta_api,point,point,1791026554669,183,52.669,True,-57.025,False
1020|LS044,wta_api,point,point,1791026578434,184,40.434,True,-40.346,False
1020|LS044,wta_api,point,point,1791026614905,185,47.905,True,-49.935,False
1020|LS041,wta_api,point,point,1791026624778,89,21.778,True,-23.673,False
1020|LS044,wta_api,point,point,1791026640776,186,41.776,True,-42.564,False
1020|LS041,wta_api,point,point,1791026704853,90,64.853,True,-65.163,False
1020|LS044,wta_api,point,point,1791026764853,188,59.853,True,-61.773,False
1020|LS041,wta_api,point,point,1791026794857,91,61.857,True,-63.117,False
1020|LS041,wta_api,both,game,1791026824841,93,21.841,True,-21.475,False
1020|LS041,pm_sports,v2,game,1791026828846,93,25.846,True,-25.48,False
1020|LS041,espn,espn_wta,game,1791026830865,93,27.865,True,-27.499,False
1020|LS044,wta_api,point,point,1791026854855,190,29.855,True,-30.762,False
1020|LS044,pm_sports,v2,game,1791026893706,191,22.706,True,,False
1020|LS044,espn,espn_atp,game,1791026901008,191,30.008,True,,False
1020|LS041,wta_api,point,point,1791026912811,94,53.811,True,-55.386,False
1020|LS044,wta_api,both,game,1791026928817,191,57.817,True,,False
1020|LS041,wta_api,point,point,1791026944828,95,42.828,True,-43.744,False
1020|LS041,wta_api,point,point,1791026975054,96,52.054,True,-51.974,False
1020|LS041,wta_api,point,point,1791027006996,97,47.996,True,-47.927,False
1020|LS041,espn,espn_atp,game,1791027023015,98,29.015,True,-30.946,False
1020|LS041,pm_sports,v2,game,1791027027654,98,33.654,True,-35.585,False
1020|LS041,wta_api,both,game,1791027069081,98,75.081,True,-77.012,False
1020|LS041,wta_api,point,point,1791027161098,99,49.098,True,-47.98,False
1020|LS041,wta_api,point,point,1791027191151,100,37.151,True,-34.895,False
1020|LS041,wta_api,point,point,1791027200910,101,22.91,True,,False
1020|LS041,wta_api,point,point,1791027232986,102,31.986,True,-33.265,False
1020|LS041,wta_api,point,point,1791027281285,103,53.285,True,-55.203,False
1020|LS041,espn,espn_wta,game,1791027285332,104,24.332,True,-26.225,False
1020|LS041,pm_sports,v2,game,1791027297884,104,36.884,True,-38.777,False
1020|LS041,wta_api,both,game,1791027311341,104,50.341,True,-52.234,False
1020|LS041,wta_api,point,point,1791027341345,105,43.345,True,-45.054,False
1020|LS041,wta_api,point,point,1791027393047,107,34.047,True,-35.615,False
1020|LS041,wta_api,point,point,1791027401409,106,75.409,True,-76.552,False
1020|LS041,wta_api,point,point,1791027425062,108,35.062,True,-36.308,False
1020|LS041,wta_api,point,point,1791027489081,109,49.081,True,-51.922,False
1020|LS041,espn,espn_wta,game,1791027489395,110,28.395,True,-31.327,False
1020|LS041,wta_api,both,game,1791027491402,110,30.402,True,-33.334,False
1020|LS041,pm_sports,v2,game,1791027497583,110,36.583,True,-39.515,False
1020|LS041,wta_api,point,point,1791027641497,112,30.497,True,-33.404,False
1020|LS041,wta_api,point,point,1791027645111,111,57.111,True,-58.044,False
1020|LS041,wta_api,point,point,1791027701529,114,27.529,True,-30.025,False
1020|LS041,pm_sports,v2,game,1791027713699,115,16.699,True,-18.629,False
1020|LS041,espn,espn_atp,game,1791027717667,115,20.667,True,-22.597,False
1020|LS041,wta_api,point,point,1791027731543,113,88.543,True,-90.494,False
1020|LS041,wta_api,both,game,1791027773141,115,76.141,True,-78.071,False
1020|LS041,wta_api,point,point,1791027821624,116,74.624,True,-76.55,False
1020|LS041,wta_api,point,point,1791027837162,118,34.162,True,-35.265,False
1020|LS041,wta_api,point,point,1791027851608,119,30.608,True,-32.745,False
1020|LS041,wta_api,point,point,1791027881624,120,30.624,True,-32.361,False
1020|LS041,wta_api,both,game,1791027965462,123,23.462,True,-26.338,False
1020|LS041,pm_sports,v2,game,1791027967246,123,25.246,True,-28.122,False
1020|LS041,espn,espn_wta,game,1791027971680,123,29.68,True,-32.556,False
1020|LS041,wta_api,point,point,1791027973655,122,63.655,True,-64.575,False
1020|LS034,wta_api,point,point,1791028063707,1,60.707,True,-61.804,False
1020|LS041,wta_api,point,point,1791028097223,124,33.223,True,-34.142,False
1020|LS034,wta_api,point,point,1791028097223,2,35.223,True,-36.445,False
1020|LS041,wta_api,point,point,1791028129219,125,23.219,True,-24.138,False
1020|LS034,wta_api,point,point,1791028153745,3,56.745,True,-57.283,False
1020|LS034,wta_api,point,point,1791028161228,4,29.228,True,-29.576,False
1020|LS034,espn,espn_atp,game,1791028181899,5,17.899,True,-16.228,False
1020|LS041,wta_api,point,point,1791028183756,126,44.756,True,-47.413,False
1020|LS034,pm_sports,v2,game,1791028192898,5,28.898,True,-27.227,False
1020|LS034,wta_api,both,game,1791028193233,5,29.233,True,-27.562,False
1020|LS041,wta_api,point,point,1791028225244,127,45.244,True,,False
1020|LS041,pm_sports,v2,game,1791028230713,128,18.713,True,,False
1020|LS041,espn,espn_atp,game,1791028243919,128,31.919,True,,False
1020|LS041,wta_api,both,game,1791028257255,128,45.255,True,,False
1020|LS034,wta_api,point,point,1791028289267,6,39.267,True,-45.264,False
1020|LS034,wta_api,point,point,1791028353284,7,50.284,True,-52.22,False
1020|LS034,wta_api,point,point,1791028385296,8,49.296,True,-50.914,False
1020|LS034,wta_api,point,point,1791028393887,9,35.887,True,-37.105,False
1020|LS034,pm_sports,v2,game,1791028403546,10,22.546,True,-30.486,False
1020|LS034,espn,espn_wta,game,1791028407933,10,26.933,True,-34.873,False
1020|LS034,wta_api,both,game,1791028417293,10,36.293,True,-44.233,False
1020|LS034,wta_api,point,point,1791028453956,11,19.956,True,-21.39,False
1020|LS034,wta_api,point,point,1791028513318,12,52.318,True,-53.65,False
1020|LS034,wta_api,point,point,1791028545326,13,46.326,True,-47.179,False
1020|LS034,wta_api,point,point,1791028573968,14,43.968,True,-45.771,False
1020|LS034,wta_api,point,point,1791028603984,15,46.984,True,-47.744,False
1020|LS034,wta_api,point,point,1791028633995,16,40.995,True,-41.999,False
1020|LS034,wta_api,point,point,1791028664015,17,40.015,True,-41.85,False
1020|LS034,espn,espn_atp,game,1791028688149,18,23.149,True,-24.083,False
1020|LS034,wta_api,both,game,1791028705364,18,40.364,True,-41.298,False
1020|LS034,pm_sports,v2,game,1791028706697,18,41.697,True,-42.631,False
1020|LS034,wta_api,point,point,1791028848091,19,48.091,True,-48.97,False
1020|LS034,wta_api,point,point,1791028857401,20,33.401,True,-33.273,False
1020|LS034,wta_api,point,point,1791028889402,21,41.402,True,-44.336,False
1020|LS034,wta_api,point,point,1791028921427,22,41.427,True,-42.605,False
1020|LS034,wta_api,point,point,1791028938142,23,29.142,True,-36.076,False
1020|LS034,wta_api,both,game,1791028968145,24,26.145,True,-27.06,False
1020|LS034,espn,espn_atp,game,1791028970267,24,28.267,True,-29.182,False
1020|LS034,pm_sports,v2,game,1791028972452,24,30.452,True,-31.367,False
1020|LS034,wta_api,point,point,1791029049454,25,51.454,True,-53.409,False
1020|LS033,wta_api,point,point,1791029058199,1,60.199,True,-62.13,False
1020|LS034,wta_api,point,point,1791029081499,26,33.499,True,-34.599,False
1020|LS033,wta_api,point,point,1791029088214,3,39.214,True,-40.906,False
1020|LS034,wta_api,point,point,1791029113459,27,33.459,True,-34.151,False
1020|LS033,wta_api,point,point,1791029118277,4,44.277,True,-42.206,False
1020|LS033,wta_api,point,point,1791029125557,5,28.557,True,-28.244,False
1020|LS034,wta_api,both,game,1791029145473,29,5.473,True,-6.531,False
1020|LS033,espn,espn_atp,game,1791029152418,6,24.418,True,-26.316,False
1020|LS034,pm_sports,v2,game,1791029156707,29,16.707,True,-17.765,False
1020|LS033,pm_sports,v2,game,1791029156925,6,28.925,True,-30.823,False
1020|LS034,espn,espn_atp,game,1791029162421,29,22.421,True,-23.479,False
1020|LS033,wta_api,both,game,1791029178272,6,50.272,True,-52.17,False
1020|LS033,wta_api,point,point,1791029221485,7,24.485,True,-25.186,False
1020|LS033,wta_api,point,point,1791029253627,8,32.627,True,-33.328,False
1020|LS033,wta_api,point,point,1791029298305,9,56.305,True,-56.981,False
1020|LS033,wta_api,point,point,1791029317505,10,27.505,True,-30.318,False
1020|LS034,wta_api,point,point,1791029328321,30,48.321,True,-48.543,False
1020|LS034,wta_api,point,point,1791029369526,32,32.526,True,-34.451,False
1020|LS033,espn,espn_wta,game,1791029376332,12,28.332,True,-28.897,False
1020|LS033,pm_sports,v2,game,1791029378507,12,30.507,True,-31.072,False
1020|LS033,wta_api,point,point,1791029388355,11,65.355,True,,False
1020|LS034,espn,espn_atp,game,1791029394533,33,28.533,True,-36.054,False
1020|LS034,pm_sports,v2,game,1791029394805,33,28.805,True,-36.326,False
1020|LS033,wta_api,point,point,1791029413534,13,30.534,True,-31.783,False
1020|LS033,wta_api,both,game,1791029413534,12,65.534,True,-66.099,False
1020|LS034,wta_api,both,game,1791029433546,33,67.546,True,-75.067,False
1020|LS033,wta_api,point,point,1791029445559,14,28.559,True,-28.462,False
1179|LS003,wta_api,point,point,1791029449537,1,49.537,True,-50.46,False
1020|LS034,wta_api,point,point,1791029465629,34,54.629,True,-59.812,False
1179|LS003,wta_api,point,point,1791029476377,2,44.377,True,-47.663,False
1020|LS034,wta_api,point,point,1791029478378,35,35.378,True,-36.296,False
1020|LS033,wta_api,point,point,1791029509556,15,45.556,True,-52.487,False
1179|LS003,wta_api,point,point,1791029536404,3,77.404,True,-77.309,False
1020|LS034,wta_api,point,point,1791029538401,36,72.401,True,-71.316,False
1020|LS033,wta_api,point,point,1791029538401,16,49.401,True,-49.333,False
1179|LS003,wta_api,point,point,1791029545562,4,56.562,True,-57.826,False
1020|LS034,espn,espn_atp,game,1791029546601,38,25.601,True,-26.266,False
1020|LS034,pm_sports,v2,game,1791029552448,38,31.448,True,-32.113,False
1020|LS034,wta_api,point,point,1791029561749,37,66.749,True,-67.851,False
1179|LS003,wta_api,point,point,1791029566413,5,47.413,True,-47.066,False
1020|LS034,wta_api,both,game,1791029568417,38,47.417,True,-48.082,False
1020|LS033,wta_api,point,point,1791029568417,17,38.417,True,-40.348,False
1020|LS033,pm_sports,v2,game,1791029584252,18,15.252,True,-15.537,False
1020|LS033,espn,espn_atp,game,1791029596601,18,27.601,True,-27.886,False
1020|LS033,wta_api,both,game,1791029628444,18,59.444,True,-59.729,False
1020|LS034,wta_api,point,point,1791029688463,39,29.463,True,-30.389,False
1020|LS033,wta_api,point,point,1791029733604,19,37.604,True,-38.765,False
1020|LS033,wta_api,point,point,1791029748482,20,29.482,True,-30.362,False
1020|LS034,wta_api,point,point,1791029748482,40,56.482,True,-56.407,False
1020|LS034,wta_api,point,point,1791029753604,41,32.604,True,-33.484,False
1020|LS033,wta_api,point,point,1791029765610,21,20.61,True,,False
1179|LS003,pm_sports,v2,game,1791029767307,12,29.307,True,-31.239,False
1179|LS003,wta_api,both,game,1791029769611,12,31.611,True,-33.543,False
1179|LS003,espn,espn_wta,game,1791029770532,12,32.532,True,-34.464,False
1020|LS034,wta_api,point,point,1791029778499,42,34.499,True,-34.598,False
1020|LS033,wta_api,point,point,1791029797624,22,26.624,True,-27.818,False
1020|LS033,wta_api,point,point,1791029838539,23,23.539,True,-24.46,False
1020|LS034,wta_api,point,point,1791029838539,44,19.539,True,-19.459,False
1179|LS003,wta_api,point,point,1791029897636,13,37.636,True,-38.563,False
1020|LS034,wta_api,point,point,1791029913640,45,48.64,True,-50.024,False
1020|LS034,pm_sports,v2,game,1791029929255,46,18.255,True,-21.027,False
1020|LS034,espn,espn_atp,game,1791029940770,46,29.77,True,-32.542,False
1020|LS034,wta_api,both,game,1791029945647,46,34.647,True,-37.419,False
1179|LS003,wta_api,point,point,1791029961651,14,61.651,True,-63.675,False
1020|LS033,espn,espn_atp,game,1791029980754,28,25.754,True,-26.464,False
1020|LS033,pm_sports,v2,game,1791029982623,28,27.623,True,-28.333,False
1179|LS003,wta_api,point,point,1791029986598,15,43.598,True,-41.723,False
1020|LS033,wta_api,both,game,1791029988643,28,33.643,True,-34.353,False
1179|LS003,wta_api,point,point,1791030025707,16,28.707,True,-30.761,False
1020|LS034,wta_api,point,point,1791030041661,47,59.661,True,-58.069,False
1020|LS033,wta_api,point,point,1791030048673,29,43.673,True,-45.604,False
1020|LS034,wta_api,point,point,1791030073700,48,57.7,True,-58.623,False
1179|LS003,pm_sports,v2,game,1791030074271,17,29.271,True,-29.929,False
1179|LS003,espn,espn_wta,game,1791030074671,17,29.671,True,-30.329,False
1020|LS033,wta_api,point,point,1791030085679,30,57.679,True,-57.936,False
1179|LS003,wta_api,both,game,1791030089678,17,44.678,True,-45.336,False
1020|LS034,wta_api,point,point,1791030105689,49,48.689,True,-49.555,False
1020|LS033,wta_api,point,point,1791030108657,31,54.657,True,-55.353,False
1179|LS003,wta_api,point,point,1791030121691,18,33.691,True,-35.4,False
1020|LS034,wta_api,point,point,1791030137691,50,38.691,True,-39.847,False
1020|LS033,wta_api,point,point,1791030138668,32,42.668,True,-44.35,False
1020|LS033,wta_api,point,point,1791030168674,33,42.674,True,-44.319,False
1020|LS034,wta_api,point,point,1791030168674,51,42.674,True,-43.936,False
1020|LS034,pm_sports,v2,game,1791030171147,52,16.147,True,-16.898,False
1020|LS033,pm_sports,v2,game,1791030171251,34,14.251,True,-15.177,False
1020|LS034,espn,espn_atp,game,1791030172858,52,17.858,True,-18.609,False
1020|LS033,espn,espn_atp,game,1791030172858,34,15.858,True,-16.784,False
1179|LS003,wta_api,point,point,1791030185711,20,20.711,True,-22.847,False
1179|LS003,wta_api,point,point,1791030196685,19,72.685,True,-74.202,False
1020|LS033,wta_api,both,game,1791030198694,34,41.694,True,-42.62,False
1020|LS034,wta_api,both,game,1791030198694,52,43.694,True,-44.445,False
1179|LS003,wta_api,point,point,1791030249725,21,39.725,True,-44.95,False
1179|LS003,wta_api,point,point,1791030286721,22,34.721,True,-35.48,False
1179|LS003,espn,espn_wta,game,1791030306742,23,27.742,True,-27.66,False
1179|LS003,wta_api,both,game,1791030313727,23,34.727,True,-34.645,False
1179|LS003,pm_sports,v2,game,1791030316051,23,37.051,True,-36.969,False
1020|LS033,wta_api,point,point,1791030318726,35,26.726,True,-27.62,False
1020|LS034,wta_api,point,point,1791030318726,53,30.726,True,-32.017,False
1020|LS033,wta_api,point,point,1791030341734,36,22.734,True,-23.653,False
1020|LS033,wta_api,point,point,1791030373745,37,31.745,True,-32.276,False
1020|LS034,wta_api,point,point,1791030378755,54,60.755,True,-62.268,False
1179|LS003,wta_api,point,point,1791030436773,24,42.773,True,,False
1020|LS033,wta_api,point,point,1791030437767,39,25.767,True,-21.144,False
1020|LS033,wta_api,point,point,1791030438767,38,52.767,True,-54.04,False
1020|LS034,wta_api,point,point,1791030438767,55,59.767,True,-60.801,False
1179|LS003,wta_api,point,point,1791030441756,25,21.756,True,-21.654,False
1020|LS034,wta_api,point,point,1791030481768,56,41.768,True,-42.83,False
1179|LS003,wta_api,point,point,1791030496797,26,38.797,True,-39.688,False
1020|LS033,wta_api,point,point,1791030498841,40,48.841,True,-49.769,False
1020|LS034,espn,espn_wta,game,1791030498858,57,19.858,True,-20.634,False
1020|LS034,pm_sports,v2,game,1791030520400,57,41.4,True,-42.176,False
1020|LS033,pm_sports,v2,game,1791030520548,42,17.548,True,-18.449,False
1020|LS033,espn,espn_atp,game,1791030525067,42,22.067,True,-22.968,False
1020|LS033,wta_api,both,game,1791030528817,42,25.817,True,-26.718,False
1179|LS003,wta_api,point,point,1791030537791,27,50.791,True,-51.457,False
1020|LS033,wta_api,point,point,1791030565797,41,85.797,True,-90.672,False
1179|LS003,wta_api,point,point,1791030569798,28,36.798,True,-37.975,False
1020|LS033,wta_api,point,point,1791030597798,43,49.798,True,-48.728,False
1020|LS033,wta_api,point,point,1791030618874,44,39.874,True,-40.809,False
1020|LS033,wta_api,point,point,1791030629856,45,20.856,True,-23.811,False
1020|LS033,espn,espn_atp,game,1791030687156,47,30.156,True,-32.062,False
1020|LS033,wta_api,point,point,1791030693821,46,60.821,True,-61.365,False
1020|LS033,pm_sports,v2,game,1791030704706,47,47.706,True,-49.612,True
1020|LS034,wta_api,point,point,1791030708904,58,67.904,True,-68.813,False
1020|LS033,wta_api,both,game,1791030708904,47,51.904,True,-53.81,False
1020|LS034,wta_api,point,point,1791030738912,59,67.912,True,,False
1020|LS034,wta_api,point,point,1791030741836,60,43.836,True,-45.764,False
1020|LS034,wta_api,point,point,1791030773850,61,39.85,True,-33.688,False
1020|LS034,espn,espn_atp,game,1791030789162,62,24.162,True,-24.079,False
1020|LS034,pm_sports,v2,game,1791030806849,62,41.849,True,-41.766,False
1020|LS034,wta_api,both,game,1791030828971,62,63.971,True,-63.888,False
1020|LS033,wta_api,point,point,1791030853867,49,25.867,True,-27.119,False
1020|LS033,wta_api,point,point,1791030858983,48,56.983,True,-56.903,False
1179|LS003,espn,espn_wta,game,1791030860992,35,27.992,True,,False
1179|LS003,pm_sports,v2,game,1791030871723,35,38.723,True,,False
1020|LS033,wta_api,point,point,1791030885870,50,31.87,True,-33.562,False
1020|LS034,wta_api,point,point,1791030888991,63,53.991,True,-55.229,False
1179|LS003,wta_api,both,game,1791030888991,35,55.991,True,,False
1020|LS033,wta_api,point,point,1791030917874,51,38.874,True,-39.796,False
1179|LS003,wta_api,point,point,1791030918998,36,27.998,True,-28.441,False
1020|LS033,pm_sports,v2,game,1791030926147,52,22.147,True,-23.534,False
1020|LS033,espn,espn_wta,game,1791030933035,52,29.035,True,-30.422,False
1020|LS034,wta_api,point,point,1791030933891,64,47.891,True,-47.826,False
1020|LS034,wta_api,point,point,1791030949023,65,29.023,True,-30.65,False
1020|LS033,wta_api,both,game,1791030949023,52,45.023,True,-46.41,False
1020|LS034,wta_api,point,point,1791030997939,66,38.939,True,-39.491,False
1179|LS003,wta_api,point,point,1791031013047,37,57.047,True,-57.236,False
1020|LS033,wta_api,point,point,1791031013047,54,38.047,True,-39.038,False
1020|LS033,wta_api,point,point,1791031013899,53,65.899,True,-66.941,False
1179|LS003,wta_api,both,game,1791031017901,39,3.901,True,-3.336,False
1020|LS034,wta_api,point,point,1791031029908,67,25.908,True,-26.917,False
1020|LS033,wta_api,point,point,1791031043060,55,43.06,True,-45.919,False
1179|LS003,espn,espn_wta,game,1791031043067,39,29.067,True,-28.502,False
1179|LS003,pm_sports,v2,game,1791031054857,39,40.857,True,-40.292,False
1020|LS034,espn,espn_atp,game,1791031071311,68,24.311,True,-24.23,False
1020|LS034,pm_sports,v2,game,1791031092055,68,45.055,True,-44.974,False
1020|LS034,wta_api,both,game,1791031093911,68,46.911,True,-46.83,False
1020|LS033,wta_api,point,point,1791031103090,56,65.09,True,-66.015,False
1020|LS033,wta_api,point,point,1791031133101,57,53.101,True,-54.029,False
1020|LS033,espn,espn_atp,game,1791031141346,58,21.346,True,-22.272,False
1020|LS033,pm_sports,v2,game,1791031162302,58,42.302,True,-43.228,False
1020|LS032,espn,espn_atp,game,1791031403516,1,197.516,True,,False
1020|LS034,espn,espn_atp,game,1791031403516,69,292.516,True,-293.762,False
1020|LS034,pm_sports,v2,game,1791031409729,69,298.729,True,-299.975,False
1020|LS032,pm_sports,v2,game,1791031409802,1,203.802,True,,False
1020|LS034,wta_api,both,game,1791031413982,69,302.982,True,-304.228,False
1020|LS032,wta_api,both,game,1791031433273,1,227.273,True,,False
