key,slug,n,T,game_end,D,t_book,book_vs_T_s,book_srv_vs_T_s,book_vs_T_s_min05c
1020|LS032,wta-rybakin-charaev-2026-10-01,1,1791031206000.0,True,-0.0,,,,
1020|LS033,wta-kartal-wa-2026-10-01,1,1791028998000.0,False,0.010000000000000009,1791028996069.0,-1.931,-1.999,-1.931
1020|LS033,wta-kartal-wa-2026-10-01,2,1791029029000.0,False,0.020000000000000018,1791029029508.0,0.508,-1.223,0.508
1020|LS033,wta-kartal-wa-2026-10-01,3,1791029049000.0,False,0.010000000000000009,1791029047308.0,-1.692,-1.757,-1.692
1020|LS033,wta-kartal-wa-2026-10-01,4,1791029074000.0,False,0.020000000000000018,1791029076071.0,2.071,2.004,2.071
1020|LS033,wta-kartal-wa-2026-10-01,5,1791029097000.0,False,0.010000000000000009,1791029097313.0,0.313,0.245,0.313
1020|LS033,wta-kartal-wa-2026-10-01,6,1791029128000.0,True,0.020000000000000018,1791029126102.0,-1.898,-1.962,-1.898
1020|LS033,wta-kartal-wa-2026-10-01,7,1791029197000.0,False,0.020000000000000018,1791029196299.0,-0.701,-0.803,-0.701
1020|LS033,wta-kartal-wa-2026-10-01,8,1791029221000.0,False,0.020000000000000018,1791029220299.0,-0.701,-0.77,-0.701
1020|LS033,wta-kartal-wa-2026-10-01,9,1791029242000.0,False,0.029999999999999916,1791029241324.0,-0.676,-0.805,-0.676
1020|LS033,wta-kartal-wa-2026-10-01,10,1791029290000.0,False,0.015000000000000013,1791029287187.0,-2.813,-2.878,-2.813
1020|LS033,wta-kartal-wa-2026-10-01,11,1791029323000.0,False,0.0,,,,
1020|LS033,wta-kartal-wa-2026-10-01,12,1791029348000.0,True,0.020000000000000018,1791029347435.0,-0.565,-0.63,-0.565
1020|LS033,wta-kartal-wa-2026-10-01,13,1791029383000.0,False,0.020000000000000018,1791029381751.0,-1.249,-1.317,-1.249
1020|LS033,wta-kartal-wa-2026-10-01,14,1791029417000.0,False,0.025000000000000022,1791029417097.0,0.097,0.031,0.097
1020|LS033,wta-kartal-wa-2026-10-01,15,1791029464000.0,False,0.020000000000000018,1791029457069.0,-6.931,-6.999,-6.931
1020|LS033,wta-kartal-wa-2026-10-01,16,1791029489000.0,False,0.030000000000000027,1791029489068.0,0.068,0.0,0.068
1020|LS033,wta-kartal-wa-2026-10-01,17,1791029530000.0,False,0.04999999999999999,1791029528069.0,-1.931,-2.013,-1.931
1020|LS033,wta-kartal-wa-2026-10-01,18,1791029569000.0,True,0.06,1791029568715.0,-0.285,-0.351,-0.285
1020|LS033,wta-kartal-wa-2026-10-01,19,1791029696000.0,False,0.010000000000000009,1791029694839.0,-1.161,-1.228,-1.161
1020|LS033,wta-kartal-wa-2026-10-01,20,1791029719000.0,False,0.020000000000000018,1791029718120.0,-0.88,-0.953,-0.88
1020|LS033,wta-kartal-wa-2026-10-01,21,1791029745000.0,False,0.0,,,,
1020|LS033,wta-kartal-wa-2026-10-01,22,1791029771000.0,False,0.040000000000000036,1791029769806.0,-1.194,-1.262,-1.194
1020|LS033,wta-kartal-wa-2026-10-01,23,1791029815000.0,False,0.06,1791029814079.0,-0.921,-0.988,-0.921
1020|LS033,wta-kartal-wa-2026-10-01,24,1791029843000.0,False,0.04999999999999999,1791029841100.0,-1.9,-1.984,-1.9
1020|LS033,wta-kartal-wa-2026-10-01,25,1791029871000.0,False,0.05499999999999999,1791029871096.0,0.096,0.029,0.096
1020|LS033,wta-kartal-wa-2026-10-01,26,1791029895000.0,False,-0.02999999999999997,,,,
1020|LS033,wta-kartal-wa-2026-10-01,27,1791029918000.0,False,0.02999999999999997,1791029917568.0,-0.432,-0.536,-0.432
1020|LS033,wta-kartal-wa-2026-10-01,28,1791029955000.0,True,0.050000000000000044,1791029954290.0,-0.71,-1.205,-0.71
1020|LS033,wta-kartal-wa-2026-10-01,29,1791030005000.0,False,0.020000000000000018,1791030003069.0,-1.931,-1.998,-1.931
1020|LS033,wta-kartal-wa-2026-10-01,30,1791030028000.0,False,0.020000000000000018,1791030027743.0,-0.257,-0.326,-0.257
1020|LS033,wta-kartal-wa-2026-10-01,31,1791030054000.0,False,0.020000000000000018,1791030053304.0,-0.696,-0.773,-0.696
1020|LS033,wta-kartal-wa-2026-10-01,32,1791030096000.0,False,0.015000000000000013,1791030094318.0,-1.682,-1.746,-1.682
1020|LS033,wta-kartal-wa-2026-10-01,33,1791030126000.0,False,0.020000000000000018,1791030124355.0,-1.645,-1.716,-1.645
1020|LS033,wta-kartal-wa-2026-10-01,34,1791030157000.0,True,0.020000000000000018,1791030156074.0,-0.926,-0.998,-0.926
1020|LS033,wta-kartal-wa-2026-10-01,35,1791030292000.0,False,0.039999999999999925,1791030291106.0,-0.894,-0.957,-0.894
1020|LS033,wta-kartal-wa-2026-10-01,36,1791030319000.0,False,0.030000000000000027,1791030318081.0,-0.919,-0.995,-0.919
1020|LS033,wta-kartal-wa-2026-10-01,37,1791030342000.0,False,0.040000000000000036,1791030341469.0,-0.531,-0.995,-0.531
1020|LS033,wta-kartal-wa-2026-10-01,38,1791030386000.0,False,0.040000000000000036,1791030384727.0,-1.273,-1.348,-1.273
1020|LS033,wta-kartal-wa-2026-10-01,39,1791030412000.0,False,0.030000000000000027,1791030416623.0,4.623,-0.999,4.623
1020|LS033,wta-kartal-wa-2026-10-01,40,1791030450000.0,False,0.06000000000000005,1791030449072.0,-0.928,-0.994,-0.928
1020|LS033,wta-kartal-wa-2026-10-01,41,1791030480000.0,False,0.019999999999999907,1791030475125.0,-4.875,-4.939,-4.875
1020|LS033,wta-kartal-wa-2026-10-01,42,1791030503000.0,True,0.030000000000000027,1791030502099.0,-0.901,-0.976,-0.901
1020|LS033,wta-kartal-wa-2026-10-01,43,1791030548000.0,False,0.040000000000000036,1791030549070.0,1.07,1.001,1.07
1020|LS033,wta-kartal-wa-2026-10-01,44,1791030579000.0,False,0.030000000000000027,1791030578065.0,-0.935,-1.0,-0.935
1020|LS033,wta-kartal-wa-2026-10-01,45,1791030609000.0,False,0.03500000000000003,1791030606045.0,-2.955,-3.027,-2.955
1020|LS033,wta-kartal-wa-2026-10-01,46,1791030633000.0,False,0.030000000000000027,1791030632456.0,-0.544,-0.612,-0.544
1020|LS033,wta-kartal-wa-2026-10-01,47,1791030657000.0,True,0.019999999999999907,1791030655094.0,-1.906,-1.972,-1.906
1020|LS033,wta-kartal-wa-2026-10-01,48,1791030802000.0,False,0.040000000000000036,1791030802080.0,0.08,0.008,0.08
1020|LS033,wta-kartal-wa-2026-10-01,49,1791030828000.0,False,0.040000000000000036,1791030826748.0,-1.252,-1.318,-1.252
1020|LS033,wta-kartal-wa-2026-10-01,50,1791030854000.0,False,0.020000000000000018,1791030852308.0,-1.692,-1.761,-1.692
1020|LS033,wta-kartal-wa-2026-10-01,51,1791030879000.0,False,0.040000000000000036,1791030878078.0,-0.922,-0.99,-0.922
1020|LS033,wta-kartal-wa-2026-10-01,52,1791030904000.0,True,0.04999999999999993,1791030902613.0,-1.387,-1.452,-1.387
1020|LS033,wta-kartal-wa-2026-10-01,53,1791030948000.0,False,0.020000000000000018,1791030946958.0,-1.042,-1.108,-1.042
1020|LS033,wta-kartal-wa-2026-10-01,54,1791030975000.0,False,0.010000000000000009,1791030974009.0,-0.991,-1.056,-0.991
1020|LS033,wta-kartal-wa-2026-10-01,55,1791031000000.0,False,0.010000000000000009,1791030997141.0,-2.859,-2.93,-2.859
1020|LS033,wta-kartal-wa-2026-10-01,56,1791031038000.0,False,0.010000000000000009,1791031037075.0,-0.925,-0.996,-0.925
1020|LS033,wta-kartal-wa-2026-10-01,57,1791031080000.0,False,0.020000000000000018,1791031079072.0,-0.928,-0.999,-0.928
1020|LS033,wta-kartal-wa-2026-10-01,58,1791031120000.0,True,0.030000000000000027,1791031119074.0,-0.926,-0.996,-0.926
1020|LS034,wta-bouzkov-birrell-2026-10-01,1,1791028003000.0,False,0.020000000000000018,1791028001903.0,-1.097,-1.161,-1.097
1020|LS034,wta-bouzkov-birrell-2026-10-01,2,1791028062000.0,False,0.020000000000000018,1791028060778.0,-1.222,-1.285,-1.222
1020|LS034,wta-bouzkov-birrell-2026-10-01,3,1791028097000.0,False,0.029999999999999916,1791028096462.0,-0.538,-0.6,-0.538
1020|LS034,wta-bouzkov-birrell-2026-10-01,4,1791028132000.0,False,0.020000000000000018,1791028131652.0,-0.348,-0.412,-0.348
1020|LS034,wta-bouzkov-birrell-2026-10-01,5,1791028164000.0,True,0.010000000000000009,1791028165671.0,1.671,1.608,1.671
1020|LS034,wta-bouzkov-birrell-2026-10-01,6,1791028250000.0,False,0.010000000000000009,1791028244003.0,-5.997,-6.061,-5.997
1020|LS034,wta-bouzkov-birrell-2026-10-01,7,1791028303000.0,False,0.019999999999999907,1791028301064.0,-1.936,-2.0,-1.936
1020|LS034,wta-bouzkov-birrell-2026-10-01,8,1791028336000.0,False,0.030000000000000027,1791028334382.0,-1.618,-1.68,-1.618
1020|LS034,wta-bouzkov-birrell-2026-10-01,9,1791028358000.0,False,0.009999999999999898,1791028356782.0,-1.218,-1.28,-1.218
1020|LS034,wta-bouzkov-birrell-2026-10-01,10,1791028381000.0,True,0.010000000000000009,1791028373060.0,-7.94,,-7.94
1020|LS034,wta-bouzkov-birrell-2026-10-01,11,1791028434000.0,False,0.025000000000000022,1791028432566.0,-1.434,-1.499,-1.434
1020|LS034,wta-bouzkov-birrell-2026-10-01,12,1791028461000.0,False,0.020000000000000018,1791028459668.0,-1.332,-1.439,-1.332
1020|LS034,wta-bouzkov-birrell-2026-10-01,13,1791028499000.0,False,0.025000000000000022,1791028498147.0,-0.853,-0.916,-0.853
1020|LS034,wta-bouzkov-birrell-2026-10-01,14,1791028530000.0,False,0.040000000000000036,1791028528197.0,-1.803,-1.994,-1.803
1020|LS034,wta-bouzkov-birrell-2026-10-01,15,1791028557000.0,False,0.020000000000000018,1791028556240.0,-0.76,-0.853,-0.76
1020|LS034,wta-bouzkov-birrell-2026-10-01,16,1791028593000.0,False,0.04500000000000004,1791028591996.0,-1.004,-1.769,-1.004
1020|LS034,wta-bouzkov-birrell-2026-10-01,17,1791028624000.0,False,0.03500000000000003,1791028622165.0,-1.835,-1.904,-1.835
1020|LS034,wta-bouzkov-birrell-2026-10-01,18,1791028665000.0,True,0.05999999999999994,1791028664066.0,-0.934,-1.006,-0.934
1020|LS034,wta-bouzkov-birrell-2026-10-01,19,1791028800000.0,False,0.015000000000000013,1791028799121.0,-0.879,-0.943,-0.879
1020|LS034,wta-bouzkov-birrell-2026-10-01,20,1791028824000.0,False,0.030000000000000027,1791028824128.0,0.128,0.05,0.128
1020|LS034,wta-bouzkov-birrell-2026-10-01,21,1791028848000.0,False,0.040000000000000036,1791028845066.0,-2.934,-3.0,-2.934
1020|LS034,wta-bouzkov-birrell-2026-10-01,22,1791028880000.0,False,0.03500000000000003,1791028878822.0,-1.178,-1.242,-1.178
1020|LS034,wta-bouzkov-birrell-2026-10-01,23,1791028909000.0,False,0.020000000000000018,1791028902066.0,-6.934,-6.998,-6.934
1020|LS034,wta-bouzkov-birrell-2026-10-01,24,1791028942000.0,True,0.03500000000000003,1791028941085.0,-0.915,-0.991,-0.915
1020|LS034,wta-bouzkov-birrell-2026-10-01,25,1791028998000.0,False,0.020000000000000018,1791028996045.0,-1.955,-2.022,-1.955
1020|LS034,wta-bouzkov-birrell-2026-10-01,26,1791029048000.0,False,0.015000000000000013,1791029046900.0,-1.1,-1.164,-1.1
1020|LS034,wta-bouzkov-birrell-2026-10-01,27,1791029080000.0,False,0.020000000000000018,1791029079308.0,-0.692,-0.755,-0.692
1020|LS034,wta-bouzkov-birrell-2026-10-01,28,1791029110000.0,False,0.015000000000000013,1791029109072.0,-0.928,-0.996,-0.928
1020|LS034,wta-bouzkov-birrell-2026-10-01,29,1791029140000.0,True,0.020000000000000018,1791029138942.0,-1.058,-1.123,-1.058
1020|LS034,wta-bouzkov-birrell-2026-10-01,30,1791029280000.0,False,0.025000000000000022,1791029279778.0,-0.222,-0.301,-0.222
1020|LS034,wta-bouzkov-birrell-2026-10-01,31,1791029306000.0,False,0.020000000000000018,1791029305069.0,-0.931,-0.998,-0.931
1020|LS034,wta-bouzkov-birrell-2026-10-01,32,1791029337000.0,False,0.015000000000000013,1791029335075.0,-1.925,-1.996,-1.925
1020|LS034,wta-bouzkov-birrell-2026-10-01,33,1791029366000.0,True,0.019999999999999962,1791029358479.0,-7.521,-7.586,-7.521
1020|LS034,wta-bouzkov-birrell-2026-10-01,34,1791029411000.0,False,0.020000000000000018,1791029405817.0,-5.183,-5.247,-5.183
1020|LS034,wta-bouzkov-birrell-2026-10-01,35,1791029443000.0,False,0.034999999999999976,1791029442082.0,-0.918,-0.985,-0.918
1020|LS034,wta-bouzkov-birrell-2026-10-01,36,1791029466000.0,False,0.020000000000000018,1791029467085.0,1.085,1.018,1.085
1020|LS034,wta-bouzkov-birrell-2026-10-01,37,1791029495000.0,False,0.024999999999999967,1791029493898.0,-1.102,-1.167,-1.102
1020|LS034,wta-bouzkov-birrell-2026-10-01,38,1791029521000.0,True,0.010000000000000009,1791029520335.0,-0.665,-0.734,-0.665
1020|LS034,wta-bouzkov-birrell-2026-10-01,39,1791029659000.0,False,0.040000000000000036,1791029658074.0,-0.926,-0.992,-0.926
1020|LS034,wta-bouzkov-birrell-2026-10-01,40,1791029692000.0,False,0.04500000000000004,1791029692075.0,0.075,0.004,0.075
1020|LS034,wta-bouzkov-birrell-2026-10-01,41,1791029721000.0,False,0.03500000000000003,1791029720120.0,-0.88,-0.998,-0.88
1020|LS034,wta-bouzkov-birrell-2026-10-01,42,1791029744000.0,False,0.040000000000000036,1791029743901.0,-0.099,-0.188,-0.099
1020|LS034,wta-bouzkov-birrell-2026-10-01,43,1791029790000.0,False,0.04999999999999993,1791029790081.0,0.081,0.009,0.081
1020|LS034,wta-bouzkov-birrell-2026-10-01,44,1791029819000.0,False,0.04999999999999993,1791029819080.0,0.08,0.01,0.08
1020|LS034,wta-bouzkov-birrell-2026-10-01,45,1791029865000.0,False,0.039999999999999925,1791029863616.0,-1.384,-1.452,-1.384
1020|LS034,wta-bouzkov-birrell-2026-10-01,46,1791029911000.0,True,0.07499999999999996,1791029908228.0,-2.772,-2.84,-2.772
1020|LS034,wta-bouzkov-birrell-2026-10-01,47,1791029982000.0,False,0.03500000000000003,1791029983592.0,1.592,-1.999,1.592
1020|LS034,wta-bouzkov-birrell-2026-10-01,48,1791030016000.0,False,0.030000000000000027,1791030015077.0,-0.923,-1.002,-0.923
1020|LS034,wta-bouzkov-birrell-2026-10-01,49,1791030057000.0,False,0.050000000000000044,1791030056134.0,-0.866,-0.977,-0.866
1020|LS034,wta-bouzkov-birrell-2026-10-01,50,1791030099000.0,False,0.050000000000000044,1791030097844.0,-1.156,-1.22,-1.156
1020|LS034,wta-bouzkov-birrell-2026-10-01,51,1791030126000.0,False,0.050000000000000044,1791030124738.0,-1.262,-1.337,-1.262
1020|LS034,wta-bouzkov-birrell-2026-10-01,52,1791030155000.0,True,0.039999999999999925,1791030154249.0,-0.751,-0.837,-0.751
1020|LS034,wta-bouzkov-birrell-2026-10-01,53,1791030288000.0,False,0.010000000000000009,1791030286709.0,-1.291,-1.357,-1.291
1020|LS034,wta-bouzkov-birrell-2026-10-01,54,1791030318000.0,False,0.029999999999999916,1791030316487.0,-1.513,-1.594,-1.513
1020|LS034,wta-bouzkov-birrell-2026-10-01,55,1791030379000.0,False,0.03500000000000003,1791030377966.0,-1.034,-1.099,-1.034
1020|LS034,wta-bouzkov-birrell-2026-10-01,56,1791030440000.0,False,0.03500000000000003,1791030438938.0,-1.062,-1.126,-1.062
1020|LS034,wta-bouzkov-birrell-2026-10-01,57,1791030479000.0,True,0.039999999999999925,1791030478224.0,-0.776,-0.842,-0.776
1020|LS034,wta-bouzkov-birrell-2026-10-01,58,1791030641000.0,False,0.020000000000000018,1791030640091.0,-0.909,-0.974,-0.909
1020|LS034,wta-bouzkov-birrell-2026-10-01,59,1791030671000.0,False,0.0,,,,
1020|LS034,wta-bouzkov-birrell-2026-10-01,60,1791030698000.0,False,0.010000000000000009,1791030696072.0,-1.928,-1.999,-1.928
1020|LS034,wta-bouzkov-birrell-2026-10-01,61,1791030734000.0,False,0.010000000000000009,1791030740162.0,6.162,6.096,6.162
1020|LS034,wta-bouzkov-birrell-2026-10-01,62,1791030765000.0,True,0.010000000000000009,1791030765083.0,0.083,0.008,0.083
1020|LS034,wta-bouzkov-birrell-2026-10-01,63,1791030835000.0,False,0.020000000000000018,1791030833762.0,-1.238,-1.37,-1.238
1020|LS034,wta-bouzkov-birrell-2026-10-01,64,1791030886000.0,False,0.010000000000000009,1791030886065.0,0.065,0.0,0.065
1020|LS034,wta-bouzkov-birrell-2026-10-01,65,1791030920000.0,False,0.020000000000000018,1791030918373.0,-1.627,-1.703,-1.627
1020|LS034,wta-bouzkov-birrell-2026-10-01,66,1791030959000.0,False,0.020000000000000018,1791030958448.0,-0.552,-0.63,-0.552
1020|LS034,wta-bouzkov-birrell-2026-10-01,67,1791031004000.0,False,0.025000000000000022,1791031002991.0,-1.009,-1.076,-1.009
1020|LS034,wta-bouzkov-birrell-2026-10-01,68,1791031047000.0,True,0.039999999999999925,1791031047081.0,0.081,0.007,0.081
1020|LS034,wta-bouzkov-birrell-2026-10-01,69,1791031111000.0,True,0.009999999999999898,1791031109754.0,-1.246,-1.311,-1.246
1020|LS035,wta-zhen-kalinsk-2026-10-01,120,1791020863000.0,False,0.07,1791020858558.0,-4.442,-4.507,-4.442
1020|LS035,wta-zhen-kalinsk-2026-10-01,121,1791020898000.0,False,0.06,1791020895071.0,-2.929,-2.993,-2.929
1020|LS035,wta-zhen-kalinsk-2026-10-01,122,1791020938000.0,False,0.04999999999999999,1791020936017.0,-1.983,-2.067,-1.983
1020|LS035,wta-zhen-kalinsk-2026-10-01,123,1791020978000.0,False,0.06,1791020976073.0,-1.927,-1.99,-1.927
1020|LS035,wta-zhen-kalinsk-2026-10-01,124,1791021017000.0,False,0.04999999999999999,1791021016290.0,-0.71,-0.779,-0.71
1020|LS035,wta-zhen-kalinsk-2026-10-01,125,1791021038000.0,False,0.040000000000000036,1791021037065.0,-0.935,-1.0,-0.935
1020|LS035,wta-zhen-kalinsk-2026-10-01,126,1791021061000.0,True,0.03999999999999998,1791021060069.0,-0.931,-0.998,-0.931
1020|LS035,wta-zhen-kalinsk-2026-10-01,127,1791021191000.0,False,0.02999999999999997,1791021190394.0,-0.606,-0.672,-0.606
1020|LS035,wta-zhen-kalinsk-2026-10-01,128,1791021217000.0,False,0.020000000000000018,1791021215331.0,-1.669,-1.735,-1.669
1020|LS035,wta-zhen-kalinsk-2026-10-01,129,1791021239000.0,False,0.020000000000000018,1791021237811.0,-1.189,-1.252,-1.189
1020|LS035,wta-zhen-kalinsk-2026-10-01,130,1791021279000.0,False,0.010000000000000009,1791021278326.0,-0.674,-0.742,-0.674
1020|LS035,wta-zhen-kalinsk-2026-10-01,131,1791021341000.0,True,0.010000000000000009,1791021341535.0,0.535,0.472,0.535
1020|LS035,wta-zhen-kalinsk-2026-10-01,132,1791021386000.0,False,0.04999999999999999,1791021381072.0,-4.928,-4.996,-4.928
1020|LS035,wta-zhen-kalinsk-2026-10-01,133,1791021441000.0,False,0.03999999999999998,1791021438181.0,-2.819,-2.922,-2.819
1020|LS035,wta-zhen-kalinsk-2026-10-01,134,1791021477000.0,False,0.025000000000000022,1791021474878.0,-2.122,-2.465,-2.122
1020|LS035,wta-zhen-kalinsk-2026-10-01,135,1791021502000.0,False,0.030000000000000027,1791021499325.0,-2.675,-2.739,-2.675
1020|LS035,wta-zhen-kalinsk-2026-10-01,136,1791021525000.0,False,0.020000000000000018,1791021522320.0,-2.68,-2.744,-2.68
1020|LS035,wta-zhen-kalinsk-2026-10-01,137,1791021559000.0,False,0.03999999999999998,1791021555397.0,-3.603,-3.667,-3.603
1020|LS035,wta-zhen-kalinsk-2026-10-01,138,1791021612000.0,False,0.04999999999999999,1791021608649.0,-3.351,-3.157,-3.351
1020|LS035,wta-zhen-kalinsk-2026-10-01,139,1791021649000.0,True,0.09499999999999997,1791021645077.0,-3.923,-3.987,-3.923
1020|LS035,wta-zhen-kalinsk-2026-10-01,140,1791021787000.0,False,0.020000000000000018,1791021787070.0,0.07,0.005,0.07
1020|LS035,wta-zhen-kalinsk-2026-10-01,141,1791021815000.0,False,0.020000000000000018,1791021814125.0,-0.875,-0.942,-0.875
1020|LS035,wta-zhen-kalinsk-2026-10-01,142,1791021859000.0,False,0.010000000000000009,1791021859437.0,0.437,0.37,0.437
1020|LS035,wta-zhen-kalinsk-2026-10-01,143,1791021907000.0,False,0.039999999999999925,1791021907087.0,0.087,0.011,0.087
1020|LS035,wta-zhen-kalinsk-2026-10-01,144,1791021948000.0,False,0.050000000000000044,1791021946537.0,-1.463,-1.53,-1.463
1020|LS035,wta-zhen-kalinsk-2026-10-01,145,1791021992000.0,False,0.08000000000000007,1791021991202.0,-0.798,-0.867,-0.798
1020|LS035,wta-zhen-kalinsk-2026-10-01,146,1791022018000.0,False,0.039999999999999925,1791022017150.0,-0.85,-0.919,-0.85
1020|LS035,wta-zhen-kalinsk-2026-10-01,147,1791022045000.0,True,0.030000000000000027,1791022043072.0,-1.928,-1.999,-1.928
1020|LS035,wta-zhen-kalinsk-2026-10-01,148,1791022096000.0,False,0.010000000000000009,1791022098072.0,2.072,2.002,2.072
1020|LS035,wta-zhen-kalinsk-2026-10-01,149,1791022147000.0,False,0.010000000000000009,1791022146389.0,-0.611,-0.678,-0.611
1020|LS035,wta-zhen-kalinsk-2026-10-01,150,1791022175000.0,False,0.010000000000000009,1791022174072.0,-0.928,-0.997,-0.928
1020|LS035,wta-zhen-kalinsk-2026-10-01,151,1791022192000.0,False,-0.0,,,,
1020|LS035,wta-zhen-kalinsk-2026-10-01,152,1791022227000.0,True,0.010000000000000009,1791022233073.0,6.073,6.006,6.073
1020|LS035,wta-zhen-kalinsk-2026-10-01,153,1791022358000.0,False,0.02499999999999991,1791022358076.0,0.076,0.007,0.076
1020|LS035,wta-zhen-kalinsk-2026-10-01,154,1791022388000.0,False,0.020000000000000018,1791022384337.0,-3.663,-3.729,-3.663
1020|LS035,wta-zhen-kalinsk-2026-10-01,155,1791022418000.0,False,0.020000000000000018,1791022415426.0,-2.574,-2.639,-2.574
1020|LS035,wta-zhen-kalinsk-2026-10-01,156,1791022445000.0,True,0.0,,,,
1020|LS035,wta-zhen-kalinsk-2026-10-01,157,1791022629000.0,False,0.040000000000000036,1791022626040.0,-2.96,-3.025,-2.96
1020|LS035,wta-zhen-kalinsk-2026-10-01,158,1791022656000.0,False,0.025000000000000022,1791022653072.0,-2.928,-2.998,-2.928
1020|LS035,wta-zhen-kalinsk-2026-10-01,159,1791022677000.0,False,0.04999999999999993,1791022675126.0,-1.874,-1.95,-1.874
1020|LS035,wta-zhen-kalinsk-2026-10-01,160,1791022705000.0,False,0.06000000000000005,1791022703070.0,-1.93,-1.999,-1.93
1020|LS035,wta-zhen-kalinsk-2026-10-01,161,1791022747000.0,True,0.04999999999999993,1791022746100.0,-0.9,-0.967,-0.9
1020|LS035,wta-zhen-kalinsk-2026-10-01,162,1791023177000.0,False,0.030000000000000027,1791023174943.0,-2.057,-2.123,-2.057
1020|LS035,wta-zhen-kalinsk-2026-10-01,163,1791023224000.0,False,0.015000000000000013,1791023220074.0,-3.926,-3.997,-3.926
1020|LS035,wta-zhen-kalinsk-2026-10-01,164,1791023259000.0,False,0.0,,,,
1020|LS035,wta-zhen-kalinsk-2026-10-01,165,1791023284000.0,True,0.010000000000000009,1791023277082.0,-6.918,-6.995,-6.918
1020|LS035,wta-zhen-kalinsk-2026-10-01,166,1791023338000.0,False,0.020000000000000018,1791023335075.0,-2.925,-2.994,-2.925
1020|LS035,wta-zhen-kalinsk-2026-10-01,167,1791023355000.0,False,0.020000000000000018,1791023354095.0,-0.905,-0.972,-0.905
1020|LS035,wta-zhen-kalinsk-2026-10-01,168,1791023389000.0,False,0.020000000000000018,1791023387262.0,-1.738,-1.804,-1.738
1020|LS035,wta-zhen-kalinsk-2026-10-01,169,1791023407000.0,False,0.030000000000000027,1791023405072.0,-1.928,-1.998,-1.928
1020|LS035,wta-zhen-kalinsk-2026-10-01,170,1791023437000.0,True,0.030000000000000027,1791023431081.0,-5.919,-5.987,-5.919
1020|LS036,wta-bencic-zakharo-2026-10-01,138,1791020852000.0,False,-0.020499999999999963,,,,
1020|LS036,wta-bencic-zakharo-2026-10-01,139,1791020882000.0,False,0.020000000000000018,1791020878847.0,-3.153,-3.229,-3.153
1020|LS036,wta-bencic-zakharo-2026-10-01,140,1791020916000.0,False,0.015000000000000124,1791020914069.0,-1.931,-1.993,-1.931
1020|LS036,wta-bencic-zakharo-2026-10-01,141,1791020989000.0,False,-0.006000000000000005,,,,
1020|LS036,wta-bencic-zakharo-2026-10-01,142,1791021041000.0,False,0.0045000000000000595,,,,
1020|LS036,wta-bencic-zakharo-2026-10-01,143,1791021085000.0,False,-0.007000000000000117,,,,
1020|LS041,wta-su-bucsa-2026-10-02,1,1791022760000.0,False,0.010000000000000009,1791022757935.0,-2.065,-2.179,-2.065
1020|LS041,wta-su-bucsa-2026-10-02,2,1791022789000.0,False,0.010000000000000009,1791022787076.0,-1.924,-1.994,-1.924
1020|LS041,wta-su-bucsa-2026-10-02,3,1791022815000.0,False,0.010000000000000009,1791022814909.0,-0.091,-0.157,-0.091
1020|LS041,wta-su-bucsa-2026-10-02,4,1791022841000.0,False,0.0050000000000000044,,,,-4.504
1020|LS041,wta-su-bucsa-2026-10-02,5,1791022875000.0,False,0.034999999999999976,1791022874067.0,-0.933,-1.0,-0.933
1020|LS041,wta-su-bucsa-2026-10-02,6,1791022922000.0,True,0.03999999999999998,1791022919099.0,-2.901,-2.97,-2.901
1020|LS041,wta-su-bucsa-2026-10-02,7,1791022998000.0,False,0.010000000000000009,1791022996095.0,-1.905,-1.975,-1.905
1020|LS041,wta-su-bucsa-2026-10-02,8,1791023039000.0,False,0.010000000000000009,1791023038067.0,-0.933,-1.002,-0.933
1020|LS041,wta-su-bucsa-2026-10-02,9,1791023069000.0,False,0.040000000000000036,1791023067598.0,-1.402,-1.47,-1.402
1020|LS041,wta-su-bucsa-2026-10-02,10,1791023107000.0,False,0.030000000000000027,1791023106229.0,-0.771,-0.839,-0.771
1020|LS041,wta-su-bucsa-2026-10-02,11,1791023151000.0,False,0.030000000000000027,1791023149461.0,-1.539,-1.58,-1.539
1020|LS041,wta-su-bucsa-2026-10-02,12,1791023187000.0,True,0.05499999999999994,1791023185332.0,-1.668,-1.736,-1.668
1020|LS041,wta-su-bucsa-2026-10-02,13,1791023225000.0,False,0.030000000000000027,1791023224084.0,-0.916,-0.983,-0.916
1020|LS041,wta-su-bucsa-2026-10-02,14,1791023273000.0,False,0.025000000000000022,1791023271122.0,-1.878,-1.998,-1.878
1020|LS041,wta-su-bucsa-2026-10-02,15,1791023309000.0,False,0.030000000000000027,1791023307951.0,-1.049,-1.117,-1.049
1020|LS041,wta-su-bucsa-2026-10-02,16,1791023350000.0,False,0.03500000000000003,1791023347932.0,-2.068,-2.133,-2.068
1020|LS041,wta-su-bucsa-2026-10-02,17,1791023381000.0,False,0.030000000000000027,1791023380293.0,-0.707,-0.775,-0.707
1020|LS041,wta-su-bucsa-2026-10-02,18,1791023409000.0,False,0.03999999999999998,1791023406622.0,-2.378,-2.45,-2.378
1020|LS041,wta-su-bucsa-2026-10-02,19,1791023437000.0,False,0.030000000000000027,1791023434603.0,-2.397,-2.464,-2.397
1020|LS041,wta-su-bucsa-2026-10-02,20,1791023505000.0,True,0.06,1791023502279.0,-2.721,-2.801,-2.721
1020|LS041,wta-su-bucsa-2026-10-02,21,1791023652000.0,False,0.020000000000000018,1791023650309.0,-1.691,-1.758,-1.691
1020|LS041,wta-su-bucsa-2026-10-02,22,1791023690000.0,False,0.024999999999999967,1791023689067.0,-0.933,-1.0,-0.933
1020|LS041,wta-su-bucsa-2026-10-02,23,1791023730000.0,False,0.020000000000000018,1791023728764.0,-1.236,-1.306,-1.236
1020|LS041,wta-su-bucsa-2026-10-02,24,1791023772000.0,True,0.009999999999999953,1791023771420.0,-0.58,-0.646,-0.58
1020|LS041,wta-su-bucsa-2026-10-02,25,1791023806000.0,False,0.019999999999999962,1791023806074.0,0.074,0.0,0.074
1020|LS041,wta-su-bucsa-2026-10-02,26,1791023832000.0,False,0.020000000000000018,1791023829727.0,-2.273,-2.339,-2.273
1020|LS041,wta-su-bucsa-2026-10-02,27,1791023867000.0,False,0.030000000000000027,1791023865099.0,-1.901,-1.966,-1.901
1020|LS041,wta-su-bucsa-2026-10-02,28,1791023884000.0,False,0.030000000000000027,1791023882818.0,-1.182,-2.227,-1.182
1020|LS041,wta-su-bucsa-2026-10-02,29,1791023912000.0,False,0.010000000000000009,1791023910686.0,-1.314,-1.783,-1.314
1020|LS041,wta-su-bucsa-2026-10-02,30,1791023950000.0,True,0.034999999999999976,1791023947958.0,-2.042,-2.144,-2.042
1020|LS041,wta-su-bucsa-2026-10-02,31,1791024086000.0,False,0.020000000000000018,1791024085489.0,-0.511,-0.579,-0.511
1020|LS041,wta-su-bucsa-2026-10-02,32,1791024110000.0,False,0.020000000000000018,1791024109363.0,-0.637,-0.705,-0.637
1020|LS041,wta-su-bucsa-2026-10-02,33,1791024146000.0,False,0.03500000000000003,1791024144096.0,-1.904,-1.969,-1.904
1020|LS041,wta-su-bucsa-2026-10-02,34,1791024190000.0,False,0.05500000000000005,1791024188487.0,-1.513,-1.579,-1.513
1020|LS041,wta-su-bucsa-2026-10-02,35,1791024251000.0,False,0.03999999999999998,1791024250729.0,-0.271,-0.34,-0.271
1020|LS041,wta-su-bucsa-2026-10-02,36,1791024295000.0,True,0.025000000000000022,1791024293092.0,-1.908,-1.986,-1.908
1020|LS041,wta-su-bucsa-2026-10-02,37,1791024343000.0,False,0.019999999999999962,1791024341072.0,-1.928,-1.999,-1.928
1020|LS041,wta-su-bucsa-2026-10-02,38,1791024371000.0,False,0.02999999999999997,1791024371079.0,0.079,0.009,0.079
1020|LS041,wta-su-bucsa-2026-10-02,39,1791024423000.0,False,0.025000000000000022,1791024420113.0,-2.887,-2.96,-2.887
1020|LS041,wta-su-bucsa-2026-10-02,40,1791024471000.0,False,0.025000000000000022,1791024469913.0,-1.087,-1.152,-1.087
1020|LS041,wta-su-bucsa-2026-10-02,41,1791024509000.0,False,0.020000000000000018,1791024507157.0,-1.843,-1.946,-1.843
1020|LS041,wta-su-bucsa-2026-10-02,42,1791024532000.0,False,0.040000000000000036,1791024531729.0,-0.271,-0.346,-0.271
1020|LS041,wta-su-bucsa-2026-10-02,43,1791024564000.0,False,0.04999999999999999,1791024562399.0,-1.601,-1.669,-1.601
1020|LS041,wta-su-bucsa-2026-10-02,44,1791024586000.0,False,-0.03999999999999998,,,,
1020|LS041,wta-su-bucsa-2026-10-02,45,1791024613000.0,False,0.04999999999999999,1791024610997.0,-2.003,-2.183,-2.003
1020|LS041,wta-su-bucsa-2026-10-02,46,1791024634000.0,True,0.02999999999999997,1791024632067.0,-1.933,-1.999,-1.933
1020|LS041,wta-su-bucsa-2026-10-02,47,1791024754000.0,False,0.019999999999999962,1791024752740.0,-1.26,-1.335,-1.26
1020|LS041,wta-su-bucsa-2026-10-02,48,1791024778000.0,False,0.020000000000000018,1791024772975.0,-5.025,-5.09,-5.025
1020|LS041,wta-su-bucsa-2026-10-02,49,1791024798000.0,False,0.020000000000000018,1791024795447.0,-2.553,-2.619,-2.553
1020|LS041,wta-su-bucsa-2026-10-02,50,1791024827000.0,True,0.009999999999999953,1791024825670.0,-1.33,-1.395,-1.33
1020|LS041,wta-su-bucsa-2026-10-02,51,1791024853000.0,False,0.019999999999999962,1791024850752.0,-2.248,-2.314,-2.248
1020|LS041,wta-su-bucsa-2026-10-02,52,1791024877000.0,False,0.03999999999999998,1791024875765.0,-1.235,-1.303,-1.235
1020|LS041,wta-su-bucsa-2026-10-02,53,1791024912000.0,False,0.02999999999999997,1791024910648.0,-1.352,-1.417,-1.352
1020|LS041,wta-su-bucsa-2026-10-02,54,1791024964000.0,False,0.03999999999999998,1791024962074.0,-1.926,-1.994,-1.926
1020|LS041,wta-su-bucsa-2026-10-02,55,1791024988000.0,True,0.020000000000000018,1791024985800.0,-2.2,-2.266,-2.2
1020|LS041,wta-su-bucsa-2026-10-02,56,1791025127000.0,False,0.03999999999999998,1791025125121.0,-1.879,-1.945,-1.879
1020|LS041,wta-su-bucsa-2026-10-02,57,1791025149000.0,False,0.06,1791025149068.0,0.068,0.001,0.068
1020|LS041,wta-su-bucsa-2026-10-02,58,1791025183000.0,False,0.06,1791025182079.0,-0.921,-1.0,-0.921
1020|LS041,wta-su-bucsa-2026-10-02,59,1791025228000.0,False,0.06,1791025226079.0,-1.921,-1.987,-1.921
1020|LS041,wta-su-bucsa-2026-10-02,60,1791025268000.0,True,0.04499999999999993,1791025267101.0,-0.899,-0.965,-0.899
1020|LS041,wta-su-bucsa-2026-10-02,61,1791025426000.0,False,0.019999999999999907,1791025421146.0,-4.854,-4.919,-4.854
1020|LS041,wta-su-bucsa-2026-10-02,62,1791025457000.0,False,0.030000000000000027,1791025455086.0,-1.914,-1.995,-1.914
1020|LS041,wta-su-bucsa-2026-10-02,63,1791025494000.0,False,0.030000000000000027,1791025492680.0,-1.32,-1.421,-1.32
1020|LS041,wta-su-bucsa-2026-10-02,64,1791025516000.0,True,0.02999999999999997,1791025514164.0,-1.836,-1.903,-1.836
1020|LS041,wta-su-bucsa-2026-10-02,65,1791025589000.0,False,0.020000000000000018,1791025587118.0,-1.882,-1.948,-1.882
1020|LS041,wta-su-bucsa-2026-10-02,66,1791025621000.0,False,0.019999999999999962,1791025620483.0,-0.517,-0.583,-0.517
1020|LS041,wta-su-bucsa-2026-10-02,67,1791025648000.0,False,0.020000000000000018,1791025641187.0,-6.813,-6.891,-6.813
1020|LS041,wta-su-bucsa-2026-10-02,68,1791025674000.0,True,0.010000000000000009,1791025672816.0,-1.184,-1.252,-1.184
1020|LS041,wta-su-bucsa-2026-10-02,69,1791025706000.0,False,0.020000000000000018,1791025706079.0,0.079,0.005,0.079
1020|LS041,wta-su-bucsa-2026-10-02,70,1791025721000.0,False,0.020000000000000018,1791025721087.0,0.087,0.001,0.087
1020|LS041,wta-su-bucsa-2026-10-02,71,1791025756000.0,False,0.010000000000000009,1791025755252.0,-0.748,-0.813,-0.748
1020|LS041,wta-su-bucsa-2026-10-02,72,1791025785000.0,False,0.010000000000000009,1791025783471.0,-1.529,-1.593,-1.529
1020|LS041,wta-su-bucsa-2026-10-02,73,1791025804000.0,True,0.019999999999999962,1791025801262.0,-2.738,-2.95,-2.738
1020|LS041,wta-su-bucsa-2026-10-02,74,1791025933000.0,False,0.03999999999999998,1791025932094.0,-0.906,-0.97,-0.906
1020|LS041,wta-su-bucsa-2026-10-02,75,1791025959000.0,False,0.019999999999999962,1791025956309.0,-2.691,-2.774,-2.691
1020|LS041,wta-su-bucsa-2026-10-02,76,1791025987000.0,False,0.0,,,,
1020|LS041,wta-su-bucsa-2026-10-02,77,1791026013000.0,False,0.10000000000000003,1791026018685.0,5.685,5.159,5.685
1020|LS041,wta-su-bucsa-2026-10-02,78,1791026055000.0,True,0.039999999999999925,1791026052889.0,-2.111,-2.147,-2.111
1020|LS041,wta-su-bucsa-2026-10-02,79,1791026122000.0,False,0.039999999999999925,1791026116066.0,-5.934,-5.999,-5.934
1020|LS041,wta-su-bucsa-2026-10-02,80,1791026154000.0,False,0.030000000000000027,1791026153687.0,-0.313,-0.38,-0.313
1020|LS041,wta-su-bucsa-2026-10-02,81,1791026181000.0,False,0.030000000000000027,1791026179077.0,-1.923,-1.987,-1.923
1020|LS041,wta-su-bucsa-2026-10-02,82,1791026229000.0,False,0.05999999999999994,1791026227109.0,-1.891,-1.988,-1.891
1020|LS041,wta-su-bucsa-2026-10-02,83,1791026257000.0,False,0.05499999999999994,1791026256068.0,-0.932,-1.0,-0.932
1020|LS041,wta-su-bucsa-2026-10-02,84,1791026286000.0,False,0.040000000000000036,1791026285578.0,-0.422,-0.486,-0.422
1020|LS041,wta-su-bucsa-2026-10-02,85,1791026332000.0,False,0.020000000000000018,1791026330122.0,-1.878,-1.948,-1.878
1020|LS041,wta-su-bucsa-2026-10-02,86,1791026391000.0,False,0.07499999999999996,1791026390075.0,-0.925,-0.987,-0.925
1020|LS041,wta-su-bucsa-2026-10-02,87,1791026455000.0,False,0.06000000000000005,1791026453079.0,-1.921,-1.984,-1.921
1020|LS041,wta-su-bucsa-2026-10-02,88,1791026484000.0,True,0.040000000000000036,1791026482086.0,-1.914,-1.981,-1.914
1020|LS041,wta-su-bucsa-2026-10-02,89,1791026603000.0,False,0.030000000000000027,1791026601105.0,-1.895,-1.96,-1.895
1020|LS041,wta-su-bucsa-2026-10-02,90,1791026640000.0,False,0.025000000000000022,1791026639690.0,-0.31,-0.473,-0.31
1020|LS041,wta-su-bucsa-2026-10-02,91,1791026733000.0,False,0.040000000000000036,1791026731740.0,-1.26,-1.323,-1.26
1020|LS041,wta-su-bucsa-2026-10-02,92,1791026774000.0,False,0.040000000000000036,1791026772284.0,-1.716,-1.78,-1.716
1020|LS041,wta-su-bucsa-2026-10-02,93,1791026803000.0,True,0.020000000000000018,1791026803366.0,0.366,-0.955,0.366
1020|LS041,wta-su-bucsa-2026-10-02,94,1791026859000.0,False,0.04499999999999993,1791026857425.0,-1.575,-1.643,-1.575
1020|LS041,wta-su-bucsa-2026-10-02,95,1791026902000.0,False,0.050000000000000044,1791026901084.0,-0.916,-0.994,-0.916
1020|LS041,wta-su-bucsa-2026-10-02,96,1791026923000.0,False,0.020000000000000018,1791026923080.0,0.08,0.009,0.08
1020|LS041,wta-su-bucsa-2026-10-02,97,1791026959000.0,False,0.050000000000000044,1791026959069.0,0.069,0.002,0.069
1020|LS041,wta-su-bucsa-2026-10-02,98,1791026994000.0,True,0.040000000000000036,1791026992069.0,-1.931,-1.994,-1.931
1020|LS041,wta-su-bucsa-2026-10-02,99,1791027112000.0,False,0.040000000000000036,1791027113118.0,1.118,0.005,1.118
1020|LS041,wta-su-bucsa-2026-10-02,100,1791027154000.0,False,0.040000000000000036,1791027156256.0,2.256,-0.907,2.256
1020|LS041,wta-su-bucsa-2026-10-02,101,1791027178000.0,False,-0.0,,,-1.39,
1020|LS041,wta-su-bucsa-2026-10-02,102,1791027201000.0,False,0.050000000000000044,1791027199721.0,-1.279,-1.346,-1.279
1020|LS041,wta-su-bucsa-2026-10-02,103,1791027228000.0,False,0.05499999999999994,1791027226082.0,-1.918,-1.987,-1.918
1020|LS041,wta-su-bucsa-2026-10-02,104,1791027261000.0,True,0.06000000000000005,1791027259107.0,-1.893,-1.981,-1.893
1020|LS041,wta-su-bucsa-2026-10-02,105,1791027298000.0,False,0.06499999999999995,1791027296291.0,-1.709,-1.789,-1.709
1020|LS041,wta-su-bucsa-2026-10-02,106,1791027326000.0,False,0.06999999999999995,1791027324857.0,-1.143,-1.213,-1.143
1020|LS041,wta-su-bucsa-2026-10-02,107,1791027359000.0,False,0.06499999999999995,1791027357432.0,-1.568,-1.697,-1.568
1020|LS041,wta-su-bucsa-2026-10-02,108,1791027390000.0,False,0.06000000000000005,1791027388754.0,-1.246,-1.381,-1.246
1020|LS041,wta-su-bucsa-2026-10-02,109,1791027440000.0,False,0.08000000000000007,1791027437159.0,-2.841,-2.986,-2.841
1020|LS041,wta-su-bucsa-2026-10-02,110,1791027461000.0,True,0.06999999999999995,1791027458068.0,-2.932,-2.997,-2.932
1020|LS041,wta-su-bucsa-2026-10-02,111,1791027588000.0,False,0.05500000000000005,1791027587067.0,-0.933,-0.998,-0.933
1020|LS041,wta-su-bucsa-2026-10-02,112,1791027611000.0,False,0.06000000000000005,1791027608093.0,-2.907,-2.982,-2.907
1020|LS041,wta-su-bucsa-2026-10-02,113,1791027643000.0,False,0.039999999999999925,1791027641049.0,-1.951,-2.013,-1.951
1020|LS041,wta-su-bucsa-2026-10-02,114,1791027674000.0,False,0.050000000000000044,1791027671504.0,-2.496,-2.59,-2.496
1020|LS041,wta-su-bucsa-2026-10-02,115,1791027697000.0,True,0.030000000000000027,1791027695070.0,-1.93,-1.997,-1.93
1020|LS041,wta-su-bucsa-2026-10-02,116,1791027747000.0,False,0.05999999999999994,1791027745074.0,-1.926,-1.992,-1.926
1020|LS041,wta-su-bucsa-2026-10-02,117,1791027783000.0,False,0.04999999999999993,1791027782070.0,-0.93,-0.991,-0.93
1020|LS041,wta-su-bucsa-2026-10-02,118,1791027803000.0,False,0.05999999999999994,1791027801897.0,-1.103,-1.174,-1.103
1020|LS041,wta-su-bucsa-2026-10-02,119,1791027821000.0,False,0.05999999999999994,1791027818863.0,-2.137,-2.212,-2.137
1020|LS041,wta-su-bucsa-2026-10-02,120,1791027851000.0,False,0.08999999999999997,1791027849263.0,-1.737,-1.799,-1.737
1020|LS041,wta-su-bucsa-2026-10-02,121,1791027893000.0,False,0.09999999999999998,1791027891177.0,-1.823,-1.887,-1.823
1020|LS041,wta-su-bucsa-2026-10-02,122,1791027910000.0,False,0.08000000000000007,1791027909080.0,-0.92,-1.0,-0.92
1020|LS041,wta-su-bucsa-2026-10-02,123,1791027942000.0,True,0.06999999999999995,1791027939124.0,-2.876,-2.994,-2.876
1020|LS041,wta-su-bucsa-2026-10-02,124,1791028064000.0,False,0.07000000000000006,1791028063081.0,-0.919,-0.988,-0.919
1020|LS041,wta-su-bucsa-2026-10-02,125,1791028106000.0,False,0.07499999999999996,1791028105081.0,-0.919,-0.982,-0.919
1020|LS041,wta-su-bucsa-2026-10-02,126,1791028139000.0,False,0.07999999999999996,1791028136343.0,-2.657,-2.72,-2.657
1020|LS044,wta-jovic-dart-2026-10-02,79,1791020926000.0,False,0.020000000000000018,1791020924449.0,-1.551,-1.614,-1.551
1020|LS044,wta-jovic-dart-2026-10-02,80,1791020979000.0,False,0.020000000000000018,1791020977841.0,-1.159,-1.225,-1.159
1020|LS044,wta-jovic-dart-2026-10-02,81,1791021013000.0,False,0.030000000000000027,1791021011454.0,-1.546,-1.609,-1.546
1020|LS044,wta-jovic-dart-2026-10-02,82,1791021059000.0,False,0.03500000000000003,1791021059073.0,0.073,0.005,0.073
1020|LS044,wta-jovic-dart-2026-10-02,83,1791021115000.0,False,0.040000000000000036,1791021114075.0,-0.925,-0.995,-0.925
1020|LS044,wta-jovic-dart-2026-10-02,84,1791021164000.0,True,0.04999999999999993,1791021162513.0,-1.487,-1.55,-1.487
1020|LS044,wta-jovic-dart-2026-10-02,85,1791021211000.0,False,0.020000000000000018,1791021209194.0,-1.806,-1.872,-1.806
1020|LS044,wta-jovic-dart-2026-10-02,86,1791021242000.0,False,0.020000000000000018,1791021239993.0,-2.007,-2.106,-2.007
1020|LS044,wta-jovic-dart-2026-10-02,87,1791021291000.0,False,0.020000000000000018,1791021290357.0,-0.643,-0.706,-0.643
1020|LS044,wta-jovic-dart-2026-10-02,88,1791021359000.0,False,0.030000000000000027,1791021356929.0,-2.071,-2.136,-2.071
1020|LS044,wta-jovic-dart-2026-10-02,89,1791021419000.0,False,0.03500000000000003,1791021418322.0,-0.678,-0.742,-0.678
1020|LS044,wta-jovic-dart-2026-10-02,90,1791021471000.0,False,0.030000000000000027,1791021469873.0,-1.127,-1.191,-1.127
1020|LS044,wta-jovic-dart-2026-10-02,91,1791021531000.0,False,0.04499999999999993,1791021530608.0,-0.392,-0.61,-0.392
1020|LS044,wta-jovic-dart-2026-10-02,92,1791021572000.0,False,-0.029999999999999916,,,,
1020|LS044,wta-jovic-dart-2026-10-02,93,1791021681000.0,False,0.03499999999999992,1791021680582.0,-0.418,-0.487,-0.418
1020|LS044,wta-jovic-dart-2026-10-02,94,1791021750000.0,False,-0.04499999999999993,,,,
1020|LS044,wta-jovic-dart-2026-10-02,95,1791021803000.0,False,0.025000000000000022,1791021802239.0,-0.761,-0.836,-0.761
1020|LS044,wta-jovic-dart-2026-10-02,96,1791021843000.0,False,0.030000000000000027,1791021842801.0,-0.199,-0.276,-0.199
1020|LS044,wta-jovic-dart-2026-10-02,97,1791021877000.0,False,0.04999999999999993,1791021876431.0,-0.569,-0.635,-0.569
1020|LS044,wta-jovic-dart-2026-10-02,98,1791021926000.0,False,-0.019999999999999907,,,,
1020|LS044,wta-jovic-dart-2026-10-02,99,1791021958000.0,False,0.039999999999999925,1791021956707.0,-1.293,-1.359,-1.293
1020|LS044,wta-jovic-dart-2026-10-02,100,1791021994000.0,True,0.050000000000000044,1791021992079.0,-1.921,-1.991,-1.921
1020|LS044,wta-jovic-dart-2026-10-02,101,1791022137000.0,False,0.025000000000000022,1791022135575.0,-1.425,-1.498,-1.425
1020|LS044,wta-jovic-dart-2026-10-02,102,1791022176000.0,False,0.020000000000000018,1791022174952.0,-1.048,-1.115,-1.048
1020|LS044,wta-jovic-dart-2026-10-02,103,1791022210000.0,False,0.030000000000000027,1791022209070.0,-0.93,-0.999,-0.93
1020|LS044,wta-jovic-dart-2026-10-02,104,1791022237000.0,False,0.030000000000000027,1791022237107.0,0.107,0.04,0.107
1020|LS044,wta-jovic-dart-2026-10-02,105,1791022315000.0,False,0.040000000000000036,1791022313621.0,-1.379,-1.445,-1.379
1020|LS044,wta-jovic-dart-2026-10-02,106,1791022393000.0,False,0.040000000000000036,1791022391164.0,-1.836,-1.909,-1.836
1020|LS044,wta-jovic-dart-2026-10-02,107,1791022467000.0,False,0.050000000000000044,1791022467356.0,0.356,0.004,0.356
1020|LS044,wta-jovic-dart-2026-10-02,108,1791022539000.0,True,0.04999999999999993,1791022537423.0,-1.577,-1.644,-1.577
1020|LS044,wta-jovic-dart-2026-10-02,109,1791022618000.0,False,0.020000000000000018,1791022616807.0,-1.193,-1.262,-1.193
1020|LS044,wta-jovic-dart-2026-10-02,110,1791022648000.0,False,0.020000000000000018,1791022647069.0,-0.931,-0.998,-0.931
1020|LS044,wta-jovic-dart-2026-10-02,111,1791022689000.0,False,0.010000000000000009,1791022686888.0,-2.112,-2.185,-2.112
1020|LS044,wta-jovic-dart-2026-10-02,112,1791022724000.0,False,0.025000000000000022,1791022721897.0,-2.103,-2.259,-2.103
1020|LS044,wta-jovic-dart-2026-10-02,113,1791022753000.0,True,0.020000000000000018,1791022752073.0,-0.927,-1.0,-0.927
1020|LS044,wta-jovic-dart-2026-10-02,114,1791022901000.0,False,0.010000000000000009,1791022898470.0,-2.53,-2.597,-2.53
1020|LS044,wta-jovic-dart-2026-10-02,115,1791022926000.0,False,0.010000000000000009,1791022925067.0,-0.933,-1.0,-0.933
1020|LS044,wta-jovic-dart-2026-10-02,116,1791022968000.0,False,0.010000000000000009,1791022968076.0,0.076,0.0,0.076
1020|LS044,wta-jovic-dart-2026-10-02,117,1791023016000.0,False,0.010000000000000009,1791023014824.0,-1.176,-1.337,-1.176
1020|LS044,wta-jovic-dart-2026-10-02,118,1791023065000.0,True,0.020000000000000018,1791023063097.0,-1.903,-1.969,-1.903
1020|LS044,wta-jovic-dart-2026-10-02,119,1791023129000.0,False,0.015000000000000013,1791023128284.0,-0.716,-0.781,-0.716
1020|LS044,wta-jovic-dart-2026-10-02,120,1791023177000.0,False,0.020000000000000018,1791023176154.0,-0.846,-0.975,-0.846
1020|LS044,wta-jovic-dart-2026-10-02,121,1791023208000.0,False,0.010000000000000009,1791023207328.0,-0.672,-0.74,-0.672
1020|LS044,wta-jovic-dart-2026-10-02,122,1791023235000.0,False,0.020000000000000018,1791023233404.0,-1.596,-1.664,-1.596
1020|LS044,wta-jovic-dart-2026-10-02,123,1791023264000.0,True,0.020000000000000018,1791023256927.0,-7.073,-7.141,-7.073
1020|LS044,wta-jovic-dart-2026-10-02,124,1791023409000.0,False,0.029999999999999916,1791023406906.0,-2.094,-2.23,-2.094
1020|LS044,wta-jovic-dart-2026-10-02,125,1791023441000.0,False,0.03499999999999992,1791023441077.0,0.077,0.007,0.077
1020|LS044,wta-jovic-dart-2026-10-02,126,1791023476000.0,False,0.015000000000000013,1791023473168.0,-2.832,-2.899,-2.832
1020|LS044,wta-jovic-dart-2026-10-02,127,1791023521000.0,False,0.020000000000000018,1791023520506.0,-0.494,-0.562,-0.494
1020|LS044,wta-jovic-dart-2026-10-02,128,1791023552000.0,False,0.020000000000000018,1791023550972.0,-1.028,-1.157,-1.028
1020|LS044,wta-jovic-dart-2026-10-02,129,1791023596000.0,True,0.040000000000000036,1791023593531.0,-2.469,-2.539,-2.469
1020|LS044,wta-jovic-dart-2026-10-02,130,1791023757000.0,False,0.020000000000000018,1791023755069.0,-1.931,-1.997,-1.931
1020|LS044,wta-jovic-dart-2026-10-02,131,1791023810000.0,False,0.020000000000000018,1791023808427.0,-1.573,-1.64,-1.573
1020|LS044,wta-jovic-dart-2026-10-02,132,1791023866000.0,False,0.020000000000000018,1791023865310.0,-0.69,-0.764,-0.69
1020|LS044,wta-jovic-dart-2026-10-02,133,1791023923000.0,False,0.015000000000000013,1791023922656.0,-0.344,-0.659,-0.344
1020|LS044,wta-jovic-dart-2026-10-02,134,1791023957000.0,False,0.010000000000000009,1791023955687.0,-1.313,-1.378,-1.313
1020|LS044,wta-jovic-dart-2026-10-02,135,1791024029000.0,True,0.020000000000000018,1791024027553.0,-1.447,-1.637,-1.447
1020|LS044,wta-jovic-dart-2026-10-02,136,1791024102000.0,False,0.02499999999999991,1791024100627.0,-1.373,-1.441,-1.373
1020|LS044,wta-jovic-dart-2026-10-02,137,1791024150000.0,False,0.015000000000000013,1791024151072.0,1.072,1.007,1.072
1020|LS044,wta-jovic-dart-2026-10-02,138,1791024188000.0,False,0.020000000000000018,1791024184560.0,-3.44,-3.507,-3.44
1020|LS044,wta-jovic-dart-2026-10-02,139,1791024227000.0,False,0.025000000000000022,1791024226522.0,-0.478,-0.545,-0.478
1020|LS044,wta-jovic-dart-2026-10-02,140,1791024274000.0,False,0.0,,,,
1020|LS044,wta-jovic-dart-2026-10-02,141,1791024308000.0,False,0.030000000000000027,1791024306689.0,-1.311,-1.378,-1.311
1020|LS044,wta-jovic-dart-2026-10-02,142,1791024362000.0,False,0.030000000000000027,1791024360079.0,-1.921,-1.994,-1.921
1020|LS044,wta-jovic-dart-2026-10-02,143,1791024395000.0,True,0.030000000000000027,1791024391069.0,-3.931,-3.999,-3.931
1020|LS044,wta-jovic-dart-2026-10-02,144,1791024542000.0,False,0.040000000000000036,1791024541151.0,-0.849,-0.998,-0.849
1020|LS044,wta-jovic-dart-2026-10-02,145,1791024577000.0,False,0.030000000000000027,1791024573383.0,-3.617,-3.684,-3.617
1020|LS044,wta-jovic-dart-2026-10-02,146,1791024627000.0,False,0.025000000000000022,1791024624878.0,-2.122,-2.187,-2.122
1020|LS044,wta-jovic-dart-2026-10-02,147,1791024677000.0,False,0.040000000000000036,1791024677078.0,0.078,0.013,0.078
1020|LS044,wta-jovic-dart-2026-10-02,148,1791024722000.0,False,0.030000000000000027,1791024721348.0,-0.652,-0.719,-0.652
1020|LS044,wta-jovic-dart-2026-10-02,149,1791024761000.0,False,0.030000000000000027,1791024758762.0,-2.238,-2.314,-2.238
1020|LS044,wta-jovic-dart-2026-10-02,150,1791024803000.0,False,0.025000000000000022,1791024799998.0,-3.002,-3.074,-3.002
1020|LS044,wta-jovic-dart-2026-10-02,151,1791024846000.0,True,0.020000000000000018,1791024842632.0,-3.368,-3.434,-3.368
1020|LS044,wta-jovic-dart-2026-10-02,152,1791024889000.0,False,0.010000000000000009,1791024889072.0,0.072,0.003,0.072
1020|LS044,wta-jovic-dart-2026-10-02,153,1791024938000.0,False,0.020000000000000018,1791024937068.0,-0.932,-0.998,-0.932
1020|LS044,wta-jovic-dart-2026-10-02,154,1791024985000.0,False,0.010000000000000009,1791024983157.0,-1.843,-1.909,-1.843
1020|LS044,wta-jovic-dart-2026-10-02,155,1791025050000.0,False,0.020000000000000018,1791025048812.0,-1.188,-1.254,-1.188
1020|LS044,wta-jovic-dart-2026-10-02,156,1791025099000.0,False,0.030000000000000027,1791025098069.0,-0.931,-0.998,-0.931
1020|LS044,wta-jovic-dart-2026-10-02,157,1791025140000.0,False,0.030000000000000027,1791025137496.0,-2.504,-2.574,-2.504
1020|LS044,wta-jovic-dart-2026-10-02,158,1791025193000.0,False,0.030000000000000027,1791025192078.0,-0.922,-0.989,-0.922
1020|LS044,wta-jovic-dart-2026-10-02,159,1791025228000.0,True,0.040000000000000036,1791025227083.0,-0.917,0.002,-0.917
1020|LS044,wta-jovic-dart-2026-10-02,160,1791025349000.0,False,0.040000000000000036,1791025347988.0,-1.012,-1.077,-1.012
1020|LS044,wta-jovic-dart-2026-10-02,161,1791025397000.0,False,0.06499999999999995,1791025393647.0,-3.353,-3.42,-3.353
1020|LS044,wta-jovic-dart-2026-10-02,162,1791025432000.0,False,0.050000000000000044,1791025431007.0,-0.993,-1.058,-0.993
1020|LS044,wta-jovic-dart-2026-10-02,163,1791025470000.0,False,0.020000000000000018,1791025464612.0,-5.388,-5.455,-5.388
1020|LS044,wta-jovic-dart-2026-10-02,164,1791025496000.0,False,0.030000000000000027,1791025494650.0,-1.35,-1.469,-1.35
1020|LS044,wta-jovic-dart-2026-10-02,165,1791025537000.0,False,0.06499999999999995,1791025535659.0,-1.341,-1.413,-1.341
1020|LS044,wta-jovic-dart-2026-10-02,166,1791025600000.0,False,0.05499999999999994,1791025592068.0,-7.932,-1.215,-7.932
1020|LS044,wta-jovic-dart-2026-10-02,167,1791025639000.0,False,-0.05999999999999994,,,,
1020|LS044,wta-jovic-dart-2026-10-02,168,1791025701000.0,False,0.03499999999999992,1791025699547.0,-1.453,-1.52,-1.453
1020|LS044,wta-jovic-dart-2026-10-02,169,1791025738000.0,True,0.1050000000000001,1791025735371.0,-2.629,-2.778,-2.629
1020|LS044,wta-jovic-dart-2026-10-02,170,1791025807000.0,False,0.06499999999999995,1791025806241.0,-0.759,-0.992,-0.759
1020|LS044,wta-jovic-dart-2026-10-02,171,1791025871000.0,False,0.03499999999999992,1791025869111.0,-1.889,-1.954,-1.889
1020|LS044,wta-jovic-dart-2026-10-02,172,1791025912000.0,False,0.06000000000000005,1791025910071.0,-1.929,-1.994,-1.929
1020|LS044,wta-jovic-dart-2026-10-02,173,1791025964000.0,False,0.03499999999999992,1791025962079.0,-1.921,-1.988,-1.921
1020|LS044,wta-jovic-dart-2026-10-02,174,1791025998000.0,False,-0.0,,,,
1020|LS044,wta-jovic-dart-2026-10-02,175,1791026074000.0,True,0.07000000000000006,1791026071074.0,-2.926,-2.989,-2.926
1020|LS044,wta-jovic-dart-2026-10-02,176,1791026200000.0,False,0.06000000000000005,1791026198726.0,-1.274,-1.343,-1.274
1020|LS044,wta-jovic-dart-2026-10-02,177,1791026241000.0,False,0.040000000000000036,1791026238488.0,-2.512,-2.574,-2.512
1020|LS044,wta-jovic-dart-2026-10-02,178,1791026284000.0,False,0.03500000000000003,1791026283072.0,-0.928,-0.995,-0.928
1020|LS044,wta-jovic-dart-2026-10-02,179,1791026319000.0,False,0.03500000000000003,1791026314826.0,-4.174,-4.239,-4.174
1020|LS044,wta-jovic-dart-2026-10-02,180,1791026360000.0,False,0.020000000000000018,1791026359099.0,-0.901,-0.965,-0.901
1020|LS044,wta-jovic-dart-2026-10-02,181,1791026411000.0,True,0.03499999999999992,1791026406308.0,-4.692,-4.754,-4.692
1020|LS044,wta-jovic-dart-2026-10-02,182,1791026473000.0,False,0.014999999999999902,1791026473364.0,0.364,0.302,0.364
1020|LS044,wta-jovic-dart-2026-10-02,183,1791026502000.0,False,0.019999999999999907,1791026497644.0,-4.356,-4.42,-4.356
1020|LS044,wta-jovic-dart-2026-10-02,184,1791026538000.0,False,0.019999999999999907,1791026538088.0,0.088,0.005,0.088
1020|LS044,wta-jovic-dart-2026-10-02,185,1791026567000.0,False,0.020000000000000018,1791026564970.0,-2.03,-2.093,-2.03
1020|LS044,wta-jovic-dart-2026-10-02,186,1791026599000.0,False,0.010000000000000009,1791026598212.0,-0.788,-0.85,-0.788
1020|LS044,wta-jovic-dart-2026-10-02,187,1791026668000.0,False,0.019999999999999907,1791026661722.0,-6.278,-6.341,-6.278
1020|LS044,wta-jovic-dart-2026-10-02,188,1791026705000.0,False,0.020000000000000018,1791026703080.0,-1.92,-1.995,-1.92
1020|LS044,wta-jovic-dart-2026-10-02,189,1791026738000.0,False,0.019999999999999907,1791026733406.0,-4.594,-4.656,-4.594
1020|LS044,wta-jovic-dart-2026-10-02,190,1791026825000.0,False,0.020000000000000018,1791026824093.0,-0.907,-0.972,-0.907
1020|LS045,wta-rakhimo-fernand-2026-10-01,164,1791020889000.0,False,0.07499999999999996,1791020887071.0,-1.929,-1.995,-1.929
1020|LS045,wta-rakhimo-fernand-2026-10-01,165,1791020922000.0,False,0.04500000000000004,1791020917716.0,-4.284,-4.348,-4.284
1020|LS045,wta-rakhimo-fernand-2026-10-01,166,1791020950000.0,False,0.04999999999999993,1791020947065.0,-2.935,-3.0,-2.935
1020|LS045,wta-rakhimo-fernand-2026-10-01,167,1791021016000.0,False,0.010000000000000009,1791021015217.0,-0.783,-0.848,-0.783
1020|LS045,wta-rakhimo-fernand-2026-10-01,168,1791021071000.0,False,0.04500000000000004,1791021067070.0,-3.93,-3.995,-3.93
1020|LS045,wta-rakhimo-fernand-2026-10-01,169,1791021121000.0,True,0.08999999999999997,1791021120074.0,-0.926,-0.989,-0.926
1020|LS045,wta-rakhimo-fernand-2026-10-01,170,1791021211000.0,False,0.04499999999999993,1791021209867.0,-1.133,-1.227,-1.133
1020|LS045,wta-rakhimo-fernand-2026-10-01,171,1791021244000.0,False,0.030000000000000027,1791021242617.0,-1.383,-1.45,-1.383
1020|LS045,wta-rakhimo-fernand-2026-10-01,172,1791021312000.0,False,0.050000000000000044,1791021310071.0,-1.929,-1.994,-1.929
1020|LS045,wta-rakhimo-fernand-2026-10-01,173,1791021383000.0,False,0.05500000000000005,1791021381077.0,-1.923,-1.988,-1.923
1020|LS045,wta-rakhimo-fernand-2026-10-01,174,1791021421000.0,False,0.039999999999999925,1791021417942.0,-3.058,-3.121,-3.058
1020|LS045,wta-rakhimo-fernand-2026-10-01,175,1791021446000.0,False,0.039999999999999925,1791021445080.0,-0.92,-0.99,-0.92
1020|LS045,wta-rakhimo-fernand-2026-10-01,176,1791021478000.0,False,0.039999999999999925,1791021475282.0,-2.718,-2.83,-2.718
1020|LS045,wta-rakhimo-fernand-2026-10-01,177,1791021507000.0,False,0.039999999999999925,1791021505069.0,-1.931,-1.994,-1.931
1020|LS045,wta-rakhimo-fernand-2026-10-01,178,1791021536000.0,False,0.07000000000000006,1791021534118.0,-1.882,-1.994,-1.882
1020|LS045,wta-rakhimo-fernand-2026-10-01,179,1791021566000.0,False,-0.06000000000000005,,,,
1020|LS045,wta-rakhimo-fernand-2026-10-01,180,1791021612000.0,False,0.050000000000000044,1791021609239.0,-2.761,-2.825,-2.761
1179|LS003,wta-andree-boisson-2026-10-03,1,1791029400000.0,False,0.03500000000000003,1791029399077.0,-0.923,-1.0,-0.923
1179|LS003,wta-andree-boisson-2026-10-03,2,1791029432000.0,False,0.030000000000000027,1791029428714.0,-3.286,-3.352,-3.286
1179|LS003,wta-andree-boisson-2026-10-03,3,1791029459000.0,False,0.025000000000000022,1791029459095.0,0.095,0.025,0.095
1179|LS003,wta-andree-boisson-2026-10-03,4,1791029489000.0,False,0.014999999999999958,1791029487736.0,-1.264,-1.341,-1.264
1179|LS003,wta-andree-boisson-2026-10-03,5,1791029519000.0,False,0.03500000000000003,1791029519347.0,0.347,0.28,0.347
1179|LS003,wta-andree-boisson-2026-10-03,6,1791029555000.0,False,0.05499999999999999,1791029552147.0,-2.853,-2.919,-2.853
1179|LS003,wta-andree-boisson-2026-10-03,7,1791029577000.0,False,0.020000000000000018,1791029575582.0,-1.418,-1.486,-1.418
1179|LS003,wta-andree-boisson-2026-10-03,8,1791029598000.0,False,-0.020000000000000018,,,,
1179|LS003,wta-andree-boisson-2026-10-03,9,1791029619000.0,False,0.020000000000000018,1791029616073.0,-2.927,-2.997,-2.927
1179|LS003,wta-andree-boisson-2026-10-03,10,1791029640000.0,False,-0.030000000000000027,,,,
1179|LS003,wta-andree-boisson-2026-10-03,11,1791029691000.0,False,0.02999999999999997,1791029688048.0,-2.952,-3.018,-2.952
1179|LS003,wta-andree-boisson-2026-10-03,12,1791029738000.0,True,0.02999999999999997,1791029736068.0,-1.932,-2.0,-1.932
1179|LS003,wta-andree-boisson-2026-10-03,13,1791029860000.0,False,0.03500000000000003,1791029859073.0,-0.927,-0.996,-0.927
1179|LS003,wta-andree-boisson-2026-10-03,14,1791029900000.0,False,0.030000000000000027,1791029897976.0,-2.024,-2.091,-2.024
1179|LS003,wta-andree-boisson-2026-10-03,15,1791029943000.0,False,0.030000000000000027,1791029944875.0,1.875,-1.589,1.875
1179|LS003,wta-andree-boisson-2026-10-03,16,1791029997000.0,False,0.03,1791029994946.0,-2.054,-2.12,-2.054
1179|LS003,wta-andree-boisson-2026-10-03,17,1791030045000.0,True,0.025000000000000022,1791030044342.0,-0.658,-0.805,-0.658
1179|LS003,wta-andree-boisson-2026-10-03,18,1791030088000.0,False,0.04000000000000001,1791030086291.0,-1.709,-1.79,-1.709
1179|LS003,wta-andree-boisson-2026-10-03,19,1791030124000.0,False,0.024999999999999967,1791030122483.0,-1.517,-1.582,-1.517
1179|LS003,wta-andree-boisson-2026-10-03,20,1791030165000.0,False,0.014999999999999986,1791030162864.0,-2.136,-2.2,-2.136
1179|LS003,wta-andree-boisson-2026-10-03,21,1791030210000.0,False,0.01999999999999999,1791030204775.0,-5.225,-5.308,-5.225
1179|LS003,wta-andree-boisson-2026-10-03,22,1791030252000.0,False,0.025000000000000022,1791030251241.0,-0.759,-0.823,-0.759
1179|LS003,wta-andree-boisson-2026-10-03,23,1791030279000.0,True,0.015000000000000013,1791030279082.0,0.082,0.004,0.082
1179|LS003,wta-andree-boisson-2026-10-03,24,1791030394000.0,False,0.0,,,,
1179|LS003,wta-andree-boisson-2026-10-03,25,1791030420000.0,False,0.010000000000000009,1791030420102.0,0.102,0.003,0.102
1179|LS003,wta-andree-boisson-2026-10-03,26,1791030458000.0,False,0.010000000000000009,1791030457109.0,-0.891,-0.964,-0.891
1179|LS003,wta-andree-boisson-2026-10-03,27,1791030487000.0,False,0.010000000000000009,1791030486334.0,-0.666,-0.731,-0.666
1179|LS003,wta-andree-boisson-2026-10-03,28,1791030533000.0,False,0.010000000000000009,1791030531823.0,-1.177,-1.241,-1.177
1179|LS003,wta-andree-boisson-2026-10-03,29,1791030569000.0,False,0.014999999999999986,1791030568455.0,-0.545,-0.999,-0.545
1179|LS003,wta-andree-boisson-2026-10-03,30,1791030622000.0,False,0.0,,,,
1179|LS003,wta-andree-boisson-2026-10-03,31,1791030659000.0,False,-0.014999999999999986,,,,
1179|LS003,wta-andree-boisson-2026-10-03,32,1791030696000.0,False,0.014999999999999986,1791030694569.0,-1.431,-1.501,-1.431
1179|LS003,wta-andree-boisson-2026-10-03,33,1791030745000.0,False,-0.01999999999999999,,,,
1179|LS003,wta-andree-boisson-2026-10-03,34,1791030770000.0,False,0.009999999999999981,1791030770036.0,0.036,-0.031,0.036
1179|LS003,wta-andree-boisson-2026-10-03,35,1791030833000.0,True,0.0050000000000000044,,,,-0.613
1179|LS003,wta-andree-boisson-2026-10-03,36,1791030891000.0,False,0.020000000000000018,1791030890557.0,-0.443,-0.508,-0.443
1179|LS003,wta-andree-boisson-2026-10-03,37,1791030956000.0,False,0.014999999999999986,1791030955811.0,-0.189,-0.254,-0.189
1179|LS003,wta-andree-boisson-2026-10-03,38,1791030989000.0,False,0.010000000000000009,1791030989869.0,0.869,0.804,0.869
1179|LS003,wta-andree-boisson-2026-10-03,39,1791031014000.0,True,0.009999999999999981,1791031014565.0,0.565,0.493,0.565
