label,q_lo,q_hi,n_jumps,mean_move,lev,w,source
"COUNTERFACTUAL WITH ASSUMED DATA - assumed: licensed live feed + courtside camera, not purchased; parameters from our measurements. In-sample (IS) optimisation only; no live ATP/WTA data was used.",0.05,0.1,2361,0.07042377811704732,0.06869250493366848,1.0,"IS jumps, 3 s-delay regime (start < 2026-05-15), detector move"
"COUNTERFACTUAL WITH ASSUMED DATA - assumed: licensed live feed + courtside camera, not purchased; parameters from our measurements. In-sample (IS) optimisation only; no live ATP/WTA data was used.",0.1,0.15,3290,0.06696123175028963,0.06711679764406549,0.9770614379090624,"IS jumps, 3 s-delay regime (start < 2026-05-15), detector move"
"COUNTERFACTUAL WITH ASSUMED DATA - assumed: licensed live feed + courtside camera, not purchased; parameters from our measurements. In-sample (IS) optimisation only; no live ATP/WTA data was used.",0.15,0.2,4425,0.0639653830648595,0.06538014447745177,0.9517798854559866,"IS jumps, 3 s-delay regime (start < 2026-05-15), detector move"
"COUNTERFACTUAL WITH ASSUMED DATA - assumed: licensed live feed + courtside camera, not purchased; parameters from our measurements. In-sample (IS) optimisation only; no live ATP/WTA data was used.",0.2,0.25,5459,0.06521381861720621,0.06459906029358244,0.9404091517111104,"IS jumps, 3 s-delay regime (start < 2026-05-15), detector move"
"COUNTERFACTUAL WITH ASSUMED DATA - assumed: licensed live feed + courtside camera, not purchased; parameters from our measurements. In-sample (IS) optimisation only; no live ATP/WTA data was used.",0.25,0.3,6270,0.06461797919868159,0.06442068008786479,0.9378123588602761,"IS jumps, 3 s-delay regime (start < 2026-05-15), detector move"
"COUNTERFACTUAL WITH ASSUMED DATA - assumed: licensed live feed + courtside camera, not purchased; parameters from our measurements. In-sample (IS) optimisation only; no live ATP/WTA data was used.",0.3,0.35,7286,0.06343024244770658,0.06339296357662197,0.9228512432009299,"IS jumps, 3 s-delay regime (start < 2026-05-15), detector move"
"COUNTERFACTUAL WITH ASSUMED DATA - assumed: licensed live feed + courtside camera, not purchased; parameters from our measurements. In-sample (IS) optimisation only; no live ATP/WTA data was used.",0.35,0.4,7774,0.06213066908347773,0.0623134097506666,0.9071354991470798,"IS jumps, 3 s-delay regime (start < 2026-05-15), detector move"
"COUNTERFACTUAL WITH ASSUMED DATA - assumed: licensed live feed + courtside camera, not purchased; parameters from our measurements. In-sample (IS) optimisation only; no live ATP/WTA data was used.",0.4,0.45,8236,0.061379317720815486,0.061704667771537804,0.8982736592750791,"IS jumps, 3 s-delay regime (start < 2026-05-15), detector move"
"COUNTERFACTUAL WITH ASSUMED DATA - assumed: licensed live feed + courtside camera, not purchased; parameters from our measurements. In-sample (IS) optimisation only; no live ATP/WTA data was used.",0.45,0.5,8321,0.06160401651032021,0.0615145060964525,0.8955053561644424,"IS jumps, 3 s-delay regime (start < 2026-05-15), detector move"
"COUNTERFACTUAL WITH ASSUMED DATA - assumed: licensed live feed + courtside camera, not purchased; parameters from our measurements. In-sample (IS) optimisation only; no live ATP/WTA data was used.",0.5,0.55,8211,0.06156018405822179,0.06129808729141647,0.8923548114981062,"IS jumps, 3 s-delay regime (start < 2026-05-15), detector move"
"COUNTERFACTUAL WITH ASSUMED DATA - assumed: licensed live feed + courtside camera, not purchased; parameters from our measurements. In-sample (IS) optimisation only; no live ATP/WTA data was used.",0.55,0.6,8200,0.060730061305707406,0.0608836714256162,0.886321899083565,"IS jumps, 3 s-delay regime (start < 2026-05-15), detector move"
"COUNTERFACTUAL WITH ASSUMED DATA - assumed: licensed live feed + courtside camera, not purchased; parameters from our measurements. In-sample (IS) optimisation only; no live ATP/WTA data was used.",0.6,0.65,7877,0.06036076891291939,0.06033463265824582,0.8783291964167959,"IS jumps, 3 s-delay regime (start < 2026-05-15), detector move"
"COUNTERFACTUAL WITH ASSUMED DATA - assumed: licensed live feed + courtside camera, not purchased; parameters from our measurements. In-sample (IS) optimisation only; no live ATP/WTA data was used.",0.65,0.7,7179,0.05991306775611066,0.060079371832212784,0.8746132040202524,"IS jumps, 3 s-delay regime (start < 2026-05-15), detector move"
"COUNTERFACTUAL WITH ASSUMED DATA - assumed: licensed live feed + courtside camera, not purchased; parameters from our measurements. In-sample (IS) optimisation only; no live ATP/WTA data was used.",0.7,0.75,6202,0.0599642788276083,0.05961304094338737,0.8678245319624243,"IS jumps, 3 s-delay regime (start < 2026-05-15), detector move"
"COUNTERFACTUAL WITH ASSUMED DATA - assumed: licensed live feed + courtside camera, not purchased; parameters from our measurements. In-sample (IS) optimisation only; no live ATP/WTA data was used.",0.75,0.8,5220,0.058961776246443144,0.05853949064107677,0.852196184978321,"IS jumps, 3 s-delay regime (start < 2026-05-15), detector move"
"COUNTERFACTUAL WITH ASSUMED DATA - assumed: licensed live feed + courtside camera, not purchased; parameters from our measurements. In-sample (IS) optimisation only; no live ATP/WTA data was used.",0.8,0.85,4534,0.05669241684917887,0.05700165966286952,0.8298090121755207,"IS jumps, 3 s-delay regime (start < 2026-05-15), detector move"
"COUNTERFACTUAL WITH ASSUMED DATA - assumed: licensed live feed + courtside camera, not purchased; parameters from our measurements. In-sample (IS) optimisation only; no live ATP/WTA data was used.",0.85,0.9,3426,0.05535078589298654,0.05466274471433238,0.7957599561570269,"IS jumps, 3 s-delay regime (start < 2026-05-15), detector move"
"COUNTERFACTUAL WITH ASSUMED DATA - assumed: licensed live feed + courtside camera, not purchased; parameters from our measurements. In-sample (IS) optimisation only; no live ATP/WTA data was used.",0.9,0.95,1937,0.051945031400831725,0.05364790864690913,0.7809863492198041,"IS jumps, 3 s-delay regime (start < 2026-05-15), detector move"
