,label,seed2000,seed2001,seed2002,seed2003,seed2004,seed2005,seed2006,seed2007,seed2008,seed2009,seed2010,seed2011,seed2012,seed2013,seed2014,seed2015,seed2016,seed2017,seed2018,seed2019
2026-05-16 00:00:00+00:00,"COUNTERFACTUAL WITH ASSUMED DATA - assumed: licensed live feed + courtside camera, not purchased; parameters from our measurements. No live ATP/WTA point feed was used. Tier-0 v3 blind tests (a) burned OOS (non-blind window) and (b) U2 unseen markets, research/v2/tier0_v3/PREREG.md.",24.156188615712388,-2.541013038600895,-0.13438908522324555,-1.6739992070466827,32.22340323653663,3.628262855138992,11.30688509654778,0.0004938577517177373,-14.379339843601521,-18.135350434222573,0.008888137874749192,17.46971931918315,1.0975434022105495,-13.857023558095454,46.07849982254566,0.00831738632169348,-0.9815003214476677,-6.980688148400589,-1.5434995912054075,1.6746128475073523
2026-05-17 00:00:00+00:00,"COUNTERFACTUAL WITH ASSUMED DATA - assumed: licensed live feed + courtside camera, not purchased; parameters from our measurements. No live ATP/WTA point feed was used. Tier-0 v3 blind tests (a) burned OOS (non-blind window) and (b) U2 unseen markets, research/v2/tier0_v3/PREREG.md.",-14.799827163984405,80.31626895895046,-29.99579842306863,-14.207510929448429,-6.187794948676184,0.959073304138736,0.2026316192315525,21.115831202513068,-11.478256685711685,-5.509867642898866,0.31728767185234097,0.04919012280798803,42.431061787326875,-3.764680511690946,-19.808787489311744,0.7187095463191552,-4.706256520742696,-19.795881348146022,-2.1541971192841807,0.37976137793310477
2026-05-18 00:00:00+00:00,"COUNTERFACTUAL WITH ASSUMED DATA - assumed: licensed live feed + courtside camera, not purchased; parameters from our measurements. No live ATP/WTA point feed was used. Tier-0 v3 blind tests (a) burned OOS (non-blind window) and (b) U2 unseen markets, research/v2/tier0_v3/PREREG.md.",0.0,0.0,-25.318846665756777,-10.015707821376939,0.043004364914288565,0.0,0.0,-2.2686394639408816,0.7443179467296457,0.03016009691716534,-8.992976176998443,2.6277615034418433,-7.079574891537684,-16.45846959294755,-1.1913129640341533,0.0,-34.96214311243463,-3.0097412334583526,9.821079096684354,-3.381374738477572
2026-05-19 00:00:00+00:00,"COUNTERFACTUAL WITH ASSUMED DATA - assumed: licensed live feed + courtside camera, not purchased; parameters from our measurements. No live ATP/WTA point feed was used. Tier-0 v3 blind tests (a) burned OOS (non-blind window) and (b) U2 unseen markets, research/v2/tier0_v3/PREREG.md.",-21.500285409040345,-13.918974545915061,12.70057404477627,-4.284081595987075,96.11709126719694,7.450218107459397,63.811331132316575,7.503701979875253,3.772432803099283,52.76821822458497,27.694253656900777,-32.9450675019683,-21.993444725273218,19.510995061646938,-64.7104841592709,5.074922290170429,38.08623297174256,1.8244514306931674,51.62262387197294,20.463394257324772
2026-05-20 00:00:00+00:00,"COUNTERFACTUAL WITH ASSUMED DATA - assumed: licensed live feed + courtside camera, not purchased; parameters from our measurements. No live ATP/WTA point feed was used. Tier-0 v3 blind tests (a) burned OOS (non-blind window) and (b) U2 unseen markets, research/v2/tier0_v3/PREREG.md.",0.00028968294822084205,1.8428502391463715,0.0,0.0,0.0,2.705965267154382,0.0,0.0,0.16830452023938625,0.0,0.03453286313527986,0.0,0.0447954057631673,-1.6290132593168751,0.0,0.13967296632016618,0.03260753810863744,-5.579043260942609,0.0,0.020166909131320757
2026-05-21 00:00:00+00:00,"COUNTERFACTUAL WITH ASSUMED DATA - assumed: licensed live feed + courtside camera, not purchased; parameters from our measurements. No live ATP/WTA point feed was used. Tier-0 v3 blind tests (a) burned OOS (non-blind window) and (b) U2 unseen markets, research/v2/tier0_v3/PREREG.md.",-3.4120884353523024,0.0,0.0,2.8462673161169736,-0.9952251240825849,0.06220955315214487,26.543557628127438,0.0,0.0,0.48181643781145234,0.03404520955082012,-6.382395181797921,0.8039905322117105,-2.392815517753026,0.0,2.479455510526857,-0.04179206650015414,0.5787707606297559,-0.22280165937746438,-1.4400636471837704
2026-05-22 00:00:00+00:00,"COUNTERFACTUAL WITH ASSUMED DATA - assumed: licensed live feed + courtside camera, not purchased; parameters from our measurements. No live ATP/WTA point feed was used. Tier-0 v3 blind tests (a) burned OOS (non-blind window) and (b) U2 unseen markets, research/v2/tier0_v3/PREREG.md.",14.66882301697974,-4.117223769160589,68.08654997070983,-8.160137855588566,13.040507153401453,1.3862367421565116,8.065591810366755,-37.039601609866864,2.1605365767825115,-25.419484561785374,27.52480636947788,55.91935360087947,-12.595859640599837,-16.23661766079135,-31.523623980527184,-36.20341661636057,-110.62716443040526,37.703148597289804,43.03709351425379,19.756097624511316
2026-05-23 00:00:00+00:00,"COUNTERFACTUAL WITH ASSUMED DATA - assumed: licensed live feed + courtside camera, not purchased; parameters from our measurements. No live ATP/WTA point feed was used. Tier-0 v3 blind tests (a) burned OOS (non-blind window) and (b) U2 unseen markets, research/v2/tier0_v3/PREREG.md.",2.201642137803982,-10.235252715924206,-10.762186553289471,0.7830026675160351,-28.964883766860073,21.369963376181435,-6.5342378472151905,-22.642531254595873,-1.1303907213092181,60.9551102055498,-38.729784458266465,0.1978656020696234,43.09404667591288,-78.77833124881222,2.4503311721955887,-14.728538539930987,42.90586907499354,-6.369343072500238,33.98029529773949,-9.70335743345754
2026-05-24 00:00:00+00:00,"COUNTERFACTUAL WITH ASSUMED DATA - assumed: licensed live feed + courtside camera, not purchased; parameters from our measurements. No live ATP/WTA point feed was used. Tier-0 v3 blind tests (a) burned OOS (non-blind window) and (b) U2 unseen markets, research/v2/tier0_v3/PREREG.md.",-25.9543563548614,-69.10032338558466,-21.671987000230178,-0.4784544750606979,9.758918373420629,36.930175372246794,2.2886952566890804,-43.702351627688984,4.061023732829102,-13.454910272834361,-45.6475263988643,2.1095325791593584,53.19702138936578,-0.05426230870383866,-38.07531432990359,12.58804831362604,2.303578567175871,-3.221355483413245,-0.9121037680182565,-6.302368597354995
2026-05-25 00:00:00+00:00,"COUNTERFACTUAL WITH ASSUMED DATA - assumed: licensed live feed + courtside camera, not purchased; parameters from our measurements. No live ATP/WTA point feed was used. Tier-0 v3 blind tests (a) burned OOS (non-blind window) and (b) U2 unseen markets, research/v2/tier0_v3/PREREG.md.",-15.332490856120844,-24.04254370976181,-33.86374786433902,0.8680352583193816,-1.6939332658012825,-37.01760126368554,22.152794603566793,7.510443725077353,-25.046973069937753,32.3541809176359,-2.2978806240808725,25.089136970903272,-2.0150768174319222,-10.03372464687831,-44.49608674191186,-10.483819177385717,16.466441443543797,-34.37033726762028,0.0,-7.436483895724714
2026-05-26 00:00:00+00:00,"COUNTERFACTUAL WITH ASSUMED DATA - assumed: licensed live feed + courtside camera, not purchased; parameters from our measurements. No live ATP/WTA point feed was used. Tier-0 v3 blind tests (a) burned OOS (non-blind window) and (b) U2 unseen markets, research/v2/tier0_v3/PREREG.md.",92.09004501115551,-0.6865911635909424,2.1898221339736295,-0.701096839949481,-3.3224461404921746,-1.2782671481509595,0.9627441668240719,-0.43142948609298915,-0.5479038079300506,11.332816427753427,-1.1508182496353592,-9.851591007036236,-20.666994529150877,-15.569655306997944,-23.753948777211367,0.0,-1.2953941016147237,0.0,1.841942738831985,75.94228105128003
2026-05-27 00:00:00+00:00,"COUNTERFACTUAL WITH ASSUMED DATA - assumed: licensed live feed + courtside camera, not purchased; parameters from our measurements. No live ATP/WTA point feed was used. Tier-0 v3 blind tests (a) burned OOS (non-blind window) and (b) U2 unseen markets, research/v2/tier0_v3/PREREG.md.",-1.5589212164757738,10.244199616629494,-5.680024228314343,-22.80795429165509,7.826103692200514,-3.5198497010792726,1.4683817390059506,15.534017536823207,-4.38983458855846,12.37786005181848,-14.665211184357814,-8.928363154712121,-4.197640481739185,4.584894775848034,4.360633636219461,4.069743863939009,18.298058500396984,17.920708610476343,8.930383756769219,-6.469506317277732
2026-05-28 00:00:00+00:00,"COUNTERFACTUAL WITH ASSUMED DATA - assumed: licensed live feed + courtside camera, not purchased; parameters from our measurements. No live ATP/WTA point feed was used. Tier-0 v3 blind tests (a) burned OOS (non-blind window) and (b) U2 unseen markets, research/v2/tier0_v3/PREREG.md.",0.10520085729138419,0.0,0.0,42.043973839911665,0.07621391952335825,0.16363308803513874,16.03946532702964,-1.4186197679022987,0.0,0.0,-12.063686149296041,0.6651055067450291,46.598147413733045,-17.80245719255486,-23.121966153293755,27.249207358213003,27.022545748027856,-3.1043081659606058,46.18103466030024,0.0
2026-05-29 00:00:00+00:00,"COUNTERFACTUAL WITH ASSUMED DATA - assumed: licensed live feed + courtside camera, not purchased; parameters from our measurements. No live ATP/WTA point feed was used. Tier-0 v3 blind tests (a) burned OOS (non-blind window) and (b) U2 unseen markets, research/v2/tier0_v3/PREREG.md.",-45.099077616430016,-2.317946803657684,-16.48813135860287,0.01287076404732107,0.0,-37.51806586128947,-15.665123643309995,-25.823102764810606,-7.339753967257348,-16.53175407422063,10.364706533780103,-0.7582807388158779,-72.91895535113022,-2.1929095119284994,-29.69609981563053,-10.681522858765373,36.005131652285414,-0.33513855657807845,-16.9189851612453,-27.731766157556468
2026-05-30 00:00:00+00:00,"COUNTERFACTUAL WITH ASSUMED DATA - assumed: licensed live feed + courtside camera, not purchased; parameters from our measurements. No live ATP/WTA point feed was used. Tier-0 v3 blind tests (a) burned OOS (non-blind window) and (b) U2 unseen markets, research/v2/tier0_v3/PREREG.md.",0.0,3.1765472649158437,27.800248062396037,4.287595105433565,0.0543787744816352,17.22231468724514,-62.274428541815745,69.79335008767221,47.06397420412755,15.374283635206185,1.9195157046119202,-16.628231390127148,-57.25018370287249,-17.582944984472892,-29.640830646266952,-28.840302385322456,-21.041784513331958,44.614225562497786,11.048761201853196,0.0
2026-05-31 00:00:00+00:00,"COUNTERFACTUAL WITH ASSUMED DATA - assumed: licensed live feed + courtside camera, not purchased; parameters from our measurements. No live ATP/WTA point feed was used. Tier-0 v3 blind tests (a) burned OOS (non-blind window) and (b) U2 unseen markets, research/v2/tier0_v3/PREREG.md.",4.309694785879193,-4.6209062221627395,-5.159304542385131,23.68390683615079,61.35679651265044,-57.86123900832665,13.663305552270717,-42.10054315625711,0.37452198411750715,-1.4005663130655401,4.227952285404488,8.69658641995119,-16.164413354424333,10.657293673014,-8.342411572703824,52.667319610968526,-26.133813162111245,-70.91694613515385,-9.496914707141276,21.21623934025059
2026-06-01 00:00:00+00:00,"COUNTERFACTUAL WITH ASSUMED DATA - assumed: licensed live feed + courtside camera, not purchased; parameters from our measurements. No live ATP/WTA point feed was used. Tier-0 v3 blind tests (a) burned OOS (non-blind window) and (b) U2 unseen markets, research/v2/tier0_v3/PREREG.md.",40.70563320538655,-0.6090921103554781,-3.675524486896142,0.0,0.0,0.0,0.0,0.0,0.0,-39.12614186030144,-0.2078129921756983,0.0,0.0,-0.9292378657823297,5.554637263458063,-0.731258067187064,1.5471541659713683,0.0,0.0,0.0
2026-06-02 00:00:00+00:00,"COUNTERFACTUAL WITH ASSUMED DATA - assumed: licensed live feed + courtside camera, not purchased; parameters from our measurements. No live ATP/WTA point feed was used. Tier-0 v3 blind tests (a) burned OOS (non-blind window) and (b) U2 unseen markets, research/v2/tier0_v3/PREREG.md.",6.703919436632791,-30.465037268079307,14.576914831839932,-20.36674366178885,16.009151754457672,83.01858857122195,7.396941483007808,-105.27783186797134,-13.06437988150721,-30.496809469395803,-116.85639894970342,-8.463319460238973,108.67288568488026,-0.4812496803893631,-36.479789420059795,-14.57467563867668,20.937860820088606,-6.180540491753213,-0.19493700232597355,-6.465705137469018
2026-06-03 00:00:00+00:00,"COUNTERFACTUAL WITH ASSUMED DATA - assumed: licensed live feed + courtside camera, not purchased; parameters from our measurements. No live ATP/WTA point feed was used. Tier-0 v3 blind tests (a) burned OOS (non-blind window) and (b) U2 unseen markets, research/v2/tier0_v3/PREREG.md.",-48.75567893068896,0.0,0.0,0.0,0.6660927633015846,3.6976637142080246,7.1021202296546955,0.0,0.0,0.0,4.130816955871286,0.0,0.0,0.0,0.39087146194015276,6.084327682693268,13.605934012197803,3.0885084485168597,0.0,0.0
2026-06-04 00:00:00+00:00,"COUNTERFACTUAL WITH ASSUMED DATA - assumed: licensed live feed + courtside camera, not purchased; parameters from our measurements. No live ATP/WTA point feed was used. Tier-0 v3 blind tests (a) burned OOS (non-blind window) and (b) U2 unseen markets, research/v2/tier0_v3/PREREG.md.",10.434424729930583,28.379458356196608,-14.568153485263217,-80.49427035524664,-36.292378751777115,23.749376311398528,2.015607742928671,6.142236024530142,-1.0856432959829303,1.6909233010925864,73.27893421627687,0.18026943629260628,62.64115689347647,0.0,-95.44410836183602,15.255355819173062,96.95688102253288,-14.963413152117202,-2.42521294931635,-29.924583718218344
2026-06-05 00:00:00+00:00,"COUNTERFACTUAL WITH ASSUMED DATA - assumed: licensed live feed + courtside camera, not purchased; parameters from our measurements. No live ATP/WTA point feed was used. Tier-0 v3 blind tests (a) burned OOS (non-blind window) and (b) U2 unseen markets, research/v2/tier0_v3/PREREG.md.",8.896595665566188,-14.445966610090041,-49.56570022983843,28.80412391959675,0.024416643544562276,-38.973218922877216,1.0404260044621148,-29.18959815241696,-46.84980962445019,39.16887360031585,28.242235802971706,38.47628278916668,9.153918591827463,-1.1031908345099417,-54.20676592076363,9.1565093211037,-140.2465950791176,26.376699218346676,0.0,-63.498210534323164
2026-06-06 00:00:00+00:00,"COUNTERFACTUAL WITH ASSUMED DATA - assumed: licensed live feed + courtside camera, not purchased; parameters from our measurements. No live ATP/WTA point feed was used. Tier-0 v3 blind tests (a) burned OOS (non-blind window) and (b) U2 unseen markets, research/v2/tier0_v3/PREREG.md.",11.933303118541165,9.27739381802418,-17.564399633476924,-36.305548939166236,-29.65723357504278,43.24535105215099,28.809922840582555,0.8741708405905273,-4.21091247037284,-36.82819272403497,-16.282481097421424,-41.88241581724975,0.6250584768952888,-27.700634385956324,-21.955916156723106,-11.227487785088119,33.142548740233764,-12.75348656388416,-38.08651114908033,-4.244794520399711
2026-06-07 00:00:00+00:00,"COUNTERFACTUAL WITH ASSUMED DATA - assumed: licensed live feed + courtside camera, not purchased; parameters from our measurements. No live ATP/WTA point feed was used. Tier-0 v3 blind tests (a) burned OOS (non-blind window) and (b) U2 unseen markets, research/v2/tier0_v3/PREREG.md.",-4.489254082795762,1.903814103455264,27.44471961004088,-61.295057491032864,28.257533686584924,-25.91041208415615,-29.339313180399817,-60.92760324911754,-28.304364286321324,-51.35881599035594,-7.591802013914437,-12.804124832293475,42.026993323230954,4.381883568300216,-18.76301501303477,-32.272094781030674,11.282220079867091,-6.014068618587824,-35.007392861571354,3.7060109837546285
2026-06-08 00:00:00+00:00,"COUNTERFACTUAL WITH ASSUMED DATA - assumed: licensed live feed + courtside camera, not purchased; parameters from our measurements. No live ATP/WTA point feed was used. Tier-0 v3 blind tests (a) burned OOS (non-blind window) and (b) U2 unseen markets, research/v2/tier0_v3/PREREG.md.",0.0,0.0,0.0,0.0,0.0,0.0,0.0,0.0,0.0,0.0,0.0,0.0,0.0,0.0,0.0,0.0,0.0,0.0,0.0,0.0
2026-06-09 00:00:00+00:00,"COUNTERFACTUAL WITH ASSUMED DATA - assumed: licensed live feed + courtside camera, not purchased; parameters from our measurements. No live ATP/WTA point feed was used. Tier-0 v3 blind tests (a) burned OOS (non-blind window) and (b) U2 unseen markets, research/v2/tier0_v3/PREREG.md.",2.0020237295500154,0.0,2.041701232885628,0.031097495511618965,6.238333591627025,0.09591428684993894,19.971615672845928,3.658002788005471,0.0,0.0,8.56305259815876,0.0,0.0,0.0,0.0,14.573390605590909,6.016468077640671,8.113917553078583,0.0,0.0
2026-06-10 00:00:00+00:00,"COUNTERFACTUAL WITH ASSUMED DATA - assumed: licensed live feed + courtside camera, not purchased; parameters from our measurements. No live ATP/WTA point feed was used. Tier-0 v3 blind tests (a) burned OOS (non-blind window) and (b) U2 unseen markets, research/v2/tier0_v3/PREREG.md.",-23.970973417472457,13.834427970266363,29.953998952711792,14.281143309911803,0.0,2.97906429243442,0.0,-20.313147254576226,-6.204896693496946,0.0,0.0,-3.8826369335218374,-10.627097696830157,0.0,0.0,1.6279685383130065,0.0,7.939016024157701,-32.10629208222639,13.900325118954793
2026-06-11 00:00:00+00:00,"COUNTERFACTUAL WITH ASSUMED DATA - assumed: licensed live feed + courtside camera, not purchased; parameters from our measurements. No live ATP/WTA point feed was used. Tier-0 v3 blind tests (a) burned OOS (non-blind window) and (b) U2 unseen markets, research/v2/tier0_v3/PREREG.md.",1.0905495039746125,0.0,21.952156868019962,-21.060865434415533,0.7121487373685139,-1.232907011140873,-7.223673125526333,1.6924704897588283,-0.09291275925246945,0.0,-0.7221559167490877,0.4818095517761974,-33.065005091497554,0.0,-0.6673171086436757,-0.9337760704841009,2.096573720596603,7.228249477974912,-17.167084697964842,25.645588181669037
2026-06-12 00:00:00+00:00,"COUNTERFACTUAL WITH ASSUMED DATA - assumed: licensed live feed + courtside camera, not purchased; parameters from our measurements. No live ATP/WTA point feed was used. Tier-0 v3 blind tests (a) burned OOS (non-blind window) and (b) U2 unseen markets, research/v2/tier0_v3/PREREG.md.",0.0,0.7179107981765228,0.0,14.186792145148157,-5.230323404575678,0.0,0.0,0.0,-12.247658638425378,5.321568652491877,-17.205718628151924,0.0,-13.649700028906928,4.212966915262842,-14.05426626591643,-1.8304586050510827,-16.38739141415439,-0.6304570135816718,0.0,-19.124066414483313
2026-06-13 00:00:00+00:00,"COUNTERFACTUAL WITH ASSUMED DATA - assumed: licensed live feed + courtside camera, not purchased; parameters from our measurements. No live ATP/WTA point feed was used. Tier-0 v3 blind tests (a) burned OOS (non-blind window) and (b) U2 unseen markets, research/v2/tier0_v3/PREREG.md.",10.746305308164075,7.077396122681408,41.526130911453066,-26.125716541822353,27.047815167025245,-25.49608724022774,20.090055129404575,-16.92769966076002,18.950570771847612,-25.73501352272296,4.823867521523632,2.7061748200059466,-20.446466532164752,-33.38957432445773,-20.97858983689907,-63.418841135508224,-0.7229964040829181,30.6205937338036,27.078763256561857,-4.616319795294045
2026-06-14 00:00:00+00:00,"COUNTERFACTUAL WITH ASSUMED DATA - assumed: licensed live feed + courtside camera, not purchased; parameters from our measurements. No live ATP/WTA point feed was used. Tier-0 v3 blind tests (a) burned OOS (non-blind window) and (b) U2 unseen markets, research/v2/tier0_v3/PREREG.md.",-69.87624673994276,71.41761624931864,18.67701066532519,-10.706509722709516,-51.63898125167778,44.84857827549711,90.33723194568857,76.58172335486357,73.9857297848765,-11.702537463459786,-23.915276557741013,-19.159647526176123,-0.615685310713281,-53.89103937499176,49.384841643752985,0.49275533225080204,22.047522315444468,92.45693180120945,77.29551176075397,47.745215360880294
2026-06-15 00:00:00+00:00,"COUNTERFACTUAL WITH ASSUMED DATA - assumed: licensed live feed + courtside camera, not purchased; parameters from our measurements. No live ATP/WTA point feed was used. Tier-0 v3 blind tests (a) burned OOS (non-blind window) and (b) U2 unseen markets, research/v2/tier0_v3/PREREG.md.",107.82215462065903,78.61195708216596,-39.80561423912662,55.75695362696889,-63.22159440459751,36.051810534111695,130.03080095430133,-24.9730861892159,20.45716190929386,125.87038222440724,38.17501009742093,-65.04541195727006,5.503103996370913,-31.873259115818943,11.057056762392286,135.96416650613006,3.2436688471007264,99.77731810929019,-5.563221405888196,2.3655421425027865
2026-06-16 00:00:00+00:00,"COUNTERFACTUAL WITH ASSUMED DATA - assumed: licensed live feed + courtside camera, not purchased; parameters from our measurements. No live ATP/WTA point feed was used. Tier-0 v3 blind tests (a) burned OOS (non-blind window) and (b) U2 unseen markets, research/v2/tier0_v3/PREREG.md.",14.173468673963844,1.997133981922952,5.561535037011664,-0.0019473196918664774,-3.3774319699261817,-3.5533670445838617,-26.477683924548636,17.922157272797623,0.0,-1.093670507268951,0.12782282809560627,60.40161368557848,-70.94148921423624,63.3683859098185,17.958696171233953,-1.876014159203797,-0.005714490595821846,8.754516418479685,3.938606256129223,21.478607381909775
2026-06-17 00:00:00+00:00,"COUNTERFACTUAL WITH ASSUMED DATA - assumed: licensed live feed + courtside camera, not purchased; parameters from our measurements. No live ATP/WTA point feed was used. Tier-0 v3 blind tests (a) burned OOS (non-blind window) and (b) U2 unseen markets, research/v2/tier0_v3/PREREG.md.",1.5609513660696894,-0.10029407142612316,-67.23894599189143,-8.018942135109592,-102.68379089254562,-33.090362165251136,8.061455265019042,-45.52298795784152,-26.2273809143526,-7.087405545367861,110.52360035351379,4.951538316034831,98.24891072194713,-17.17849841293637,-34.127828916261976,-15.292088691350369,-64.85980736830209,3.974956410558132,-3.9256893996051048,-36.349446196242916
2026-06-18 00:00:00+00:00,"COUNTERFACTUAL WITH ASSUMED DATA - assumed: licensed live feed + courtside camera, not purchased; parameters from our measurements. No live ATP/WTA point feed was used. Tier-0 v3 blind tests (a) burned OOS (non-blind window) and (b) U2 unseen markets, research/v2/tier0_v3/PREREG.md.",56.41578523182055,-4.059057595995057,54.41827734398092,65.3798312755722,41.54066188107955,47.564924990801096,1.1791995182679904,43.88151731668519,-21.574115201991926,0.567564062777845,61.460398003235184,-30.22207816642305,-75.88506622324017,-22.77300203514768,-4.767686915120229,14.168903031026854,29.214651422996507,43.64685816855093,-16.57580762654815,-18.26419982917782
2026-06-19 00:00:00+00:00,"COUNTERFACTUAL WITH ASSUMED DATA - assumed: licensed live feed + courtside camera, not purchased; parameters from our measurements. No live ATP/WTA point feed was used. Tier-0 v3 blind tests (a) burned OOS (non-blind window) and (b) U2 unseen markets, research/v2/tier0_v3/PREREG.md.",-69.79684094653848,1.8651760644415527,30.744753705558995,-16.520724011806863,-5.7874552391244825,-45.572162590779364,-23.571733058464332,27.626847990053015,83.2943279379127,-8.663519711217427,-18.03565887590599,-30.75431652831024,19.729838026998546,-30.531093396250313,0.0,-3.4359201947743045,3.7952429776715335,-9.688293642041591,-31.656173891260657,16.757767973927212
2026-06-20 00:00:00+00:00,"COUNTERFACTUAL WITH ASSUMED DATA - assumed: licensed live feed + courtside camera, not purchased; parameters from our measurements. No live ATP/WTA point feed was used. Tier-0 v3 blind tests (a) burned OOS (non-blind window) and (b) U2 unseen markets, research/v2/tier0_v3/PREREG.md.",28.329688779859335,-62.30534917812635,-13.137999929182019,-43.35425071316293,-9.115479302844072,38.987121301871156,-58.34586989403152,-18.41544264449107,29.43886228428209,-33.62605637789539,-67.09006229560103,4.104314221634997,8.7922008712062,-11.90650567248154,-2.3893823372105922,54.61639442254267,3.185122380477125,79.93860661103889,-34.49074766524223,32.053552264880935
2026-06-21 00:00:00+00:00,"COUNTERFACTUAL WITH ASSUMED DATA - assumed: licensed live feed + courtside camera, not purchased; parameters from our measurements. No live ATP/WTA point feed was used. Tier-0 v3 blind tests (a) burned OOS (non-blind window) and (b) U2 unseen markets, research/v2/tier0_v3/PREREG.md.",-56.091172520301946,79.14186369404695,17.887466459046564,16.610942273263845,62.558916631409936,-72.4475874634279,28.695480326334366,30.145361170808933,-8.901790059925865,-56.15813185536877,55.88796695304584,82.21238622431207,21.55655083111407,122.6588795661716,168.26212476476744,130.90395699617952,-70.94297535487475,6.33330928227788,11.974192666100626,34.86772266519647
2026-06-22 00:00:00+00:00,"COUNTERFACTUAL WITH ASSUMED DATA - assumed: licensed live feed + courtside camera, not purchased; parameters from our measurements. No live ATP/WTA point feed was used. Tier-0 v3 blind tests (a) burned OOS (non-blind window) and (b) U2 unseen markets, research/v2/tier0_v3/PREREG.md.",0.0,0.0,0.0,0.0,1.9088037575676426,0.0,0.0,0.0,0.01693796578537238,0.13045932677757988,0.0,0.03413905688737578,0.0,0.0,0.0,0.0,0.30878258065471115,0.0642997735003716,0.0,0.0
2026-06-23 00:00:00+00:00,"COUNTERFACTUAL WITH ASSUMED DATA - assumed: licensed live feed + courtside camera, not purchased; parameters from our measurements. No live ATP/WTA point feed was used. Tier-0 v3 blind tests (a) burned OOS (non-blind window) and (b) U2 unseen markets, research/v2/tier0_v3/PREREG.md.",-27.135312308387036,1.5201275104620464,-68.75796184937934,22.54746374105427,-33.37312270311377,98.96760420780147,18.738451454463974,-101.49020536434546,69.03515514263187,9.244285014287193,-12.39304338679655,-34.20243872380447,31.490202487250585,60.923167761685875,-3.4552733583856465,-34.433747265537164,-37.09379960353037,6.049712584184694,18.21261827404954,-20.684507753347585
2026-06-24 00:00:00+00:00,"COUNTERFACTUAL WITH ASSUMED DATA - assumed: licensed live feed + courtside camera, not purchased; parameters from our measurements. No live ATP/WTA point feed was used. Tier-0 v3 blind tests (a) burned OOS (non-blind window) and (b) U2 unseen markets, research/v2/tier0_v3/PREREG.md.",65.87859731845317,-0.5979744487136563,-51.02543013038196,-0.0734296111633619,25.63420802634117,45.465437539665245,-3.2292294954520213,62.96988019372766,-1.1607756178884943,58.96348991300929,50.56775294254197,5.389369725802581,0.0,0.0,0.3968504108695237,-9.370230503662635,24.586563074999745,0.0,-0.1708109261899923,0.0
2026-06-25 00:00:00+00:00,"COUNTERFACTUAL WITH ASSUMED DATA - assumed: licensed live feed + courtside camera, not purchased; parameters from our measurements. No live ATP/WTA point feed was used. Tier-0 v3 blind tests (a) burned OOS (non-blind window) and (b) U2 unseen markets, research/v2/tier0_v3/PREREG.md.",65.91773374425513,-25.474002229728594,-44.38931858624627,-12.079676834545706,94.2550988396851,13.009413437219145,-6.3643409364008345,-60.227786629324996,43.190122470720915,20.422988044961045,75.68315729476632,10.712282163962477,49.27627963797196,92.46890000898692,23.507991962549553,7.58103732901769,16.022464261452043,20.93328236112551,-10.240526757729555,8.215257393589669
2026-06-26 00:00:00+00:00,"COUNTERFACTUAL WITH ASSUMED DATA - assumed: licensed live feed + courtside camera, not purchased; parameters from our measurements. No live ATP/WTA point feed was used. Tier-0 v3 blind tests (a) burned OOS (non-blind window) and (b) U2 unseen markets, research/v2/tier0_v3/PREREG.md.",-20.168408790968215,14.265366604052868,68.09913391829778,4.976708282325257,45.81037327017002,17.259067689582828,-4.3328056983030185,81.26547250547,-35.737922999958435,-38.779219865821574,-73.13978191321281,19.566511408483137,96.48168381946664,42.09728718404194,36.940107534991796,91.04274481897542,10.675802387594265,-66.32354182964734,-64.46708657696547,81.06591176391092
2026-06-27 00:00:00+00:00,"COUNTERFACTUAL WITH ASSUMED DATA - assumed: licensed live feed + courtside camera, not purchased; parameters from our measurements. No live ATP/WTA point feed was used. Tier-0 v3 blind tests (a) burned OOS (non-blind window) and (b) U2 unseen markets, research/v2/tier0_v3/PREREG.md.",-54.98289358921671,-100.21167054506847,-1.2132968210562751,46.088546807977615,71.398967768603,7.023093737915244,-7.270047603419726,-34.9547257757588,-27.260430343555687,-43.045265755052846,-148.17255476795822,18.389461716823178,30.555789263752388,57.136623692437134,25.060266742561808,-4.538626622580395,17.491719511003236,-8.308823248676312,7.459866909552922,-55.61643758850672
2026-06-28 00:00:00+00:00,"COUNTERFACTUAL WITH ASSUMED DATA - assumed: licensed live feed + courtside camera, not purchased; parameters from our measurements. No live ATP/WTA point feed was used. Tier-0 v3 blind tests (a) burned OOS (non-blind window) and (b) U2 unseen markets, research/v2/tier0_v3/PREREG.md.",-14.111872882557535,-7.339962831066698,-80.6854075787868,-18.59187386154269,-52.5226342017586,-23.713632866488897,105.63090119811942,-43.8971795202413,-20.757797594961733,86.1981235998781,105.10782651360351,36.77504963441587,-5.99175681200159,-2.585223911281224,-36.331810951533555,-38.714825678179594,-46.805332828924556,-22.176618923328228,-37.10910808570304,-94.24508030653507
2026-06-29 00:00:00+00:00,"COUNTERFACTUAL WITH ASSUMED DATA - assumed: licensed live feed + courtside camera, not purchased; parameters from our measurements. No live ATP/WTA point feed was used. Tier-0 v3 blind tests (a) burned OOS (non-blind window) and (b) U2 unseen markets, research/v2/tier0_v3/PREREG.md.",0.0,67.71245200201916,150.63757162420362,-74.4854041399563,-30.9600816812368,-19.777155023066914,-57.134019556642585,-4.084958591238186,-7.385829653635,-8.433681256239803,21.02991152111363,2.830271624694441,-3.7729519977080623,-3.8701793365746564,-11.88188730302316,93.47861488115215,-2.950632381242116,-17.545546358545746,-14.61614769052118,4.802604093657915
2026-06-30 00:00:00+00:00,"COUNTERFACTUAL WITH ASSUMED DATA - assumed: licensed live feed + courtside camera, not purchased; parameters from our measurements. No live ATP/WTA point feed was used. Tier-0 v3 blind tests (a) burned OOS (non-blind window) and (b) U2 unseen markets, research/v2/tier0_v3/PREREG.md.",0.01438489851434229,57.58425563044001,-21.355231652600562,8.459324621232073,0.0,2.454110666276236,3.1183200665278163,1.795957069108514,0.0,3.3347149596799066,-2.9277380130354143,12.615904648765799,4.529865559312349,69.09885339985937,-9.020300527693122,-34.11176363465188,-23.06995542185649,12.961529570819296,32.527732906240644,25.550762556121697
2026-07-01 00:00:00+00:00,"COUNTERFACTUAL WITH ASSUMED DATA - assumed: licensed live feed + courtside camera, not purchased; parameters from our measurements. No live ATP/WTA point feed was used. Tier-0 v3 blind tests (a) burned OOS (non-blind window) and (b) U2 unseen markets, research/v2/tier0_v3/PREREG.md.",-20.551490953492348,0.29178433705668533,-43.56467020350196,1.6245100157477728,0.0,-12.010277348866003,-42.43201657695637,-42.45786967170562,-6.929240520349438,0.0,-40.47175295955783,-13.290210156489978,24.77100277322187,-7.639402849820147,71.68340537980221,-30.159461950739246,0.0,-13.618002690210362,-6.28581504782518,-28.058989937871374
2026-07-02 00:00:00+00:00,"COUNTERFACTUAL WITH ASSUMED DATA - assumed: licensed live feed + courtside camera, not purchased; parameters from our measurements. No live ATP/WTA point feed was used. Tier-0 v3 blind tests (a) burned OOS (non-blind window) and (b) U2 unseen markets, research/v2/tier0_v3/PREREG.md.",75.49635764916214,81.76127867574485,-51.097379672271316,-9.531685600354852,80.90808296917429,17.498857215678203,38.40680723582669,-15.910166251068276,-13.116353956046535,35.401323005912005,23.490622203788494,45.51056251896226,19.815630595264047,-14.084553682998484,54.6515091442496,-122.45866684307421,-31.907980124339673,-65.840625105868,-4.798928998909442,-56.805168838545356
2026-07-03 00:00:00+00:00,"COUNTERFACTUAL WITH ASSUMED DATA - assumed: licensed live feed + courtside camera, not purchased; parameters from our measurements. No live ATP/WTA point feed was used. Tier-0 v3 blind tests (a) burned OOS (non-blind window) and (b) U2 unseen markets, research/v2/tier0_v3/PREREG.md.",18.593671852373628,-41.24579333640552,0.7440381921954335,-5.996187008427201,-40.77801560964448,2.4143974520158262,-19.16702163238956,-8.09722611393363,-25.35884299356617,4.037424140563898,-4.462670771108714,0.05768408049936503,0.07008028879435257,-9.973736526036285,7.652235500371132,-12.239313261533965,29.052583875357232,-66.18406642071736,5.40722151490319,8.729924443905611
2026-07-04 00:00:00+00:00,"COUNTERFACTUAL WITH ASSUMED DATA - assumed: licensed live feed + courtside camera, not purchased; parameters from our measurements. No live ATP/WTA point feed was used. Tier-0 v3 blind tests (a) burned OOS (non-blind window) and (b) U2 unseen markets, research/v2/tier0_v3/PREREG.md.",2.1348388325903778,64.36463189899305,77.56330538588895,-40.92141364917927,-13.400158251012945,-96.61554664305557,-26.53872844047538,-19.49129747494632,6.713126983584529,-55.81555566970766,-50.211608998673206,-44.23919204359372,-66.92864005727589,-43.68687061058036,55.41060018127122,4.044608053164181,-103.1945074786352,102.65499232317497,-2.997368286550345,94.94236088484236
2026-07-05 00:00:00+00:00,"COUNTERFACTUAL WITH ASSUMED DATA - assumed: licensed live feed + courtside camera, not purchased; parameters from our measurements. No live ATP/WTA point feed was used. Tier-0 v3 blind tests (a) burned OOS (non-blind window) and (b) U2 unseen markets, research/v2/tier0_v3/PREREG.md.",42.88620907357857,173.0873165090372,173.34618353913459,-118.4445911577914,11.202003630867663,-34.30857078588246,-59.374066871580546,90.26188823378573,18.990165679045255,0.0746736562217497,-62.50278782152266,72.5862057329994,-4.335424524002967,43.98702684184442,69.18166851892884,-2.4553492534735013,-9.95489627063533,46.03700137349245,46.74679146150136,52.67041846244176
2026-07-06 00:00:00+00:00,"COUNTERFACTUAL WITH ASSUMED DATA - assumed: licensed live feed + courtside camera, not purchased; parameters from our measurements. No live ATP/WTA point feed was used. Tier-0 v3 blind tests (a) burned OOS (non-blind window) and (b) U2 unseen markets, research/v2/tier0_v3/PREREG.md.",-7.734375591036812,0.4613680652160177,0.0,0.0,0.04267770367668832,0.010989672687666902,-56.78171068854001,0.6124654170785191,1.5870559710377585,-0.8227563778193612,34.653847435254335,20.706913636005545,0.0,-22.075343003263306,0.0,31.28545600624746,-1.849727798882667,-1.7351565935459607,17.55081934967676,0.0
2026-07-07 00:00:00+00:00,"COUNTERFACTUAL WITH ASSUMED DATA - assumed: licensed live feed + courtside camera, not purchased; parameters from our measurements. No live ATP/WTA point feed was used. Tier-0 v3 blind tests (a) burned OOS (non-blind window) and (b) U2 unseen markets, research/v2/tier0_v3/PREREG.md.",55.474628988903895,11.664469252011862,-63.9279251398181,-54.925672043456224,22.269039349911708,-55.55835882168378,0.6998611540575199,71.41659286936637,30.58631851319268,8.771434515095542,-36.22735408540667,76.63118092928902,27.875736221986664,-61.74407463773973,-15.156156254818933,9.484649806294012,55.49943027969433,0.0,31.48707412144651,-43.83834745496303
2026-07-08 00:00:00+00:00,"COUNTERFACTUAL WITH ASSUMED DATA - assumed: licensed live feed + courtside camera, not purchased; parameters from our measurements. No live ATP/WTA point feed was used. Tier-0 v3 blind tests (a) burned OOS (non-blind window) and (b) U2 unseen markets, research/v2/tier0_v3/PREREG.md.",0.0,0.0,2.3480659334950107,-1.1703872672870832,0.0,0.0,0.0,0.0,0.15300585039192027,-0.2506792470247244,0.0,0.0,-9.667145448383696,0.0,-0.08471391894017266,0.0,0.0,0.0,0.0,-0.3133904009563394
2026-07-09 00:00:00+00:00,"COUNTERFACTUAL WITH ASSUMED DATA - assumed: licensed live feed + courtside camera, not purchased; parameters from our measurements. No live ATP/WTA point feed was used. Tier-0 v3 blind tests (a) burned OOS (non-blind window) and (b) U2 unseen markets, research/v2/tier0_v3/PREREG.md.",69.53318966348837,-13.752272385094383,6.367807942243555,-61.41231865048463,19.880389596826067,103.95481120812141,-43.145359970790125,9.179470095443989,58.373421144019304,19.602243866735883,-12.091420851152929,-10.294079118539814,-75.25864194157613,106.07072888541758,72.78516248396399,-21.054464033711263,70.56361101490842,-1.4549610070627763,15.593043688413283,11.704447066406338
2026-07-10 00:00:00+00:00,"COUNTERFACTUAL WITH ASSUMED DATA - assumed: licensed live feed + courtside camera, not purchased; parameters from our measurements. No live ATP/WTA point feed was used. Tier-0 v3 blind tests (a) burned OOS (non-blind window) and (b) U2 unseen markets, research/v2/tier0_v3/PREREG.md.",44.8045816739516,44.00190138635314,-55.069217624211504,-73.7412354488405,30.457344700495607,-31.60690925453088,-30.986869017521233,-14.982346875533187,-90.97228909352657,-74.8219171897189,-43.8372041636302,-2.0938224604099256,-34.94241116318062,32.926259650664534,-16.699359379261427,76.24109387539518,-22.52296992414767,-44.763825691846485,-19.667101362959478,-19.96116193838297
2026-07-11 00:00:00+00:00,"COUNTERFACTUAL WITH ASSUMED DATA - assumed: licensed live feed + courtside camera, not purchased; parameters from our measurements. No live ATP/WTA point feed was used. Tier-0 v3 blind tests (a) burned OOS (non-blind window) and (b) U2 unseen markets, research/v2/tier0_v3/PREREG.md.",71.9735612238902,-53.620078637731616,-46.34767974481389,-76.98573465253031,60.33229023001627,-4.528011157892661,59.22872867035629,34.3174291929891,40.862799030363114,25.24433780963548,74.49656465116992,-111.23430704153614,129.9011786502331,36.189388436233045,-108.93980955353828,14.099161295243498,-10.630067285415182,-0.5958580919335787,98.42267571477433,2.863590107670756
2026-07-12 00:00:00+00:00,"COUNTERFACTUAL WITH ASSUMED DATA - assumed: licensed live feed + courtside camera, not purchased; parameters from our measurements. No live ATP/WTA point feed was used. Tier-0 v3 blind tests (a) burned OOS (non-blind window) and (b) U2 unseen markets, research/v2/tier0_v3/PREREG.md.",-21.77687762446808,-1.8701052219629164,1.2369212039510575,-32.90194163819248,-84.06020237905804,7.770036227675008,-6.818795002035237,25.962075605017905,-5.643495018294515,6.36125624305629,-7.66718023119381,-1.9338074645196193,-4.406238136872121,-35.41144251700412,-4.131941044271345,-24.599130581244825,-11.901921979283284,-40.277326431534604,-35.39916010288909,26.35190537855687
2026-07-13 00:00:00+00:00,"COUNTERFACTUAL WITH ASSUMED DATA - assumed: licensed live feed + courtside camera, not purchased; parameters from our measurements. No live ATP/WTA point feed was used. Tier-0 v3 blind tests (a) burned OOS (non-blind window) and (b) U2 unseen markets, research/v2/tier0_v3/PREREG.md.",0.0,3.7569223505453784,28.307498630699044,7.553266935319888,-47.628315299865626,12.718609856821452,-24.003226222429067,-12.678391687754054,0.0,-10.312118937621362,-1.9898197190047864,0.0,0.0,0.0,0.7958256591179679,-32.986447084531825,-38.167367130551824,0.0,0.0,-20.274076584051457
2026-07-14 00:00:00+00:00,"COUNTERFACTUAL WITH ASSUMED DATA - assumed: licensed live feed + courtside camera, not purchased; parameters from our measurements. No live ATP/WTA point feed was used. Tier-0 v3 blind tests (a) burned OOS (non-blind window) and (b) U2 unseen markets, research/v2/tier0_v3/PREREG.md.",23.258319678078802,2.492614733608621,-9.890166960531213,-8.209604726787706,1.3886160985658726,-1.4229948370924257,-13.26257260994132,-0.07956516191174687,0.06511858593356484,-31.399069471376855,-23.687291339952328,0.0,0.10626884240422088,-12.52340585056298,-17.438833187937814,0.0,21.830175313024498,-12.405468322949703,2.680532867649107,-5.680142028195099
2026-07-15 00:00:00+00:00,"COUNTERFACTUAL WITH ASSUMED DATA - assumed: licensed live feed + courtside camera, not purchased; parameters from our measurements. No live ATP/WTA point feed was used. Tier-0 v3 blind tests (a) burned OOS (non-blind window) and (b) U2 unseen markets, research/v2/tier0_v3/PREREG.md.",29.838047931584327,-44.57185501760898,-46.48459249156106,-35.91634467429944,5.941833360996085,-8.558634218327693,-48.16466686449064,31.311311337745362,100.00009383607157,-14.443820654161783,50.05039828343014,-0.7852541092178211,-36.670088527491664,-49.59605465277056,-23.75853954023707,30.995279502014615,64.30400905768836,2.4637568584173106,-24.68339805575765,-48.09782136186531
2026-07-16 00:00:00+00:00,"COUNTERFACTUAL WITH ASSUMED DATA - assumed: licensed live feed + courtside camera, not purchased; parameters from our measurements. No live ATP/WTA point feed was used. Tier-0 v3 blind tests (a) burned OOS (non-blind window) and (b) U2 unseen markets, research/v2/tier0_v3/PREREG.md.",10.04343618270078,19.401703789161612,-6.201705426800698,-19.173103035277034,66.61100058585647,57.87938287643716,-10.90636968616672,-25.672466303991502,1.666841249096668,-17.410422651867545,149.2808591637649,-37.08472383032792,-146.84213842315032,9.802355508700117,-47.0709660285204,-12.260887037998948,2.076572602558559,-41.45246000277171,55.89841349519477,14.315135735781029
2026-07-17 00:00:00+00:00,"COUNTERFACTUAL WITH ASSUMED DATA - assumed: licensed live feed + courtside camera, not purchased; parameters from our measurements. No live ATP/WTA point feed was used. Tier-0 v3 blind tests (a) burned OOS (non-blind window) and (b) U2 unseen markets, research/v2/tier0_v3/PREREG.md.",-59.68705284711231,-3.941886875544464,76.44774680668706,28.413582767594814,34.96819761500033,49.4828519874873,-52.863535657939295,-33.10352792257339,-42.51183618705132,-10.46256069094647,-28.933166085553005,-77.97532774228013,-64.46766383460776,36.02600446978745,-93.812425320058,-3.5603117499634833,-54.7139550302208,6.751161611669878,-72.09748845386412,-43.23031315445716
2026-07-18 00:00:00+00:00,"COUNTERFACTUAL WITH ASSUMED DATA - assumed: licensed live feed + courtside camera, not purchased; parameters from our measurements. No live ATP/WTA point feed was used. Tier-0 v3 blind tests (a) burned OOS (non-blind window) and (b) U2 unseen markets, research/v2/tier0_v3/PREREG.md.",-0.9408749670545439,-28.617141364045565,61.97537367582024,-51.123109729361516,47.91638200323087,38.00614067681757,-26.730036935821165,38.129732388614656,-0.11806705931182648,8.694507535949459,50.047251959422404,22.662320565032104,7.326636070550423,0.0,-14.065210984037071,32.9660186560989,32.707630340957195,9.719579835577221,-39.59925232202552,0.03375864610408558
2026-07-19 00:00:00+00:00,"COUNTERFACTUAL WITH ASSUMED DATA - assumed: licensed live feed + courtside camera, not purchased; parameters from our measurements. No live ATP/WTA point feed was used. Tier-0 v3 blind tests (a) burned OOS (non-blind window) and (b) U2 unseen markets, research/v2/tier0_v3/PREREG.md.",-49.84178777727796,48.6517006268893,-18.295612524409123,-36.53059773780748,-75.45192920002457,10.178742354627234,-98.12185538562406,-51.73053725948137,87.37440824648718,56.73242658197402,-40.8099150928602,41.937563870929644,-17.225892659697404,-19.13242842488097,22.091585607113775,-55.76029764506681,-78.02267510934858,30.175300247043875,77.42767167452274,-76.13570738721123
2026-07-20 00:00:00+00:00,"COUNTERFACTUAL WITH ASSUMED DATA - assumed: licensed live feed + courtside camera, not purchased; parameters from our measurements. No live ATP/WTA point feed was used. Tier-0 v3 blind tests (a) burned OOS (non-blind window) and (b) U2 unseen markets, research/v2/tier0_v3/PREREG.md.",0.0,0.3465424846689822,-1.963947314771621,9.994502321255222,0.0,0.009835198351562923,0.0,0.0,2.711651354218886,0.0,-0.43913790130572994,2.5563612943869094,-1.0638756809698744,0.0,0.0,6.063301944011957,-35.64697961046484,0.10736379023884537,-0.5934126147515465,0.0
2026-07-21 00:00:00+00:00,"COUNTERFACTUAL WITH ASSUMED DATA - assumed: licensed live feed + courtside camera, not purchased; parameters from our measurements. No live ATP/WTA point feed was used. Tier-0 v3 blind tests (a) burned OOS (non-blind window) and (b) U2 unseen markets, research/v2/tier0_v3/PREREG.md.",-9.474614155338422,9.487146730857196,0.0,0.0,-0.7480539931068838,8.353994171342908,9.380849836070507,0.0,-18.974134296200017,-2.5797418184319727,-20.10066395222265,0.0,0.0,0.0,-13.790691271998988,-3.2638398128398856,-32.1539764796215,8.005108340626386,36.598260606437606,-6.296342066767752
2026-07-22 00:00:00+00:00,"COUNTERFACTUAL WITH ASSUMED DATA - assumed: licensed live feed + courtside camera, not purchased; parameters from our measurements. No live ATP/WTA point feed was used. Tier-0 v3 blind tests (a) burned OOS (non-blind window) and (b) U2 unseen markets, research/v2/tier0_v3/PREREG.md.",0.0,0.0,-12.218647977923606,-18.175045599932147,0.7480338870380039,-4.473066980407272,4.979489826299625,-6.315499352262359,-36.19903538252567,0.5047655252528714,0.04920423313479371,-15.602080975429972,-7.385283413072544,0.0,1.5972487093231211,-5.847270047599778,0.0,0.3199146102576142,0.0,3.822985573343309
2026-07-23 00:00:00+00:00,"COUNTERFACTUAL WITH ASSUMED DATA - assumed: licensed live feed + courtside camera, not purchased; parameters from our measurements. No live ATP/WTA point feed was used. Tier-0 v3 blind tests (a) burned OOS (non-blind window) and (b) U2 unseen markets, research/v2/tier0_v3/PREREG.md.",-9.342762486231692,11.856881597090565,102.64753015545885,-32.43669050544647,-59.51584665464388,81.94534625939673,65.14946206900495,26.76858620354085,-68.14782862745845,69.20926303646726,-5.399037259409511,9.019971318958993,46.6139558473538,36.14581981343752,0.0,43.77854065437744,-25.997589302850315,-68.53728131272896,-7.915450552720594,-8.890355834393317
2026-07-24 00:00:00+00:00,"COUNTERFACTUAL WITH ASSUMED DATA - assumed: licensed live feed + courtside camera, not purchased; parameters from our measurements. No live ATP/WTA point feed was used. Tier-0 v3 blind tests (a) burned OOS (non-blind window) and (b) U2 unseen markets, research/v2/tier0_v3/PREREG.md.",20.32375275468592,0.0,-4.306498122604931,45.488192139377716,61.758045610950084,136.0854870528352,104.40327581575215,98.35383443496042,-80.76551502047835,-119.38046838320845,-33.80130008671299,78.58391090828886,81.39312634563395,-18.986461816241867,95.06547159901514,30.279551695182043,-5.373789685578744,78.21340670285556,-160.77840698068164,41.4154535641967
2026-07-25 00:00:00+00:00,"COUNTERFACTUAL WITH ASSUMED DATA - assumed: licensed live feed + courtside camera, not purchased; parameters from our measurements. No live ATP/WTA point feed was used. Tier-0 v3 blind tests (a) burned OOS (non-blind window) and (b) U2 unseen markets, research/v2/tier0_v3/PREREG.md.",-35.28365538624051,-41.69785151650322,28.917170689420555,13.006801469223918,-128.03766214104033,138.06776560049224,-37.49963778511323,-114.93351425345539,11.71522646911573,60.76585397443911,-4.314853543586104,79.5805634419622,-21.242568330909656,151.0114384577655,58.16115470848952,-125.45969877273156,-73.52960796220984,51.00701873155323,2.4601400396904958,49.16795511257114
2026-07-26 00:00:00+00:00,"COUNTERFACTUAL WITH ASSUMED DATA - assumed: licensed live feed + courtside camera, not purchased; parameters from our measurements. No live ATP/WTA point feed was used. Tier-0 v3 blind tests (a) burned OOS (non-blind window) and (b) U2 unseen markets, research/v2/tier0_v3/PREREG.md.",-79.34873307379658,-64.11443709246207,-7.901716745307798,-61.60622572609639,79.49856599817444,-1.3381835871908283,-74.36762613487295,-49.22324029256665,-53.72167980222284,20.16158336115777,-69.19345174096112,-54.43497567363276,57.16089016397575,-17.254540299733552,25.800858450213624,-60.62446170825372,36.58044291581536,100.12399160807813,-136.9419224072708,-93.38016857711864
2026-07-27 00:00:00+00:00,"COUNTERFACTUAL WITH ASSUMED DATA - assumed: licensed live feed + courtside camera, not purchased; parameters from our measurements. No live ATP/WTA point feed was used. Tier-0 v3 blind tests (a) burned OOS (non-blind window) and (b) U2 unseen markets, research/v2/tier0_v3/PREREG.md.",-92.54612038011919,16.179768594993966,-139.95709099760447,-28.395319123068354,-105.09733755497054,-15.612778215549534,-62.363923612340436,21.268911868107164,-56.70028162296506,-3.1110340629877076,80.94651818158682,14.880373008162746,71.95676608691099,-10.55935127628899,-46.1421175122851,16.32871610571123,-20.898158109135295,-23.053768902831074,7.360562269273395,11.073000358849301
2026-07-28 00:00:00+00:00,"COUNTERFACTUAL WITH ASSUMED DATA - assumed: licensed live feed + courtside camera, not purchased; parameters from our measurements. No live ATP/WTA point feed was used. Tier-0 v3 blind tests (a) burned OOS (non-blind window) and (b) U2 unseen markets, research/v2/tier0_v3/PREREG.md.",29.288616524782018,-37.563243983740115,3.695602557172643,-13.783519472599266,33.47274318012223,10.791434250140615,-51.78773472022078,-92.38749221399871,44.308128615669666,68.55711844582429,8.26752809327705,-64.26791492623607,-23.06479870356364,13.142843484059913,-41.33072188131597,1.8983810556712721,-40.257140144121294,-20.292839770798725,97.54739616707315,-13.049817573516368
2026-07-29 00:00:00+00:00,"COUNTERFACTUAL WITH ASSUMED DATA - assumed: licensed live feed + courtside camera, not purchased; parameters from our measurements. No live ATP/WTA point feed was used. Tier-0 v3 blind tests (a) burned OOS (non-blind window) and (b) U2 unseen markets, research/v2/tier0_v3/PREREG.md.",-3.6710351254310507,0.0,25.761375145744797,-21.239425200224176,46.58667545433174,0.0,-25.588744908081576,-25.332890020242388,2.7053777126240712,-38.39037882783715,0.0,-8.273964547610854,0.0,0.0,-56.02159419591482,-5.934628198676781,0.0,0.0,-2.3886700047050096,1.4523389505566924
2026-07-30 00:00:00+00:00,"COUNTERFACTUAL WITH ASSUMED DATA - assumed: licensed live feed + courtside camera, not purchased; parameters from our measurements. No live ATP/WTA point feed was used. Tier-0 v3 blind tests (a) burned OOS (non-blind window) and (b) U2 unseen markets, research/v2/tier0_v3/PREREG.md.",42.40633057529742,27.396636281727783,74.13474748318723,-13.566291556769842,59.451921284114334,-76.8108347283523,-61.68093202891417,51.67541091216299,135.49815105207162,-33.36976755467517,14.365237934689134,7.62214401279213,1.9414539056148588,39.57429969514881,-73.4232028954439,57.170951527221085,48.43558659696973,4.2983357101964135,95.77248502334824,-39.243196580136875
2026-07-31 00:00:00+00:00,"COUNTERFACTUAL WITH ASSUMED DATA - assumed: licensed live feed + courtside camera, not purchased; parameters from our measurements. No live ATP/WTA point feed was used. Tier-0 v3 blind tests (a) burned OOS (non-blind window) and (b) U2 unseen markets, research/v2/tier0_v3/PREREG.md.",-108.03263722212016,-35.26949304202415,-9.816985466006734,-75.97054189520152,-89.7554336615121,-40.10890630980501,82.38502358924507,-45.792429290721465,-15.7692618908995,34.94519392012145,-7.740479649113809,-20.719492934018593,132.73364949180137,-61.35390869189714,-78.59913836590573,130.61788783868363,-126.88321833000192,-7.638585182515811,106.320706376174,182.85509170424442
2026-08-01 00:00:00+00:00,"COUNTERFACTUAL WITH ASSUMED DATA - assumed: licensed live feed + courtside camera, not purchased; parameters from our measurements. No live ATP/WTA point feed was used. Tier-0 v3 blind tests (a) burned OOS (non-blind window) and (b) U2 unseen markets, research/v2/tier0_v3/PREREG.md.",-28.61146845995861,-5.632350877479156,25.389943493892346,-69.82986601226386,-23.72207294070621,-106.70987506823694,52.57828967735904,3.742269125335107,4.4777316368669435,10.476058164064755,34.40936245469754,9.220981977136798,-75.92102026452058,-18.151760206124802,54.45143250329802,85.11376775145585,-43.57139672443903,-34.14495423512744,39.00120938424824,-24.67201173119627
2026-08-02 00:00:00+00:00,"COUNTERFACTUAL WITH ASSUMED DATA - assumed: licensed live feed + courtside camera, not purchased; parameters from our measurements. No live ATP/WTA point feed was used. Tier-0 v3 blind tests (a) burned OOS (non-blind window) and (b) U2 unseen markets, research/v2/tier0_v3/PREREG.md.",-28.52590773005916,-11.836674552586722,-3.1704327279206392,49.794496368925955,-71.41139918340377,1.079063514105869,36.72151348097457,-49.79055792147763,6.296908611088979,-2.0339862156772046,46.88145838719857,73.40804791953114,31.473830349066493,-20.617081940132593,-47.095810482317624,-1.2762308981074524,19.119182351490824,31.36320619594879,-52.49343225801842,-40.15335900646946
2026-08-03 00:00:00+00:00,"COUNTERFACTUAL WITH ASSUMED DATA - assumed: licensed live feed + courtside camera, not purchased; parameters from our measurements. No live ATP/WTA point feed was used. Tier-0 v3 blind tests (a) burned OOS (non-blind window) and (b) U2 unseen markets, research/v2/tier0_v3/PREREG.md.",-17.913281582349555,3.927744733918834,84.87724441350984,-0.7502813212099559,-53.08875301395139,9.131810021056737,0.0011494265234148783,87.18252996854117,19.898315165403197,-43.4565913243013,-1.843419721715239,-8.501637943268838,17.795037430636683,80.4763721746605,-25.049724328728733,-44.65875347304898,14.617857734923582,43.68448633316035,-50.39292829994343,-22.40313830218504
2026-08-04 00:00:00+00:00,"COUNTERFACTUAL WITH ASSUMED DATA - assumed: licensed live feed + courtside camera, not purchased; parameters from our measurements. No live ATP/WTA point feed was used. Tier-0 v3 blind tests (a) burned OOS (non-blind window) and (b) U2 unseen markets, research/v2/tier0_v3/PREREG.md.",11.75780941742196,27.311655037301428,2.5674900651041814,-17.527173980009362,-39.761580642860885,-7.882958935178061,-34.98026740092774,5.258648219014581,0.05284072033934319,-1.3327128056501927,58.79633301259589,39.20342488041994,9.144628575760793,8.983319039200982,0.5641262299993693,21.40826865583483,-28.3765697244889,-16.11993940990472,-0.7049485529537078,-26.534769520727238
2026-08-05 00:00:00+00:00,"COUNTERFACTUAL WITH ASSUMED DATA - assumed: licensed live feed + courtside camera, not purchased; parameters from our measurements. No live ATP/WTA point feed was used. Tier-0 v3 blind tests (a) burned OOS (non-blind window) and (b) U2 unseen markets, research/v2/tier0_v3/PREREG.md.",1.7217975991506071,0.0,0.0,0.0,0.0,0.0,0.0,0.0,0.0,-1.4016581314374044,1.5713890727774509,0.0,0.0,-1.6212706350051258,-7.4339380737775596,0.0,0.9754744819719572,0.0,29.67067695899275,0.0
2026-08-06 00:00:00+00:00,"COUNTERFACTUAL WITH ASSUMED DATA - assumed: licensed live feed + courtside camera, not purchased; parameters from our measurements. No live ATP/WTA point feed was used. Tier-0 v3 blind tests (a) burned OOS (non-blind window) and (b) U2 unseen markets, research/v2/tier0_v3/PREREG.md.",-4.261799806885127,0.0,0.0,0.0,12.019606268269829,-14.35900289543465,0.0,6.060674501884394,16.13945081644624,21.745347598531147,-21.340284087555723,5.218777580799406,-13.957460945509576,-52.402327480662066,3.0488113676194573,-43.182017101852466,-37.623235672011134,-17.3185633938148,-14.152283558012623,42.71958219003897
2026-08-07 00:00:00+00:00,"COUNTERFACTUAL WITH ASSUMED DATA - assumed: licensed live feed + courtside camera, not purchased; parameters from our measurements. No live ATP/WTA point feed was used. Tier-0 v3 blind tests (a) burned OOS (non-blind window) and (b) U2 unseen markets, research/v2/tier0_v3/PREREG.md.",-22.264456401577547,-47.17115207822805,144.94083442077192,-70.08629192337978,-16.885770275474766,85.25008574398205,-14.043514657092757,63.5954482492186,41.0026211328225,-30.752596600086623,-2.760834381860944,8.14779920062784,-69.27451358887535,-84.00813439640186,-59.25428895449004,33.90963967880882,-89.05484129818747,72.70427760503703,-68.58299963741275,42.41831844293713
2026-08-08 00:00:00+00:00,"COUNTERFACTUAL WITH ASSUMED DATA - assumed: licensed live feed + courtside camera, not purchased; parameters from our measurements. No live ATP/WTA point feed was used. Tier-0 v3 blind tests (a) burned OOS (non-blind window) and (b) U2 unseen markets, research/v2/tier0_v3/PREREG.md.",-69.03764046522089,66.66034912628166,-3.43876314219597,63.00048320702614,-16.634485334175103,39.14103286544285,-27.850231050744824,-140.27357876024874,-36.90890614656206,-104.79450697321913,8.880861825545775,-58.24056089888052,-58.83378093343869,-61.164428068290526,35.2135276079193,-0.24803628105289377,-19.563486199332168,-73.22551815664498,1.8177056402415097,103.99678702183142
2026-08-09 00:00:00+00:00,"COUNTERFACTUAL WITH ASSUMED DATA - assumed: licensed live feed + courtside camera, not purchased; parameters from our measurements. No live ATP/WTA point feed was used. Tier-0 v3 blind tests (a) burned OOS (non-blind window) and (b) U2 unseen markets, research/v2/tier0_v3/PREREG.md.",149.5023436301657,49.3366288895641,64.12262104784486,60.67350302666715,60.07883181959273,-203.65300622277095,12.355649590404866,-94.4461470766331,46.446852467281154,-27.198090080705242,-119.55186136902154,-143.06594725924566,-61.581077929072826,-105.44483677400787,286.9656057353229,-94.1024245232448,-114.70622487391647,-57.82756873789894,65.03393879755596,118.47825824069677
2026-08-10 00:00:00+00:00,"COUNTERFACTUAL WITH ASSUMED DATA - assumed: licensed live feed + courtside camera, not purchased; parameters from our measurements. No live ATP/WTA point feed was used. Tier-0 v3 blind tests (a) burned OOS (non-blind window) and (b) U2 unseen markets, research/v2/tier0_v3/PREREG.md.",0.0,-11.812335762790028,-9.145261355846468,-2.1869108482027038,-0.09868457642162252,3.0123550135316544,-0.00824436804073724,0.40424310522901014,8.505965945931099,0.0,-2.8016943369016003,24.745567807549257,-30.01606841705615,7.115145184373487,-10.427838904711207,-13.814772718686317,-27.565770273602258,-10.017942350412987,-22.38566592866636,0.39218562162993886
2026-08-11 00:00:00+00:00,"COUNTERFACTUAL WITH ASSUMED DATA - assumed: licensed live feed + courtside camera, not purchased; parameters from our measurements. No live ATP/WTA point feed was used. Tier-0 v3 blind tests (a) burned OOS (non-blind window) and (b) U2 unseen markets, research/v2/tier0_v3/PREREG.md.",-11.313048174565708,-80.63486427331138,51.74431219082251,-18.910603337063115,-58.640431392172864,-51.58887174518195,-46.90968708335143,-77.96470339352399,-75.14037886656993,0.0,-77.20575336147184,-43.24205712317995,-43.06945546864904,68.94569137258992,48.88981464555637,-24.66933729456569,4.135379931485251,41.76518568664427,63.72599218856269,-1.0495
2026-08-12 00:00:00+00:00,"COUNTERFACTUAL WITH ASSUMED DATA - assumed: licensed live feed + courtside camera, not purchased; parameters from our measurements. No live ATP/WTA point feed was used. Tier-0 v3 blind tests (a) burned OOS (non-blind window) and (b) U2 unseen markets, research/v2/tier0_v3/PREREG.md.",-57.01076172212522,-4.58977644661997,-34.588904561665494,27.857921169669364,-60.93252545825166,20.75184168612478,61.0017106286931,-7.713822516800778,-17.12345672563044,41.346704511024186,-75.66980770913938,-60.928985805728985,-56.7198785714337,57.804104244802566,27.404295611464036,55.886881173622974,17.871439336615918,-51.430028335169794,-41.47503032826989,-30.208056922524673
2026-08-13 00:00:00+00:00,"COUNTERFACTUAL WITH ASSUMED DATA - assumed: licensed live feed + courtside camera, not purchased; parameters from our measurements. No live ATP/WTA point feed was used. Tier-0 v3 blind tests (a) burned OOS (non-blind window) and (b) U2 unseen markets, research/v2/tier0_v3/PREREG.md.",79.59692066359777,1.698515106538986,-5.259575587861278,23.43724967234426,-63.26255283530386,-36.91136163520406,3.729211563629599,-77.3203401798482,-43.43720908950694,21.642907656080645,-35.88866480956577,-70.4248092079402,-38.568772905039985,-45.91988876719275,-22.793340163252573,51.59968358883318,-110.74127366822817,-26.344083744648383,-51.67361448216122,-113.29206212292566
2026-08-14 00:00:00+00:00,"COUNTERFACTUAL WITH ASSUMED DATA - assumed: licensed live feed + courtside camera, not purchased; parameters from our measurements. No live ATP/WTA point feed was used. Tier-0 v3 blind tests (a) burned OOS (non-blind window) and (b) U2 unseen markets, research/v2/tier0_v3/PREREG.md.",19.450069712767263,-25.62871342301578,-20.395054246628725,9.170833488057886,-43.02585941290123,-61.07298254657482,36.01389296703658,32.7510639547163,-58.432952245567094,16.68679914227513,13.279240397134085,-22.051819583336663,21.428759325696923,-31.04832156197365,-7.609543636343857,32.26904030782983,-20.01468080606827,-52.80979520725077,-25.197926510445484,-45.39261257898198
2026-08-15 00:00:00+00:00,"COUNTERFACTUAL WITH ASSUMED DATA - assumed: licensed live feed + courtside camera, not purchased; parameters from our measurements. No live ATP/WTA point feed was used. Tier-0 v3 blind tests (a) burned OOS (non-blind window) and (b) U2 unseen markets, research/v2/tier0_v3/PREREG.md.",-59.18921652342778,-63.69200531157313,-0.6092115217506994,13.509752267860076,0.2659460250246384,-4.8079313422828305,-2.6366070948889604,-0.2842885103746946,1.7905186274042129,-49.13083780613407,-0.14241540351229215,-52.327554742271474,-26.83003128559577,-5.594606003403213,-38.1669306503596,-17.684574356287023,-18.15287429448377,27.386550058548494,40.4934326182774,-11.907048343650189
2026-08-16 00:00:00+00:00,"COUNTERFACTUAL WITH ASSUMED DATA - assumed: licensed live feed + courtside camera, not purchased; parameters from our measurements. No live ATP/WTA point feed was used. Tier-0 v3 blind tests (a) burned OOS (non-blind window) and (b) U2 unseen markets, research/v2/tier0_v3/PREREG.md.",22.252913031712385,-4.148990413283141,71.24278699294607,19.888938379075274,28.358906378503203,42.17366088495715,-31.803377086226618,31.833249974092237,21.43414156032953,-30.721560909320978,66.10027031303827,-27.118473315391867,147.03160123036338,20.50943389620375,115.7960218355106,-84.13117214984312,-0.023328784004623536,1.860910438901085,-75.97298443394578,39.61901560859823
2026-08-17 00:00:00+00:00,"COUNTERFACTUAL WITH ASSUMED DATA - assumed: licensed live feed + courtside camera, not purchased; parameters from our measurements. No live ATP/WTA point feed was used. Tier-0 v3 blind tests (a) burned OOS (non-blind window) and (b) U2 unseen markets, research/v2/tier0_v3/PREREG.md.",-29.71326246884353,-23.563749322162977,-43.584053816513546,-69.05243841092012,-29.813548805174584,-40.05494744416062,-44.4770245804634,8.399811328181364,142.24817378774713,13.409644691788337,19.863480995723165,88.86709949121692,61.064683456048854,4.151058014883397,3.7341618874135665,-46.265002215406454,29.770862831985557,-23.018140323341164,-20.195331067796474,-46.06714678428175
2026-08-18 00:00:00+00:00,"COUNTERFACTUAL WITH ASSUMED DATA - assumed: licensed live feed + courtside camera, not purchased; parameters from our measurements. No live ATP/WTA point feed was used. Tier-0 v3 blind tests (a) burned OOS (non-blind window) and (b) U2 unseen markets, research/v2/tier0_v3/PREREG.md.",20.333156026283913,-3.116290251158423,-19.229900480324005,22.60365456488624,-72.83730488869027,63.98733459615284,-49.35472428755697,34.514053225831525,-40.58969061969058,-22.79394730485166,-35.61998036891322,4.90322030466633,58.09926345387181,32.173466410610686,0.5945598631663983,-31.269961455341146,5.962255815919688,-18.944444765477765,-17.63945941981263,37.932852623346186
2026-08-19 00:00:00+00:00,"COUNTERFACTUAL WITH ASSUMED DATA - assumed: licensed live feed + courtside camera, not purchased; parameters from our measurements. No live ATP/WTA point feed was used. Tier-0 v3 blind tests (a) burned OOS (non-blind window) and (b) U2 unseen markets, research/v2/tier0_v3/PREREG.md.",69.93858777938644,101.90833865260046,5.765065926381704,44.97690109714285,-14.479181444807892,1.0920279619170705,41.19634695676693,-29.095194196206787,23.362831672519924,11.701881813539392,99.56600102898797,-55.85972434075175,-66.81304029073488,-18.596767033084546,-15.403131277036898,-54.84110793464207,26.73005006068815,-8.112436498501987,-69.14319077361543,-23.58521017066239
2026-08-20 00:00:00+00:00,"COUNTERFACTUAL WITH ASSUMED DATA - assumed: licensed live feed + courtside camera, not purchased; parameters from our measurements. No live ATP/WTA point feed was used. Tier-0 v3 blind tests (a) burned OOS (non-blind window) and (b) U2 unseen markets, research/v2/tier0_v3/PREREG.md.",-26.57866335096589,1.691755702309914,77.31159846009231,-36.02988222442638,-16.498090935826912,-9.082775510261017,34.38649720206914,-7.5910589392337995,29.742656124553903,-2.667304738786123,-73.17655042626042,45.83701246667681,37.06596615985048,-58.45660739048009,20.05365550556437,-4.735879576339403,-45.854122191733595,60.4663889206322,-54.084902612794664,-33.23461930732302
2026-08-21 00:00:00+00:00,"COUNTERFACTUAL WITH ASSUMED DATA - assumed: licensed live feed + courtside camera, not purchased; parameters from our measurements. No live ATP/WTA point feed was used. Tier-0 v3 blind tests (a) burned OOS (non-blind window) and (b) U2 unseen markets, research/v2/tier0_v3/PREREG.md.",-14.028004404254872,91.96711415167523,-49.87035024857922,160.24666397126202,83.634107106472,-101.80042289741944,-47.569067021943,-95.9226502701915,-68.38087040594412,-1.7826217613450055,12.739082617125728,-31.99305166084581,-60.37733046643608,-22.401869136644514,93.25875032462935,-18.217222959181704,-96.33566430908974,142.53044018534314,20.126221524615346,-129.97964166292522
2026-08-22 00:00:00+00:00,"COUNTERFACTUAL WITH ASSUMED DATA - assumed: licensed live feed + courtside camera, not purchased; parameters from our measurements. No live ATP/WTA point feed was used. Tier-0 v3 blind tests (a) burned OOS (non-blind window) and (b) U2 unseen markets, research/v2/tier0_v3/PREREG.md.",-5.865070487020377,-1.9300306819797335,-2.0810941335761335,-10.619374332494264,-73.8248503421803,18.551880943039865,-164.26333104139832,-38.24102731554151,-1.2504465617319258,7.838357252854867,14.48327355372088,39.78093184727976,6.428567447078681,-119.50507381133342,131.0050674261061,69.08522096730795,11.460506022128174,-6.095797582052517,-10.603712231472336,3.1225975739600442
2026-08-23 00:00:00+00:00,"COUNTERFACTUAL WITH ASSUMED DATA - assumed: licensed live feed + courtside camera, not purchased; parameters from our measurements. No live ATP/WTA point feed was used. Tier-0 v3 blind tests (a) burned OOS (non-blind window) and (b) U2 unseen markets, research/v2/tier0_v3/PREREG.md.",-117.98142237971868,-29.023497653291564,-42.24549087618804,4.285232241820591,68.30394269076542,-74.34175000064259,-75.87353618208746,3.5453315125516998,19.77745853237667,-16.220094866895295,76.19924191476744,56.08254260206817,-28.125150289493476,-42.60791243349195,-2.413705506029923,14.629845997810305,-168.04084343561914,80.56745900797553,23.49083264412925,133.72899293677597
2026-08-24 00:00:00+00:00,"COUNTERFACTUAL WITH ASSUMED DATA - assumed: licensed live feed + courtside camera, not purchased; parameters from our measurements. No live ATP/WTA point feed was used. Tier-0 v3 blind tests (a) burned OOS (non-blind window) and (b) U2 unseen markets, research/v2/tier0_v3/PREREG.md.",2.9533380281243033,0.0,-2.044764778577421,-2.107308914744452,0.012528633403753675,-3.3774125793495187,0.9708460379903766,-1.0255391331265757,0.5082346306289433,3.5615551269944845,1.8129990826680564,0.12110548071465704,-0.06834553760395981,8.191301430713626,-0.5842929825827429,0.006547992944154701,-0.21415371826238905,0.0,1.7671964108017124,-0.05654976169505993
2026-08-25 00:00:00+00:00,"COUNTERFACTUAL WITH ASSUMED DATA - assumed: licensed live feed + courtside camera, not purchased; parameters from our measurements. No live ATP/WTA point feed was used. Tier-0 v3 blind tests (a) burned OOS (non-blind window) and (b) U2 unseen markets, research/v2/tier0_v3/PREREG.md.",85.39127828936732,-67.78967671090317,41.89760333822947,77.25562419556354,89.48954352021227,-56.62993411145712,18.76214113378408,-46.58125337010035,0.7455892653974966,-53.67419375709299,70.17781011184644,68.44486038046574,-56.150173883302394,28.0090486487498,-52.94542719889937,71.53603580404776,98.60198501711973,59.72663526117404,43.81913584141002,-45.69972037008725
2026-08-26 00:00:00+00:00,"COUNTERFACTUAL WITH ASSUMED DATA - assumed: licensed live feed + courtside camera, not purchased; parameters from our measurements. No live ATP/WTA point feed was used. Tier-0 v3 blind tests (a) burned OOS (non-blind window) and (b) U2 unseen markets, research/v2/tier0_v3/PREREG.md.",-0.40359547011433805,5.326405860391759,-42.60447657581402,29.3930243584293,-16.598637938825757,-27.212130786558287,0.0,48.75884131069269,-0.1429234522339074,10.163450503288956,2.6975814873034483,0.0,-23.56815813223772,-43.21259185657853,-6.565930518699352,-7.836799007515108,-29.553454034775303,3.790275915259876,0.0,39.8261662488014
