,A0_base_usd1k_match3k,F8_rp_zone05_wallet_net2000,F10_F8_25pct,G_25pct_net100,G_50pct_net250,G_50pct_net100,G_100pct_net250
2026-02-01 00:00:00+00:00,502.29739706987044,268.553214540428,92.97544462173585,70.56500932628377,190.5639991069068,95.31591922677529,184.93099678151927
2026-02-02 00:00:00+00:00,244.1725566807641,159.27595323331303,70.35335405290104,68.18603757680094,102.55254170448649,43.69578244900455,128.07692424543197
2026-02-03 00:00:00+00:00,272.44482454949014,45.33355090011097,20.52126434268483,10.22862625855121,36.26534606414232,8.583541122226245,43.70820849837952
2026-02-04 00:00:00+00:00,338.8562539118491,123.83029560936623,54.293587124718094,17.421597812125825,37.33447324878846,32.5973676382626,27.527947104685857
2026-02-05 00:00:00+00:00,396.0908457940323,84.28822852384019,26.94422581123016,-1.496371319652052,3.3289605151712314,-43.72339139905626,-7.990645852172634
2026-02-06 00:00:00+00:00,313.96992182495114,69.7768664175826,52.61538787335178,38.228574291024934,47.905886790713375,20.73510444138976,22.51929827199665
2026-02-07 00:00:00+00:00,811.444385503066,186.11796287575982,88.35740013465168,64.74155012042101,99.45401104325943,71.158594163271,122.76882629564214
2026-02-08 00:00:00+00:00,292.90826488204925,102.92574679776894,27.635971243136233,29.60048872866739,99.18559602261347,62.29577172423173,109.51407675416607
2026-02-09 00:00:00+00:00,995.5340213972978,159.8402234835761,77.41470173209228,49.48318463240986,59.9037401980413,79.16786389529945,97.31667700210285
2026-02-10 00:00:00+00:00,552.3980100514904,111.45939087852732,57.302489540394106,64.349759323995,89.59829316395079,98.6033235046712,108.65367126208342
2026-02-11 00:00:00+00:00,1084.024172139698,73.69548117817584,53.38108083792841,41.03284466384382,23.754357553392634,42.180625897242905,22.465042302600544
2026-02-12 00:00:00+00:00,-105.74634470907186,64.75818252196447,57.85160061961675,56.40182344264169,79.7090635354832,41.01532689008993,52.144319751085135
2026-02-13 00:00:00+00:00,-385.7819521649506,26.8352089781742,14.855101962723946,13.78270852754571,38.78875863277918,20.088853558492914,-10.12609653928843
2026-02-14 00:00:00+00:00,-52.6547025263622,-1.7310861365741492,-2.7164198651003435,-7.578759543856928,-30.91187821300938,-4.051171797772581,0.2373404840982003
2026-02-15 00:00:00+00:00,-222.40997857982188,35.775728917919025,16.567734243303434,29.788014711118272,96.25160578798705,88.41471957103177,108.26623438019021
2026-02-16 00:00:00+00:00,-13.988244276578934,129.30208902689495,85.46194415501371,52.17089267912238,107.70198227707658,25.210770282023105,81.56102715081344
2026-02-17 00:00:00+00:00,1020.7518734222043,483.9401267735769,203.33822082733963,157.76638380980725,365.61640353923593,207.9060582029741,423.92513529312583
2026-02-18 00:00:00+00:00,435.7124874507114,340.7093109915369,122.61297843793811,103.59428716138092,223.16844666319628,122.50834909769533,252.21525277831623
2026-02-19 00:00:00+00:00,-229.42859459982546,135.67102935176445,35.96521194007712,27.30475943746855,112.09160386719013,58.513669569500856,112.14899267739898
2026-02-20 00:00:00+00:00,90.71540972563035,135.42313823433574,59.556563231054874,34.37551654676097,54.45681483729029,15.324436761466856,28.592944265925844
2026-02-21 00:00:00+00:00,19.998848302455674,31.14482638568013,20.889922305838567,54.13835335206402,96.56635779118135,35.4486576799094,118.93333562381332
2026-02-22 00:00:00+00:00,1173.8505511882788,399.09300619115817,140.50522206932894,115.34845765217977,299.23517002816425,170.56066256344653,365.8178048320935
2026-02-23 00:00:00+00:00,334.38114647402153,199.31677235812253,74.52222479121671,56.155033935619606,114.77547845832152,66.10951688228013,103.94100921818479
2026-02-24 00:00:00+00:00,274.0237898434697,-87.31826937729447,-17.135599486590586,-8.678537746523888,-46.096956262880276,-45.57027643974845,-49.424808565588634
2026-02-25 00:00:00+00:00,186.50129049934918,82.70555985646874,17.481490497878255,45.22180942277893,98.62262302533087,22.864322588534087,91.06010732785566
2026-02-26 00:00:00+00:00,871.0057372089029,92.41868713181945,34.33066619842012,17.345232338373197,84.97048498627376,49.59652884024434,163.7767328259518
2026-02-27 00:00:00+00:00,-218.1275032938578,-118.99292869515298,-46.46440317776745,-13.685956896561333,-4.700306772469373,4.4414117953190875,-8.089314468963188
2026-02-28 00:00:00+00:00,75.5320645631374,31.269129608018098,27.22400517336327,31.514659380345922,14.707298306848712,-6.221682448867393,18.388384871526647
2026-03-01 00:00:00+00:00,245.0312601228277,180.80359463230823,70.27576800006543,43.64441431631571,93.29124472463383,28.367426533698712,89.43294205437832
2026-03-02 00:00:00+00:00,557.7293571603491,420.8844792016427,205.16067317101727,135.0037241291525,242.1459189242479,198.86494466930773,316.3107530425186
2026-03-03 00:00:00+00:00,1278.5144054242687,680.0314989820725,276.1980180367808,208.77588695980674,476.8801591362773,247.93973561119876,447.60329676054306
2026-03-04 00:00:00+00:00,1287.1535404992367,455.45812981042246,227.51425684827592,177.97490023582088,346.78922099912813,284.1850263362591,506.9374097355406
2026-03-05 00:00:00+00:00,2.400002010799982,2.400002010799982,1.1107007112287246,0.5439924479623746,2.58155757479999,0.5211340927999969,2.58155757479999
2026-03-06 00:00:00+00:00,-34.38232745941968,11.47501854602688,6.242709827952355,6.116928789870587,4.767338212448278,1.893257163262331,2.787097722804898
2026-03-07 00:00:00+00:00,137.85495003318854,50.418991398874255,21.06250713640125,9.612452492339402,16.225045007874918,11.389049799983596,18.553562330464256
2026-03-08 00:00:00+00:00,47.524897637905696,5.9593628404588275,3.416970552197135,1.5780665528058937,2.707612840458824,0.8334824069893275,2.707612840458824
2026-03-09 00:00:00+00:00,8.859360975609754,3.9020201407196895,1.7159801167338888,0.7218000000000018,1.471800000000003,0.7218000000000018,1.471800000000003
2026-03-10 00:00:00+00:00,99.12385442908607,21.75886299959019,9.41168360246241,9.41168360246241,21.417360488155364,12.018416829085995,23.484056829085993
2026-03-11 00:00:00+00:00,0.0,0.0,0.0,0.0,0.0,0.0,0.0
2026-03-12 00:00:00+00:00,7.465627470775967,5.416188177837142,8.505071026793248,8.981128485550698,1.7027428196354968,9.0779320346355,1.7027428196354968
2026-03-13 00:00:00+00:00,4.278960312222843,12.34009109667475,10.581620384464982,10.80799687373393,14.488830862071408,8.983504276298886,12.026528770250883
2026-03-14 00:00:00+00:00,0.0,0.0,0.0,0.0,0.0,0.0,0.0
2026-03-15 00:00:00+00:00,0.0,0.0,0.0,0.0,0.0,0.0,0.0
2026-03-16 00:00:00+00:00,194.29625919107008,85.90791415680327,28.60480071287798,24.15843126972959,75.89775821611369,48.20431590792018,102.88950330561738
2026-03-17 00:00:00+00:00,-75.71244359149685,-6.877394568636284,-0.7881409643408812,-1.2261842160236363,4.344483824661701,-2.372994674795086,7.001125592904906
2026-03-18 00:00:00+00:00,47.91259309927893,13.863679112657984,7.365783160867786,7.4041331608677865,13.863679112657984,11.670568024999989,25.929319299999968
2026-03-19 00:00:00+00:00,81.14325963068231,26.6762900887396,9.104296585096488,8.47297488573496,23.873478385725583,13.6992820936595,33.89838520489678
2026-03-20 00:00:00+00:00,-2.6683373443459786,8.08231392675239,7.260470712632102,-0.03601824251730096,-3.411497206281335,-1.2989012386999887,-4.948719976987982
2026-03-21 00:00:00+00:00,171.70195727230168,65.34614205496376,25.991973055188332,20.205568081842948,45.19940060384672,28.049031988395516,53.58473804978851
2026-03-22 00:00:00+00:00,0.0,0.0,0.0,0.0,0.0,0.0,0.0
2026-03-23 00:00:00+00:00,0.0,0.0,0.0,0.0,0.0,0.0,0.0
2026-03-24 00:00:00+00:00,0.0,0.0,0.0,0.0,0.0,0.0,0.0
2026-03-25 00:00:00+00:00,0.0,0.0,0.0,0.0,0.0,0.0,0.0
2026-03-26 00:00:00+00:00,28.5727882146692,40.575092052329374,40.038327205495484,41.7389038337879,44.24841002114508,65.09436516908956,41.53523544060265
2026-03-27 00:00:00+00:00,149.31848555317004,229.56849340586513,133.0674398324093,109.20120982621734,204.60556920668483,126.30946880614253,217.26642501903302
2026-03-28 00:00:00+00:00,348.9515498905844,268.2029643025953,136.34367771217163,123.26107962713704,226.39545763118622,163.60993689830207,268.5682304881748
2026-03-29 00:00:00+00:00,75.81327260900271,107.70497189859861,49.64356045965447,40.82218153899956,45.06568219835167,46.493357960454496,41.273828322005144
2026-03-30 00:00:00+00:00,540.7434917872799,211.25827391725082,72.04609176406844,42.52625176265225,101.77036002818177,30.44705850530814,61.378826003017515
2026-03-31 00:00:00+00:00,375.6826473998902,227.32240316100567,126.85414897355193,154.41283045589083,228.34523775582326,221.1610664817019,223.87010786899737
2026-04-01 00:00:00+00:00,65.2731356257608,85.83123330096022,26.01855144633242,36.35401162439003,74.33671010857043,52.71112392889379,96.86501779223283
2026-04-02 00:00:00+00:00,98.92073014001178,229.5468584749572,103.96492295133878,14.994741844186178,1.850213282972379,36.5477544686442,117.33714888634444
2026-04-03 00:00:00+00:00,-398.9894741358512,-7.745604347987021,11.771954883260122,9.684410405328629,-7.430987654987326,-9.152146141392228,1.2474655974520161
2026-04-04 00:00:00+00:00,-477.5235590925513,56.42017539003973,-3.4800181709201334,-26.665102232996123,1.483012436753413,-10.245809181746028,-43.871833119137946
2026-04-05 00:00:00+00:00,605.4011610184916,225.9413612181091,59.66230997378002,44.57029376837571,138.19822854763677,105.30171200677032,136.51906224881722
2026-04-06 00:00:00+00:00,-343.7325189249918,-51.49380260198317,-40.11216028182857,-49.68457559573852,-68.44430055465412,-68.5385008190744,-140.74335725403165
2026-04-07 00:00:00+00:00,-1476.6251864493383,-13.721259644512793,0.6571992067057351,-12.816883408295178,-28.969267466057453,60.09138284890929,90.03251806329907
2026-04-08 00:00:00+00:00,-249.34268443483094,59.23932326299281,-11.42883837706238,-4.36709760275325,41.60689312168322,-4.684572101928692,-11.094047468928057
2026-04-09 00:00:00+00:00,-249.50199157690056,24.771056381937246,11.62491577432204,7.06384819113052,-0.7217089486575142,1.5581086604185712,-9.883481270900019
2026-04-10 00:00:00+00:00,-293.3957584950092,86.31693676114426,92.39409786823921,58.75192909943594,12.382803110509386,-10.849491103817224,-35.16692123233378
2026-04-11 00:00:00+00:00,220.30778301256868,156.31278277192052,81.51902738727914,77.26081075525971,154.58929859284666,97.74905048944434,211.92030498108056
2026-04-12 00:00:00+00:00,122.54291269908094,72.85379451468042,29.942223164503176,16.076068041695116,52.455246629624426,19.65460357853798,54.09871233448503
2026-04-13 00:00:00+00:00,283.30285025601387,178.31836269368378,69.51672204978654,45.3644069843572,96.72184317076835,79.06422559769983,132.36000591311563
2026-04-14 00:00:00+00:00,1038.3213217690334,382.88238439390295,149.0728710929623,118.00547934593948,279.28845214854164,164.16389153013012,346.6493728980338
2026-04-15 00:00:00+00:00,-659.5793049108745,267.1946468607002,147.70577990417047,91.99865884095104,182.51454838385058,115.96392653265744,196.1244496473709
2026-04-16 00:00:00+00:00,358.050874102227,245.71923075420693,109.33192156872732,89.63434167634489,179.78304950859774,92.82159516792412,145.26876213896625
2026-04-17 00:00:00+00:00,-159.36966243972452,8.075589323409766,27.41632784102301,29.2463241767874,23.51138714710669,17.775841803290227,-8.671659960756816
2026-04-18 00:00:00+00:00,42.263384025001244,-7.838349193852155,6.716885462104144,9.358277166522605,0.06774887528043161,13.228297035452172,40.02321641952219
2026-04-19 00:00:00+00:00,-88.61133964354347,-15.287418061369902,2.9141942673480186,1.766343168465292,-14.177177242547376,-23.19789174863751,-80.90269458041747
2026-04-20 00:00:00+00:00,183.74486090374057,93.3024770800123,40.80854560518884,13.33742374370902,7.145953654375289,10.876990109622955,9.088385251097908
2026-04-21 00:00:00+00:00,1437.9009042324299,500.9743100651738,247.28404196954656,159.51598605278656,252.98795131118868,196.55391204549977,376.2889864325714
2026-04-22 00:00:00+00:00,194.1629651356947,286.67116304912565,126.5812889962271,87.72071629666044,177.04197448042763,101.2808779703639,165.7838758901946
2026-04-23 00:00:00+00:00,685.3934658361537,338.19348336967187,165.78150896259476,130.35639098467522,245.31427739148418,140.43883603812333,273.8072572711974
2026-04-24 00:00:00+00:00,704.3128610240534,359.0873985767217,181.6351125492088,154.30077719087114,288.0128841600518,160.3853579528808,272.56193287204985
2026-04-25 00:00:00+00:00,40.58159550463468,66.31547120107328,40.48476810878367,22.810108621788796,58.34857586904102,39.02725005168274,83.81654055202078
2026-04-26 00:00:00+00:00,-243.71513060563473,96.31161017880095,47.15941807362034,6.936196816503999,-8.677597850980218,-19.76698878487573,-22.7371302505044
2026-04-27 00:00:00+00:00,-611.1203030893911,123.57704023153636,63.593739855920774,38.06496425565767,79.9852810950732,44.57023568939543,111.34087135365678
2026-04-28 00:00:00+00:00,941.7803032318739,296.89609297395003,163.51211008182986,152.30679100066766,180.52749129232086,133.04841015617833,125.24951203213237
2026-04-29 00:00:00+00:00,-386.1838241244151,138.5993617270919,96.76858458279563,78.81482860391425,123.26335212726734,102.19346526657853,151.05731210661713
2026-04-30 00:00:00+00:00,1504.1220168173934,335.063735071581,125.85946577489709,64.50039425851182,170.14888438565626,83.41012962481406,194.0359337143999
2026-05-01 00:00:00+00:00,-403.5901336753995,-42.212720382568236,22.490352945957834,24.619134902583717,-4.613325181291244,-18.887279219328125,-34.27138694584355
2026-05-02 00:00:00+00:00,-271.0808057082021,39.41833149794641,14.674736435232393,-0.6672843217712279,10.687877301627902,-20.97947144152357,-25.807693247955264
2026-05-03 00:00:00+00:00,-1.6648950248147871,-6.106287299462122,10.718810961094944,26.35164376312116,47.23949170514109,62.25393516579966,69.39799618083153
2026-05-04 00:00:00+00:00,-44.15540622920197,151.05357833212375,87.4466067748533,79.13918613678378,176.11377454369003,130.65387968166803,213.7496894558899
2026-05-05 00:00:00+00:00,4498.76147652587,-77.39625020052748,1.8241170074809991,16.95773479844338,34.153009715738285,116.5898971852107,109.31104828351125
2026-05-06 00:00:00+00:00,-64.31308384539082,163.61820521680838,87.00201848621856,22.596988411654856,56.878300146459665,61.803431781264955,116.27353052845005
2026-05-07 00:00:00+00:00,-300.6812511859903,171.9502086411099,97.24732141360772,49.906833575651014,113.5711692146332,78.30266637660993,144.35430703469643
2026-05-08 00:00:00+00:00,631.3372549418459,221.32201604228015,74.29495782244335,46.60611363381379,121.75676071495512,88.8884132696645,128.05562508113516
2026-05-09 00:00:00+00:00,596.1789077351101,132.79222246069767,65.59500201344356,46.50303483396682,84.8644191276116,11.844518457067515,94.34771165441026
2026-05-10 00:00:00+00:00,-382.234817590556,-117.31004833312666,-24.321908533414494,-13.590667870256542,-34.02985149930182,-21.397096325838348,-41.86215481627253
2026-05-11 00:00:00+00:00,288.0164924407278,90.06339646732398,22.161831724579873,-1.3662401317604775,19.18168409574295,-13.182004231719421,37.870565365820724
2026-05-12 00:00:00+00:00,15.684019893870204,135.85127453357467,82.72099124176844,36.8456660948727,42.89089651519206,15.785599321959156,23.433759047211964
2026-05-13 00:00:00+00:00,1811.9484548278388,205.06010025226718,120.12862896139848,41.27656506949032,90.40390251802894,-2.3841145182534733,33.30340879661583
2026-05-14 00:00:00+00:00,4859.757867909878,1675.783096888854,613.416919829357,436.19081175812266,1125.6867130955698,601.0853047340892,1571.6959262534172
2026-05-15 00:00:00+00:00,638.6349155673628,403.08480623434536,156.36388587930355,69.57556525143242,160.33229061887653,70.48799446339595,148.4581074856444
2026-05-16 00:00:00+00:00,678.7722512575776,393.7446340857368,152.01650226598997,115.10546319177978,261.14673643282873,201.61844363375408,312.3810401326138
2026-05-17 00:00:00+00:00,420.14801469613684,330.3710184335611,154.04619677818096,108.6546311013934,209.9404013342063,137.98059852191136,250.92833720911744
2026-05-18 00:00:00+00:00,128.8519158613223,268.0111733906799,152.3483972001911,88.12970984563223,185.8925485701191,96.75314811494239,141.45578656492026
2026-05-19 00:00:00+00:00,-385.7139589983552,42.081771218577074,101.03373284294503,79.07283829715911,96.44324995933269,142.20451055502468,154.17266503770927
2026-05-20 00:00:00+00:00,841.2306176799283,510.69991139431625,282.2777931,230.98519610179144,391.53721297450403,286.07467588202155,355.5459961033868
2026-05-21 00:00:00+00:00,-47.52643946004063,287.0694951877538,145.88597270049883,87.10167708653488,168.42546359053853,62.48944487488279,135.86605037693332
2026-05-22 00:00:00+00:00,85.12851271527498,67.73236366640207,62.74862685877693,14.316211257367211,1.877262341093894,-25.890454138087044,-90.69472363090368
2026-05-23 00:00:00+00:00,-16.66694215405488,69.14554458109417,24.65155323790945,17.95101147255259,26.4585415658431,-2.0539561120102734,16.09213834405007
2026-05-24 00:00:00+00:00,132.95092341352841,-24.365896468093958,-21.2154478302173,-9.331182746803918,-52.019164796056664,-59.02506670977865,-37.502720822287486
2026-05-25 00:00:00+00:00,1461.8156856224593,371.35430460074684,178.64625409334974,106.56559230160309,203.67391819277054,51.96991762686741,182.05252838873133
2026-05-26 00:00:00+00:00,458.2960998237779,175.0377902457853,139.90070327595996,103.34247378143496,73.49357026695522,126.62109661084423,38.29014948766542
2026-05-27 00:00:00+00:00,359.25198021432266,149.53065036064163,50.6188859423048,59.01170979622904,134.06896558340753,92.70774746473958,272.45742208777807
2026-05-28 00:00:00+00:00,566.1211043999323,262.93701796546526,132.58332252564912,90.82420613707292,195.80865066596047,99.3432527628266,195.34076921211167
2026-05-29 00:00:00+00:00,159.56420945740447,97.66792801657071,43.86992052744886,37.09533103704272,77.95937796361726,57.983986759124726,113.09424007357805
2026-05-30 00:00:00+00:00,216.69321087014364,259.8076486491079,119.6394255760452,63.26703343653038,161.54070877093832,43.54660659568498,102.95840230596653
2026-05-31 00:00:00+00:00,14.225295434897195,-2.757200397809971,-5.564076142389564,-4.1232204548695295,4.180731764777743,9.55654644550069,24.117496930147187
2026-06-01 00:00:00+00:00,-242.11131532551187,238.24450574316143,91.03323477421907,63.1547181869551,145.0841322581361,97.5179428491289,100.0186649519448
2026-06-02 00:00:00+00:00,-449.5902157660663,228.57603448048235,153.31563929705646,92.75056607908843,133.58896610816655,90.58660366693648,129.17891188388288
2026-06-03 00:00:00+00:00,756.7171801777059,180.325712219643,94.30012796922797,63.920097806973956,127.32109966854958,51.5143051194005,128.03639372655525
2026-06-04 00:00:00+00:00,338.01158002678693,400.7076714208488,205.8991271136452,148.5346259469909,342.01067441997645,165.3813544194832,385.95227506562884
2026-06-05 00:00:00+00:00,420.241605985193,199.76940358444412,63.27608969089947,31.492057353870447,65.01748133251019,19.38473464346609,101.06126032680565
2026-06-06 00:00:00+00:00,171.39347840887925,118.8809922050536,33.45521274543598,13.171720008204572,46.895453309981136,17.026086984045406,29.974114891119513
2026-06-07 00:00:00+00:00,182.24741762147457,-13.661336747808019,-55.948606135243324,-38.30416056639747,-5.634853061311583,-20.998915522475542,71.89222384519051
2026-06-08 00:00:00+00:00,406.488561456691,184.45521033657292,47.58575062706369,42.54891497013626,171.37918292529548,107.4581828843289,216.97520149113677
2026-06-09 00:00:00+00:00,-373.45789749697275,30.276650438005515,35.46034793012571,-10.890514777846231,38.61697399415133,-9.118864870816704,83.97747205700598
2026-06-10 00:00:00+00:00,-21.639407584503967,52.203526660332116,66.0423205785258,82.74293759533741,119.0681043342206,76.39587771798459,119.12731754910732
2026-06-11 00:00:00+00:00,-139.86883112712107,-38.213599021901935,0.3308483955202528,5.723078424960207,3.7966118874295773,6.406856126782234,51.49606478924417
2026-06-12 00:00:00+00:00,-283.917360147987,29.863303614743906,-1.46040755597536,-43.55095170771716,-150.26183636206179,-100.31458998848431,-253.31077856237368
2026-06-13 00:00:00+00:00,386.37183063843287,186.21015756641077,62.46581928795958,24.58254014806411,59.9702809898335,16.78292307364333,45.938072114677595
2026-06-14 00:00:00+00:00,19.145088164503115,48.51771403052596,5.035523899381758,-19.11689453153194,-31.688792818965563,-33.5539551582657,-1.4311454780613637
2026-06-15 00:00:00+00:00,474.36511558111255,86.28502187540776,5.274285769589818,-7.1879416797959195,-44.33300667225201,-84.4927519343476,-25.776768646691206
2026-06-16 00:00:00+00:00,681.4092192535915,13.371665157323228,15.280198550421638,21.57795811900266,64.39316726068166,93.6428578308124,142.7091176856542
2026-06-17 00:00:00+00:00,-95.9212698242649,37.12461796436247,12.828773753322606,-19.76005282555048,-33.32053264760504,-56.35047007647399,-100.56741420433329
2026-06-18 00:00:00+00:00,-396.70223686216065,-13.19636278320034,4.713460159988865,-29.98526133921588,-68.52749325870332,-76.73060700433483,-142.17715808617953
2026-06-19 00:00:00+00:00,-431.5379183827888,-260.4036223493616,-109.48280768595345,-69.96110344033326,-158.9655616443926,-122.54847601223126,-155.74590048701566
2026-06-20 00:00:00+00:00,-376.3626951348122,-15.977500647293969,-3.84828021017056,10.499377506528011,16.11665657445375,37.344578873434315,-9.651558062046917
2026-06-21 00:00:00+00:00,278.9739982624409,61.366260554827335,0.03622213639636107,8.574403445962263,53.08444484841804,26.962862700686586,111.21484590212813
2026-06-22 00:00:00+00:00,-705.2920854416986,-168.16984811644565,-79.29564575628557,-91.1341622645152,-200.8083316996712,-129.47209609238692,-274.4335255007464
2026-06-23 00:00:00+00:00,-109.96324748076009,-100.49508674968845,-1.2498693786768982,-46.14702086737367,-65.57494579912228,-93.40869032857772,-123.31409505997088
2026-06-24 00:00:00+00:00,-1053.5983829976942,-145.23508299477317,-40.226474243058306,-22.95709039533822,-60.84123198798123,-25.259236304241526,-99.3796468442163
2026-06-25 00:00:00+00:00,-267.3477483447536,-123.81335260263458,-65.35814137876594,-46.45620564675804,-105.12918034912887,-77.16648659221856,-105.41712510414384
2026-06-26 00:00:00+00:00,-264.5374122911168,-35.98386886639127,-18.127769350913002,-12.767802231616665,-10.069304133909363,4.284811197939343,0.08886725492542213
2026-06-27 00:00:00+00:00,-69.39580298002589,-23.65446963531622,-17.326819691749428,-15.194605253224344,-18.22626770326533,-26.424902158456945,-26.41735751842714
2026-06-28 00:00:00+00:00,35.39682104658852,13.509539333594267,6.148313952267894,3.7584801584395024,9.062608108232041,3.9536716453843126,8.979110484433598
2026-06-29 00:00:00+00:00,301.5118557836268,279.5958536470152,120.80207613595137,129.4410455232827,245.4576907087011,177.2826258586783,334.01743447668196
2026-06-30 00:00:00+00:00,157.56749724394072,172.3277214253953,88.49070621846572,98.2509856309124,190.8009143175911,172.66065139980017,218.78711822394803
2026-07-01 00:00:00+00:00,233.5246498238753,71.91322600193074,53.77505195566554,36.22351101492119,47.79363860448237,53.27670621398493,50.96181163402386
2026-07-02 00:00:00+00:00,244.4181459898053,71.57319562359534,19.930562296655108,6.666853860956954,23.94253474804963,1.2174366444448026,-5.821564633041399
2026-07-03 00:00:00+00:00,-307.5304795838553,-81.34967401267524,-14.198507581305986,-10.838000527443608,-24.58326752610365,-42.66942852204696,-23.875385972296396
2026-07-04 00:00:00+00:00,-616.1516930586876,-219.30992721541529,-65.38329669649679,-42.33834458173561,-166.36085643938407,-81.88678202177067,-217.1888547316975
2026-07-05 00:00:00+00:00,-38.569041158082634,3.324297208756279,-1.8121259086601629,-3.6939167735930463,-3.3029260140559664,1.334238002637655,-10.82687758654297
2026-07-06 00:00:00+00:00,519.1300808548484,331.1156928703781,158.18210182290636,105.7871220486649,227.336994686479,131.5667347028959,229.1293997040994
2026-07-07 00:00:00+00:00,-768.67460213486,-234.15498069097367,-43.03629706036881,-41.92710200109197,-114.56198595624804,-5.337719552319177,-90.2347726167617
2026-07-08 00:00:00+00:00,-905.6341363957044,-157.3313768703128,-14.619428430785021,-4.836796908806295,-34.83882403676073,-48.3050153404685,-78.35569503312335
2026-07-09 00:00:00+00:00,-930.0488288884796,-191.515857842381,2.7557375197725813,12.44846705073371,-114.39146443641113,-42.66904527822844,-139.0535738698932
2026-07-10 00:00:00+00:00,88.4487618548645,-96.39157454566131,-33.82033253490465,-45.84687343116046,-47.014517134266676,-24.226782322563466,3.3873065939497993
2026-07-11 00:00:00+00:00,-897.544094421198,-240.80543509647725,-97.38636503588205,-71.34758470712217,-177.31797022484682,-96.54836554905624,-186.23109893281082
2026-07-12 00:00:00+00:00,-1250.1582236190359,-286.9721396702959,-110.50428089040341,-96.62977844415157,-243.68098070824107,-148.41500740826703,-269.2285626510528
2026-07-13 00:00:00+00:00,-1777.6296965277365,-428.1478132761175,-141.87454073495428,-137.1623832104108,-361.27996983229986,-194.32286546356607,-365.2326782010108
2026-07-14 00:00:00+00:00,-3563.540661507768,-651.4031626956034,-278.6541806458051,-175.46725246414454,-307.48315446371004,-353.5197704636527,-450.9496655447734
2026-07-15 00:00:00+00:00,-1585.6684845847042,-352.8858802809856,-65.57875515729405,-73.05453161909324,-295.6218428091936,-199.75440860036667,-380.8156294961329
2026-07-16 00:00:00+00:00,-474.5428557976235,-297.8538215130335,-113.81130150469613,-79.39266544678246,-192.08171635763898,-96.12847493649606,-188.62955808955235
2026-07-17 00:00:00+00:00,-1261.688107201695,91.08357988782372,39.540831742336245,-63.354023554953436,-216.4704022941117,-166.21242108475354,-303.7781281578604
2026-07-18 00:00:00+00:00,-1175.7368838906916,-343.85902593760557,-114.27981157273655,-93.5199730095568,-275.0352744793194,-155.08054184091492,-341.18069410642823
2026-07-19 00:00:00+00:00,-975.9922137973881,-167.29643829282696,-61.103954042027446,-50.561771529048535,-125.13539116258248,-69.00683464117529,-123.17129150149579
2026-07-20 00:00:00+00:00,-2175.574843928726,-394.2177319966927,-153.1767721493027,-131.85073181840173,-300.999522208545,-195.13893493873059,-339.9268867809596
2026-07-21 00:00:00+00:00,-184.6631339093902,-154.16951642666072,-80.85194377327986,-119.5707521322829,-233.92918741456324,-266.2535942177832,-327.3839361397341
2026-07-22 00:00:00+00:00,-1515.9369842594645,-538.1927497717058,-186.70423600033465,-168.3605918467684,-356.6196578239201,-228.02559919541133,-446.6903929576281
2026-07-23 00:00:00+00:00,-689.6455768056417,-144.83719088070976,-54.08977501763651,-49.27287631537752,-69.53212377573432,-38.52929997532511,-65.06233293516071
2026-07-24 00:00:00+00:00,-931.3734407447577,-199.44258456443757,-72.26779413253584,-45.44714735835457,-130.10873226897542,-109.00005261070322,-220.0177009815835
2026-07-25 00:00:00+00:00,-1440.2532591480763,-245.19191080877704,-79.35653762054952,-79.7969749919627,-243.81955980810721,-146.7982840767608,-303.6762767401192
2026-07-26 00:00:00+00:00,-837.5619693828509,-17.707402957847936,0.20924806621901793,-4.021246000094021,24.775895518285132,20.476041593930887,38.0109868523923
2026-07-27 00:00:00+00:00,-252.71157224743823,-168.72704762982545,-58.8279357941603,-53.626193452173126,-119.18243362130302,-84.15004607390455,-176.4915951891877
2026-07-28 00:00:00+00:00,-952.2836074227993,-15.323819941848798,-13.867303127732077,-62.082644382894706,-201.6025572403541,-104.13693790791497,-208.65225439922654
2026-07-29 00:00:00+00:00,-2134.3173420234416,-69.65725515578498,-21.140928792234526,-92.0128196085676,-194.72551734340345,-151.6919410711545,-279.5616070370134
2026-07-30 00:00:00+00:00,-517.0940316709944,61.00840479399074,7.986184497729138,-16.901494033132,-51.39472869696128,-42.91961990521956,-57.59535778193651
2026-07-31 00:00:00+00:00,-291.04085862059173,-166.00689232621187,-83.75939112168282,-88.53826248421086,-202.98844985504525,-135.04151910867876,-231.89738839761333
2026-08-01 00:00:00+00:00,-1262.5875921175666,-137.85724224951326,5.435219698453677,-27.424694753729025,-167.86176415299403,-116.57274842019697,-231.7137523846878
2026-08-02 00:00:00+00:00,-528.7807802370271,-44.353468193750544,-16.21381504387507,-32.54718249114586,-84.90007527130446,-68.93827184159517,-134.86809230919997
2026-08-03 00:00:00+00:00,-716.7587979791786,-3.790507360927544,-14.215501790209153,-33.61215090190552,-99.28157604448289,-73.35932227526193,-123.11613070934175
2026-08-04 00:00:00+00:00,-395.49988881127825,-195.71417417864566,-133.8807147333749,-87.9343316882575,-284.0949132176993,-132.87633826462366,-263.7395569821629
2026-08-05 00:00:00+00:00,-2026.3921047552858,-283.160044606342,-102.85249142358077,-93.42008835896246,-213.45286381020384,-70.90118923176937,-153.0721263900655
2026-08-06 00:00:00+00:00,-498.05048366933056,-153.21055752456994,-93.9828535442266,-57.04890245225105,-98.23903467731705,-78.04069703781406,-167.0654180474443
2026-08-07 00:00:00+00:00,-1435.3720781936738,-114.86497773810827,-34.592916985856654,-14.904719907575625,-26.065524463140495,0.6948286967054678,-5.139529443975743
2026-08-08 00:00:00+00:00,-440.25882446029436,-192.34825939303605,-81.48446894514146,-72.69562560216396,-155.29645518082035,-128.63534179411513,-199.21526349736664
2026-08-09 00:00:00+00:00,-445.2809776690737,-123.87242815177169,-43.40944819628902,-29.558456615960157,-92.83001084280697,-53.30965361518169,-117.39041127725538
2026-08-10 00:00:00+00:00,100.5540777221402,-23.80111286710939,10.835579669301012,-17.87824937162971,-43.435271501456796,-24.170599063918594,-17.51420020527698
2026-08-11 00:00:00+00:00,-1404.7200361885775,-270.3445252090278,-82.62658028819186,-87.56845502995218,-206.40201383929067,-174.16776315283138,-293.2384961564875
2026-08-12 00:00:00+00:00,-366.3506702312514,-125.33325275885507,-68.33998198779415,-66.75948913059673,-125.03480344216362,-105.54726719044848,-112.6794314379203
2026-08-13 00:00:00+00:00,-947.7604523362099,-264.77885334468203,-169.53181018858766,-119.04976496950788,-188.7722222451856,-144.63117773479934,-157.75646255224544
2026-08-14 00:00:00+00:00,-1501.0671528141763,-191.67625986585753,-60.20264083395643,-67.36927075724543,-236.78330355907713,-121.60521662458562,-205.337929951696
2026-08-15 00:00:00+00:00,-770.9806952631264,-157.03617973384726,-54.16464571088124,-45.30517824717811,-146.97500085213392,-112.9752374807201,-224.75302706639093
2026-08-16 00:00:00+00:00,-84.49382007031758,9.347805045799547,69.13769706186874,-24.242940698454927,-69.64749888755824,-43.21424497813746,-74.99944238041792
2026-08-17 00:00:00+00:00,-1136.4151020788365,-115.0712741003422,-39.30194158071576,-35.15407518330339,-132.38442063977905,-122.70533297937934,-209.29255844277435
2026-08-18 00:00:00+00:00,-1342.487815262095,-124.32849119471331,-10.606859528185247,-51.345949205875954,-131.22166135888142,-98.70541945394805,-107.05446070263261
2026-08-19 00:00:00+00:00,-61.55846429092255,460.8839465813224,162.4992250089171,16.363832164193823,17.0513025451456,13.996216172087474,18.457334745445337
2026-08-20 00:00:00+00:00,-907.8863629892448,-192.61383456712483,-72.22265442917586,-24.01358686889725,-61.78821205997884,-26.281079746109313,-81.47222616746195
2026-08-21 00:00:00+00:00,336.8398759703864,-128.1062562618366,-39.94983519122103,-30.824069040255633,-88.11220306449624,7.115404771721837,-39.28882680770863
2026-08-22 00:00:00+00:00,-1430.7524431233057,-152.77898900834475,-72.137543340148,-46.67209519376874,-87.89439257859014,-53.12743749883392,-84.96604652759825
2026-08-23 00:00:00+00:00,-651.3328553346137,-162.81835197209867,-74.37193333547286,-54.81351312695532,-84.40663760401331,-80.33276091844925,-74.05245793043187
2026-08-24 00:00:00+00:00,-1799.4818566935141,-537.2086699708722,-252.50983164044402,-196.60422080615263,-397.8491519737679,-323.1012187585732,-457.9229764179935
2026-08-25 00:00:00+00:00,-477.9353826867338,-43.29772694779369,-21.291077524094607,-31.616638873062794,-78.93522607845112,-10.48234061958479,-61.98297012993057
