lead_ms,precision,recall,tp,fp,fn,prec_lo95,prec_hi95
0.0,0.9152542372881356,0.4909090909090909,54,5,56,0.8164797538583944,0.9632585086938003
8.333333333333334,0.9423076923076923,0.44545454545454544,49,3,61,0.8435724442484082,0.9801861873094267
16.666666666666668,0.9107142857142857,0.4636363636363636,51,5,59,0.807437601433565,0.9612584227369118
25.0,0.9090909090909091,0.45454545454545453,50,5,60,0.8042226375086602,0.9605424266636261
33.333333333333336,0.9433962264150944,0.45454545454545453,50,3,60,0.8462955106387368,0.9805636910726857
41.666666666666664,0.9375,0.4090909090909091,45,3,65,0.8316430233725778,0.9785171568687727
50.0,0.9574468085106383,0.4090909090909091,45,2,65,0.8575121280614056,0.9882519706294303
58.333333333333336,0.9361702127659575,0.4,44,3,66,0.828371220656221,0.9780550129792271
66.66666666666667,0.9574468085106383,0.4090909090909091,45,2,65,0.8575121280614056,0.9882519706294303
75.0,0.9555555555555556,0.39090909090909093,43,2,67,0.8517222081611939,0.9877261309595557
83.33333333333333,0.9333333333333333,0.38181818181818183,42,3,68,0.8214312561135918,0.977068383537853
91.66666666666667,1.0,0.34545454545454546,38,0,72,0.90818706741616,0.9999999999999999
100.0,1.0,0.2545454545454545,28,0,82,0.8793527963418923,1.0
108.33333333333333,1.0,0.11818181818181818,13,0,97,0.7718981569447083,1.0
116.66666666666667,0.8333333333333334,0.045454545454545456,5,1,105,0.43649056343635395,0.9699474141282697
125.0,0.5,0.00909090909090909,1,1,109,0.09452865480086614,0.9054713451991339
133.33333333333334,0.3333333333333333,0.00909090909090909,1,2,109,0.0614903152761605,0.7923450448735121
141.66666666666666,0.4,0.01818181818181818,2,3,108,0.1176182311592533,0.769280067791163
150.0,0.0,0.0,0,2,110,0.0,0.6576280471103807
158.33333333333334,0.0,0.0,0,3,110,0.0,0.5615060804490177
166.66666666666666,1.0,0.00909090909090909,1,0,109,0.20654329147389294,1.0
175.0,0.75,0.02727272727272727,3,1,107,0.3006360524426366,0.9544139373553637
183.33333333333334,1.0,0.03636363636363636,4,0,106,0.5100999795960008,1.0
191.66666666666666,1.0,0.02727272727272727,3,0,107,0.43849391955098227,1.0
200.0,0.75,0.02727272727272727,3,1,107,0.3006360524426366,0.9544139373553637
208.33333333333334,1.0,0.01818181818181818,2,0,108,0.34237195288961925,1.0
216.66666666666666,1.0,0.02727272727272727,3,0,107,0.43849391955098227,1.0
225.0,1.0,0.05454545454545454,6,0,104,0.6096569663469354,0.9999999999999999
233.33333333333334,1.0,0.01818181818181818,2,0,108,0.34237195288961925,1.0
241.66666666666666,1.0,0.00909090909090909,1,0,109,0.20654329147389294,1.0
250.0,1.0,0.02727272727272727,3,0,107,0.43849391955098227,1.0
258.3333333333333,1.0,0.02727272727272727,3,0,107,0.43849391955098227,1.0
266.6666666666667,1.0,0.03636363636363636,4,0,106,0.5100999795960008,1.0
275.0,1.0,0.03636363636363636,4,0,106,0.5100999795960008,1.0
283.3333333333333,1.0,0.00909090909090909,1,0,109,0.20654329147389294,1.0
291.6666666666667,1.0,0.00909090909090909,1,0,109,0.20654329147389294,1.0
300.0,,0.0,0,0,110,,
