run,book,policy,date,pnl_usd
a,u1_is,v2,2026-02-01,301.6878159258704
a,u1_is,v2,2026-02-02,441.3083829196961
a,u1_is,v2,2026-02-03,-26.303527408477073
a,u1_is,v2,2026-02-04,166.18091568709542
a,u1_is,v2,2026-02-05,236.31120852847593
a,u1_is,v2,2026-02-06,123.7353623159631
a,u1_is,v2,2026-02-07,431.31734442267503
a,u1_is,v2,2026-02-08,311.4936688026086
a,u1_is,v2,2026-02-09,263.0353614793409
a,u1_is,v2,2026-02-10,229.66044051915785
a,u1_is,v2,2026-02-11,-303.1972718562064
a,u1_is,v2,2026-02-12,74.2851418690486
a,u1_is,v2,2026-02-13,-179.66910179309463
a,u1_is,v2,2026-02-14,289.3249692467052
a,u1_is,v2,2026-02-15,41.07009971383598
a,u1_is,v2,2026-02-16,351.492214905644
a,u1_is,v2,2026-02-17,773.0934990311424
a,u1_is,v2,2026-02-18,335.3952716434591
a,u1_is,v2,2026-02-19,9.615838270395061
a,u1_is,v2,2026-02-20,163.71937721408634
a,u1_is,v2,2026-02-21,479.5881734117096
a,u1_is,v2,2026-02-22,80.58562950499555
a,u1_is,v2,2026-02-23,152.180445540382
a,u1_is,v2,2026-02-24,350.40816565512915
a,u1_is,v2,2026-02-25,532.2488207605
a,u1_is,v2,2026-02-26,455.0306989156075
a,u1_is,v2,2026-02-27,13.463543599599264
a,u1_is,v2,2026-02-28,104.32569909407273
a,u1_is,v2,2026-03-01,304.52710056450024
a,u1_is,v2,2026-03-02,371.14566533797745
a,u1_is,v2,2026-03-03,633.9117790962647
a,u1_is,v2,2026-03-04,234.83056843941313
a,u1_is,v2,2026-03-05,17.5411320768
a,u1_is,v2,2026-03-06,25.48353985651601
a,u1_is,v2,2026-03-07,0.16129075949999105
a,u1_is,v2,2026-03-08,6.902084999239328
a,u1_is,v2,2026-03-09,25.540000000000006
a,u1_is,v2,2026-03-10,19.512160000000005
a,u1_is,v2,2026-03-11,0.0
a,u1_is,v2,2026-03-12,-60.92354401499998
a,u1_is,v2,2026-03-13,88.83301062974445
a,u1_is,v2,2026-03-14,0.0
a,u1_is,v2,2026-03-15,0.0
a,u1_is,v2,2026-03-16,-32.89670936021996
a,u1_is,v2,2026-03-17,33.07883228430003
a,u1_is,v2,2026-03-18,50.61487222783
a,u1_is,v2,2026-03-19,-7.831703713468997
a,u1_is,v2,2026-03-20,96.3299999994
a,u1_is,v2,2026-03-21,76.271786823562
a,u1_is,v2,2026-03-22,0.0
a,u1_is,v2,2026-03-23,0.0
a,u1_is,v2,2026-03-24,0.0
a,u1_is,v2,2026-03-25,0.0
a,u1_is,v2,2026-03-26,-156.64531349673004
a,u1_is,v2,2026-03-27,-38.4313834708309
a,u1_is,v2,2026-03-28,218.10414905875183
a,u1_is,v2,2026-03-29,71.03022491403328
a,u1_is,v2,2026-03-30,350.4444962779861
a,u1_is,v2,2026-03-31,215.03068700808097
a,u1_is,v2,2026-04-01,225.10846391996682
a,u1_is,v2,2026-04-02,848.2135487295303
a,u1_is,v2,2026-04-03,449.0344553559523
a,u1_is,v2,2026-04-04,50.96710521871054
a,u1_is,v2,2026-04-05,124.52624898608376
a,u1_is,v2,2026-04-06,100.38687132028298
a,u1_is,v2,2026-04-07,425.1178008314089
a,u1_is,v2,2026-04-08,178.07331440705696
a,u1_is,v2,2026-04-09,-372.7669900142127
a,u1_is,v2,2026-04-10,642.8634344586242
a,u1_is,v2,2026-04-11,348.310136477373
a,u1_is,v2,2026-04-12,19.83387831454717
a,u1_is,v2,2026-04-13,87.1582505643714
a,u1_is,v2,2026-04-14,54.62355888542366
a,u1_is,v2,2026-04-15,334.842419133678
a,u1_is,v2,2026-04-16,400.5630556900575
a,u1_is,v2,2026-04-17,-65.01539536905699
a,u1_is,v2,2026-04-18,282.456727045542
a,u1_is,v2,2026-04-19,194.16215891057212
a,u1_is,v2,2026-04-20,-25.107483871679857
a,u1_is,v2,2026-04-21,649.3781357860996
a,u1_is,v2,2026-04-22,321.2377389311361
a,u1_is,v2,2026-04-23,192.42042920300594
a,u1_is,v2,2026-04-24,291.33694098907347
a,u1_is,v2,2026-04-25,56.19358564932903
a,u1_is,v2,2026-04-26,322.97088609904534
a,u1_is,v2,2026-04-27,166.49769402005288
a,u1_is,v2,2026-04-28,-293.8823880173233
a,u1_is,v2,2026-04-29,-35.13285785417109
a,u1_is,v2,2026-04-30,236.9521919931381
a,u1_is,v2,2026-05-01,386.3025875999156
a,u1_is,v2,2026-05-02,53.41315951608679
a,u1_is,v2,2026-05-03,54.721607342077995
a,u1_is,v2,2026-05-04,142.12236597985466
a,u1_is,v2,2026-05-05,112.16696541683056
a,u1_is,v2,2026-05-06,628.2272139238053
a,u1_is,v2,2026-05-07,-31.013461280055303
a,u1_is,v2,2026-05-08,487.8262681801942
a,u1_is,v2,2026-05-09,149.9856514103808
a,u1_is,v2,2026-05-10,-60.981792649978935
a,u1_is,v2,2026-05-11,436.6816740790337
a,u1_is,v2,2026-05-12,299.9435999867795
a,u1_is,v2,2026-05-13,41.64837343635826
a,u1_is,v2,2026-05-14,-179.93297037312894
a,u1_is,v2,2026-05-15,311.2805760517853
a,u1_is,v2,2026-05-16,420.46086895154446
a,u1_is,v2,2026-05-17,564.0474395587981
a,u1_is,v2,2026-05-18,-17.319440216015032
a,u1_is,v2,2026-05-19,594.865207758232
a,u1_is,v2,2026-05-20,598.1400607923148
a,u1_is,v2,2026-05-21,94.21252293146367
a,u1_is,v2,2026-05-22,98.17627209289829
a,u1_is,v2,2026-05-23,15.698565449501302
a,u1_is,v2,2026-05-24,160.63901426956855
a,u1_is,v2,2026-05-25,606.8230203959614
a,u1_is,v2,2026-05-26,1208.9494409065053
a,u1_is,v2,2026-05-27,168.35539337843971
a,u1_is,v2,2026-05-28,157.52658946417674
a,u1_is,v2,2026-05-29,121.34019072912305
a,u1_is,v2,2026-05-30,263.6234025105638
a,u1_is,v2,2026-05-31,126.9940569949687
a,u1_is,v2,2026-06-01,375.8010141292301
a,u1_is,v2,2026-06-02,601.349202505304
a,u1_is,v2,2026-06-03,454.90152950008473
a,u1_is,v2,2026-06-04,1020.2016620094603
a,u1_is,v2,2026-06-05,604.9787848815913
a,u1_is,v2,2026-06-06,32.43549413226938
a,u1_is,v2,2026-06-07,224.89573306176197
a,u1_is,v2,2026-06-08,362.08296459354733
a,u1_is,v2,2026-06-09,688.8770364563045
a,u1_is,v2,2026-06-10,173.89797504593176
a,u1_is,v2,2026-06-11,170.4655576641368
a,u1_is,v2,2026-06-12,427.32679353987834
a,u1_is,v2,2026-06-13,337.46718680234875
a,u1_is,v2,2026-06-14,101.01147055467192
a,u1_is,v2,2026-06-15,335.55893373313756
a,u1_is,v2,2026-06-16,-132.80542913751398
a,u1_is,v2,2026-06-17,-436.64960694235947
a,u1_is,v2,2026-06-18,17.490328145481005
a,u1_is,v2,2026-06-19,149.1996962856665
a,u1_is,v2,2026-06-20,216.93412020007162
a,u1_is,v2,2026-06-21,74.18997939747013
a,u1_is,v2,2026-06-22,379.333400105044
a,u1_is,v2,2026-06-23,36.84746811402464
a,u1_is,v2,2026-06-24,186.9508942930694
a,u1_is,v2,2026-06-25,272.9491181806217
a,u1_is,v2,2026-06-26,165.4571200549408
a,u1_is,v2,2026-06-27,-32.41483348880664
a,u1_is,v2,2026-06-28,-45.975898943595595
a,u1_is,v2,2026-06-29,281.9633188119592
a,u1_is,v2,2026-06-30,328.59793740838126
a,u1_is,v2,2026-07-01,247.38437840265985
a,u1_is,v2,2026-07-02,359.40814623769387
a,u1_is,v2,2026-07-03,-30.558073416288686
a,u1_is,v2,2026-07-04,-87.8900508630442
a,u1_is,v2,2026-07-05,42.42492836305507
a,u1_is,v2,2026-07-06,289.91696678791044
a,u1_is,v2,2026-07-07,328.431022055117
a,u1_is,v2,2026-07-08,174.6624548727292
a,u1_is,v2,2026-07-09,172.4396036943461
a,u1_is,v2,2026-07-10,336.5495675994215
a,u1_is,v2,2026-07-11,-101.49707937681916
a,u1_is,v2,2026-07-12,267.0174780465564
a,u1_is,v2,2026-07-13,-260.75144574674533
a,u1_is,v2,2026-07-14,842.6295039254169
a,u1_is,v2,2026-07-15,325.8864623049196
a,u1_is,v2,2026-07-16,336.43590816429344
a,u1_is,v2,2026-07-17,510.51415086361357
a,u1_is,v2,2026-07-18,-550.764300067122
a,u1_is,v2,2026-07-19,94.13936379589379
a,u1_is,v2,2026-07-20,97.30273136953046
a,u1_is,v2,2026-07-21,612.0756440638876
a,u1_is,v2,2026-07-22,-135.5755229506255
a,u1_is,v2,2026-07-23,87.20709822374592
a,u1_is,v2,2026-07-24,284.35876131018773
a,u1_is,v2,2026-07-25,299.82097228524356
a,u1_is,v2,2026-07-26,-8.163974470660449
a,u1_is,v2,2026-07-27,237.75260157785752
a,u1_is,v2,2026-07-28,820.534476611922
a,u1_is,v2,2026-07-29,-96.62220358422702
a,u1_is,v2,2026-07-30,174.39394593305119
a,u1_is,v2,2026-07-31,343.76596138236533
a,u1_is,v2,2026-08-01,-169.43321568653602
a,u1_is,v2,2026-08-02,129.2649713246066
a,u1_is,v2,2026-08-03,717.6602966967675
a,u1_is,v2,2026-08-04,605.8733603860943
a,u1_is,v2,2026-08-05,588.3873109281166
a,u1_is,v2,2026-08-06,231.61127102750658
a,u1_is,v2,2026-08-07,304.70281527482524
a,u1_is,v2,2026-08-08,88.64665146025236
a,u1_is,v2,2026-08-09,-37.100632459180474
a,u1_is,v2,2026-08-10,-73.91445483163938
a,u1_is,v2,2026-08-11,-207.06151874858304
a,u1_is,v2,2026-08-12,107.63441231584858
a,u1_is,v2,2026-08-13,-252.89016920809337
a,u1_is,v2,2026-08-14,134.69758803005524
a,u1_is,v2,2026-08-15,293.0253928253525
a,u1_is,v2,2026-08-16,-384.51721218051864
a,u1_is,v2,2026-08-17,518.6297105269196
a,u1_is,v2,2026-08-18,131.91377249354676
a,u1_is,v2,2026-08-19,142.2424634322574
a,u1_is,v2,2026-08-20,35.02305362417203
a,u1_is,v2,2026-08-21,113.22055873274704
a,u1_is,v2,2026-08-22,124.81918074456952
a,u1_is,v2,2026-08-23,394.6793751829296
a,u1_is,v2,2026-08-24,496.5621123106681
a,u1_is,v2,2026-08-25,35.292414387858685
a,u1_is,v2_safe,2026-02-01,169.9165725741722
a,u1_is,v2_safe,2026-02-02,216.98574638209124
a,u1_is,v2_safe,2026-02-03,-4.853135673716757
a,u1_is,v2_safe,2026-02-04,55.30029809778847
a,u1_is,v2_safe,2026-02-05,129.33434175645846
a,u1_is,v2_safe,2026-02-06,148.07351980198084
a,u1_is,v2_safe,2026-02-07,216.329903189317
a,u1_is,v2_safe,2026-02-08,257.92322377969685
a,u1_is,v2_safe,2026-02-09,117.23396741603162
a,u1_is,v2_safe,2026-02-10,91.59368998890649
a,u1_is,v2_safe,2026-02-11,-140.9898591108789
a,u1_is,v2_safe,2026-02-12,48.55373653233232
a,u1_is,v2_safe,2026-02-13,-115.17999129157131
a,u1_is,v2_safe,2026-02-14,107.44995343172306
a,u1_is,v2_safe,2026-02-15,-12.807684695751458
a,u1_is,v2_safe,2026-02-16,164.22373790474876
a,u1_is,v2_safe,2026-02-17,438.50120101414086
a,u1_is,v2_safe,2026-02-18,158.891053175749
a,u1_is,v2_safe,2026-02-19,31.195993823218146
a,u1_is,v2_safe,2026-02-20,140.30179215727333
a,u1_is,v2_safe,2026-02-21,303.05538719715224
a,u1_is,v2_safe,2026-02-22,11.369870739023742
a,u1_is,v2_safe,2026-02-23,138.0765837041596
a,u1_is,v2_safe,2026-02-24,136.9249730299098
a,u1_is,v2_safe,2026-02-25,208.39817280182828
a,u1_is,v2_safe,2026-02-26,270.2771228591318
a,u1_is,v2_safe,2026-02-27,30.271452454157696
a,u1_is,v2_safe,2026-02-28,28.85994428712225
a,u1_is,v2_safe,2026-03-01,170.91694712922828
a,u1_is,v2_safe,2026-03-02,242.72883513789077
a,u1_is,v2_safe,2026-03-03,428.5538570786992
a,u1_is,v2_safe,2026-03-04,107.3781893786456
a,u1_is,v2_safe,2026-03-05,12.0
a,u1_is,v2_safe,2026-03-06,13.300064186516
a,u1_is,v2_safe,2026-03-07,0.7090112945000016
a,u1_is,v2_safe,2026-03-08,3.902084999239328
a,u1_is,v2_safe,2026-03-09,15.500000000000002
a,u1_is,v2_safe,2026-03-10,8.840280000000002
a,u1_is,v2_safe,2026-03-11,0.0
a,u1_is,v2_safe,2026-03-12,-20.37342955500001
a,u1_is,v2_safe,2026-03-13,55.568409836559994
a,u1_is,v2_safe,2026-03-14,0.0
a,u1_is,v2_safe,2026-03-15,0.0
a,u1_is,v2_safe,2026-03-16,-5.857713280495972
a,u1_is,v2_safe,2026-03-17,8.167962232299994
a,u1_is,v2_safe,2026-03-18,37.35130472283
a,u1_is,v2_safe,2026-03-19,-4.512508604744006
a,u1_is,v2_safe,2026-03-20,46.3299999994
a,u1_is,v2_safe,2026-03-21,37.026100052
a,u1_is,v2_safe,2026-03-22,0.0
a,u1_is,v2_safe,2026-03-23,0.0
a,u1_is,v2_safe,2026-03-24,0.0
a,u1_is,v2_safe,2026-03-25,0.0
a,u1_is,v2_safe,2026-03-26,-102.65912933809078
a,u1_is,v2_safe,2026-03-27,16.440062809089106
a,u1_is,v2_safe,2026-03-28,94.84295007289845
a,u1_is,v2_safe,2026-03-29,27.473011392673328
a,u1_is,v2_safe,2026-03-30,174.79527306689056
a,u1_is,v2_safe,2026-03-31,130.71226985584244
a,u1_is,v2_safe,2026-04-01,117.28191460202325
a,u1_is,v2_safe,2026-04-02,495.0590776754797
a,u1_is,v2_safe,2026-04-03,196.34243971397723
a,u1_is,v2_safe,2026-04-04,59.18568517862724
a,u1_is,v2_safe,2026-04-05,28.698252862985534
a,u1_is,v2_safe,2026-04-06,92.1994185520523
a,u1_is,v2_safe,2026-04-07,197.9886879618247
a,u1_is,v2_safe,2026-04-08,116.4187916245322
a,u1_is,v2_safe,2026-04-09,-183.72839356598587
a,u1_is,v2_safe,2026-04-10,359.5717835124118
a,u1_is,v2_safe,2026-04-11,154.37559769137027
a,u1_is,v2_safe,2026-04-12,53.36094275657874
a,u1_is,v2_safe,2026-04-13,6.23623770985958
a,u1_is,v2_safe,2026-04-14,126.62724207209003
a,u1_is,v2_safe,2026-04-15,169.87303725637977
a,u1_is,v2_safe,2026-04-16,167.45874454999353
a,u1_is,v2_safe,2026-04-17,4.747169370532184
a,u1_is,v2_safe,2026-04-18,172.30987786692316
a,u1_is,v2_safe,2026-04-19,85.77693237156919
a,u1_is,v2_safe,2026-04-20,56.18122022509752
a,u1_is,v2_safe,2026-04-21,418.4909286438074
a,u1_is,v2_safe,2026-04-22,252.54970013296156
a,u1_is,v2_safe,2026-04-23,124.26313783392821
a,u1_is,v2_safe,2026-04-24,194.33187506562112
a,u1_is,v2_safe,2026-04-25,36.42073752393601
a,u1_is,v2_safe,2026-04-26,171.67167412560332
a,u1_is,v2_safe,2026-04-27,110.86781131336254
a,u1_is,v2_safe,2026-04-28,-63.6342036866093
a,u1_is,v2_safe,2026-04-29,-26.870989712900062
a,u1_is,v2_safe,2026-04-30,145.13411801594614
a,u1_is,v2_safe,2026-05-01,279.5030050420537
a,u1_is,v2_safe,2026-05-02,53.59569147162283
a,u1_is,v2_safe,2026-05-03,30.716616189544297
a,u1_is,v2_safe,2026-05-04,124.04919378593334
a,u1_is,v2_safe,2026-05-05,8.232503053505958
a,u1_is,v2_safe,2026-05-06,346.2702292686236
a,u1_is,v2_safe,2026-05-07,-46.550405885110884
a,u1_is,v2_safe,2026-05-08,261.63575983183904
a,u1_is,v2_safe,2026-05-09,146.8962624388237
a,u1_is,v2_safe,2026-05-10,-26.394462080608726
a,u1_is,v2_safe,2026-05-11,194.35420525544944
a,u1_is,v2_safe,2026-05-12,228.07844600948138
a,u1_is,v2_safe,2026-05-13,58.97289524881146
a,u1_is,v2_safe,2026-05-14,-61.9333676597408
a,u1_is,v2_safe,2026-05-15,153.43813676570184
a,u1_is,v2_safe,2026-05-16,273.59838332360624
a,u1_is,v2_safe,2026-05-17,243.30042762527614
a,u1_is,v2_safe,2026-05-18,36.6427927409109
a,u1_is,v2_safe,2026-05-19,323.7816945364755
a,u1_is,v2_safe,2026-05-20,328.5576772638075
a,u1_is,v2_safe,2026-05-21,96.38678969208242
a,u1_is,v2_safe,2026-05-22,63.25073029832808
a,u1_is,v2_safe,2026-05-23,-16.197544670380076
a,u1_is,v2_safe,2026-05-24,86.12023134149771
a,u1_is,v2_safe,2026-05-25,348.0327024364043
a,u1_is,v2_safe,2026-05-26,629.4538854696843
a,u1_is,v2_safe,2026-05-27,92.83104745022783
a,u1_is,v2_safe,2026-05-28,123.21443343197431
a,u1_is,v2_safe,2026-05-29,46.43267222765422
a,u1_is,v2_safe,2026-05-30,162.32805845547585
a,u1_is,v2_safe,2026-05-31,72.7387739574302
a,u1_is,v2_safe,2026-06-01,176.53962200059516
a,u1_is,v2_safe,2026-06-02,339.60141007430235
a,u1_is,v2_safe,2026-06-03,226.79319737372467
a,u1_is,v2_safe,2026-06-04,522.8920585794106
a,u1_is,v2_safe,2026-06-05,289.75351513127674
a,u1_is,v2_safe,2026-06-06,9.805766020738735
a,u1_is,v2_safe,2026-06-07,116.7686670481597
a,u1_is,v2_safe,2026-06-08,124.03820921433571
a,u1_is,v2_safe,2026-06-09,413.9020372167277
a,u1_is,v2_safe,2026-06-10,161.53127189425143
a,u1_is,v2_safe,2026-06-11,136.89880586926193
a,u1_is,v2_safe,2026-06-12,332.63343087947425
a,u1_is,v2_safe,2026-06-13,195.42632603319836
a,u1_is,v2_safe,2026-06-14,79.12066207158365
a,u1_is,v2_safe,2026-06-15,305.6825163063449
a,u1_is,v2_safe,2026-06-16,67.09572743100495
a,u1_is,v2_safe,2026-06-17,-124.15239065857286
a,u1_is,v2_safe,2026-06-18,40.13947422128039
a,u1_is,v2_safe,2026-06-19,62.18887998876562
a,u1_is,v2_safe,2026-06-20,105.22976676644045
a,u1_is,v2_safe,2026-06-21,-19.663192445702645
a,u1_is,v2_safe,2026-06-22,128.81010765719589
a,u1_is,v2_safe,2026-06-23,81.97139213351944
a,u1_is,v2_safe,2026-06-24,100.49470928273173
a,u1_is,v2_safe,2026-06-25,134.0708667071751
a,u1_is,v2_safe,2026-06-26,68.02303949278671
a,u1_is,v2_safe,2026-06-27,-2.832055798480912
a,u1_is,v2_safe,2026-06-28,-14.82261153352251
a,u1_is,v2_safe,2026-06-29,195.3894701673013
a,u1_is,v2_safe,2026-06-30,245.98785465321595
a,u1_is,v2_safe,2026-07-01,107.65608629672721
a,u1_is,v2_safe,2026-07-02,145.99276055948144
a,u1_is,v2_safe,2026-07-03,37.33945623119003
a,u1_is,v2_safe,2026-07-04,-51.12898892214451
a,u1_is,v2_safe,2026-07-05,36.81609611380589
a,u1_is,v2_safe,2026-07-06,245.34365219266635
a,u1_is,v2_safe,2026-07-07,107.14230678898366
a,u1_is,v2_safe,2026-07-08,137.79372480761552
a,u1_is,v2_safe,2026-07-09,116.7897966480272
a,u1_is,v2_safe,2026-07-10,132.34332629003566
a,u1_is,v2_safe,2026-07-11,-63.97836228538918
a,u1_is,v2_safe,2026-07-12,186.58093682800128
a,u1_is,v2_safe,2026-07-13,-110.86596756893732
a,u1_is,v2_safe,2026-07-14,432.56137337019106
a,u1_is,v2_safe,2026-07-15,237.26468635972873
a,u1_is,v2_safe,2026-07-16,184.2219896861889
a,u1_is,v2_safe,2026-07-17,219.71341687546354
a,u1_is,v2_safe,2026-07-18,-284.1582717168387
a,u1_is,v2_safe,2026-07-19,86.71948681921657
a,u1_is,v2_safe,2026-07-20,102.46040754384155
a,u1_is,v2_safe,2026-07-21,383.5644884407293
a,u1_is,v2_safe,2026-07-22,19.97080015763832
a,u1_is,v2_safe,2026-07-23,-27.78891673642923
a,u1_is,v2_safe,2026-07-24,164.15454774833123
a,u1_is,v2_safe,2026-07-25,216.44711097012498
a,u1_is,v2_safe,2026-07-26,12.50065271946821
a,u1_is,v2_safe,2026-07-27,53.021439848053305
a,u1_is,v2_safe,2026-07-28,464.4968867791468
a,u1_is,v2_safe,2026-07-29,-92.48482086429793
a,u1_is,v2_safe,2026-07-30,5.656884280022919
a,u1_is,v2_safe,2026-07-31,283.85576606346154
a,u1_is,v2_safe,2026-08-01,-94.11966325299429
a,u1_is,v2_safe,2026-08-02,67.64881086476882
a,u1_is,v2_safe,2026-08-03,421.53883657842863
a,u1_is,v2_safe,2026-08-04,298.6398669782098
a,u1_is,v2_safe,2026-08-05,325.33212403743
a,u1_is,v2_safe,2026-08-06,131.59075831496293
a,u1_is,v2_safe,2026-08-07,143.48658996830207
a,u1_is,v2_safe,2026-08-08,78.34736048763048
a,u1_is,v2_safe,2026-08-09,-38.88773387915851
a,u1_is,v2_safe,2026-08-10,-65.4000706411269
a,u1_is,v2_safe,2026-08-11,-45.813699351045024
a,u1_is,v2_safe,2026-08-12,47.80642225551395
a,u1_is,v2_safe,2026-08-13,-140.3272726253398
a,u1_is,v2_safe,2026-08-14,122.97094906757432
a,u1_is,v2_safe,2026-08-15,120.14553958437989
a,u1_is,v2_safe,2026-08-16,-215.69765902270024
a,u1_is,v2_safe,2026-08-17,282.5645100767662
a,u1_is,v2_safe,2026-08-18,115.93622390688282
a,u1_is,v2_safe,2026-08-19,100.81808932198173
a,u1_is,v2_safe,2026-08-20,156.59739053698578
a,u1_is,v2_safe,2026-08-21,14.54177218130394
a,u1_is,v2_safe,2026-08-22,73.89754273157234
a,u1_is,v2_safe,2026-08-23,200.72993700758798
a,u1_is,v2_safe,2026-08-24,381.5811486356938
a,u1_is,v2_safe,2026-08-25,45.800652221381526
a,u1_oos,v2,2026-08-25,-56.364229462623214
a,u1_oos,v2,2026-08-26,380.0305371596786
a,u1_oos,v2,2026-08-27,-54.06938516453107
a,u1_oos,v2,2026-08-28,30.98442727999774
a,u1_oos,v2,2026-08-29,-72.26224332157523
a,u1_oos,v2,2026-08-30,-257.44791984525835
a,u1_oos,v2,2026-08-31,203.67557398241672
a,u1_oos,v2,2026-09-01,80.67807590567581
a,u1_oos,v2,2026-09-02,-49.24108941135457
a,u1_oos,v2,2026-09-03,2.166482011186414
a,u1_oos,v2,2026-09-04,10.213261922271842
a,u1_oos,v2,2026-09-05,-19.9037566116232
a,u1_oos,v2,2026-09-06,143.6222208818046
a,u1_oos,v2,2026-09-07,-469.4297898304612
a,u1_oos,v2,2026-09-08,782.0034640744889
a,u1_oos,v2,2026-09-09,167.5398901672639
a,u1_oos,v2,2026-09-10,266.35197214172086
a,u1_oos,v2,2026-09-11,-25.529517697238326
a,u1_oos,v2,2026-09-12,330.45353588913554
a,u1_oos,v2,2026-09-13,34.89969313808561
a,u1_oos,v2,2026-09-14,77.22900988292562
a,u1_oos,v2,2026-09-15,-1.4697264525569835
a,u1_oos,v2,2026-09-16,306.63886778387933
a,u1_oos,v2,2026-09-17,547.4247053038431
a,u1_oos,v2,2026-09-18,203.514969722357
a,u1_oos,v2,2026-09-19,25.02544686832496
a,u1_oos,v2,2026-09-20,551.9301472288331
a,u1_oos,v2,2026-09-21,-75.67925075051178
a,u1_oos,v2,2026-09-22,368.6508162999381
a,u1_oos,v2,2026-09-23,-62.31567478791144
a,u1_oos,v2,2026-09-24,-370.26953832079573
a,u1_oos,v2,2026-09-25,387.7561111642136
a,u1_oos,v2,2026-09-26,89.23819098427218
a,u1_oos,v2,2026-09-27,-306.06017603206027
a,u1_oos,v2,2026-09-28,142.1903069367945
a,u1_oos,v2,2026-09-29,461.1124737704181
a,u1_oos,v2,2026-09-30,348.40110534061114
a,u1_oos,v2,2026-10-01,-13.835219277928418
a,u1_oos,v2,2026-10-02,-187.27685040489536
a,u1_oos,v2,2026-10-03,-233.0409982751437
a,u1_oos,v2_safe,2026-08-25,60.4915250460926
a,u1_oos,v2_safe,2026-08-26,231.43663215449396
a,u1_oos,v2_safe,2026-08-27,-37.855333731201505
a,u1_oos,v2_safe,2026-08-28,38.73838581039428
a,u1_oos,v2_safe,2026-08-29,-22.25695116889176
a,u1_oos,v2_safe,2026-08-30,-112.51619850215798
a,u1_oos,v2_safe,2026-08-31,154.12996648754432
a,u1_oos,v2_safe,2026-09-01,65.42927335594914
a,u1_oos,v2_safe,2026-09-02,61.71328215327878
a,u1_oos,v2_safe,2026-09-03,10.216084873999101
a,u1_oos,v2_safe,2026-09-04,-68.81777369805621
a,u1_oos,v2_safe,2026-09-05,-22.351442242035052
a,u1_oos,v2_safe,2026-09-06,62.47542919730629
a,u1_oos,v2_safe,2026-09-07,-223.98184811354943
a,u1_oos,v2_safe,2026-09-08,340.19410971200466
a,u1_oos,v2_safe,2026-09-09,74.21033518678091
a,u1_oos,v2_safe,2026-09-10,148.33352622032277
a,u1_oos,v2_safe,2026-09-11,39.602415335889916
a,u1_oos,v2_safe,2026-09-12,170.84420597287377
a,u1_oos,v2_safe,2026-09-13,25.702261518613465
a,u1_oos,v2_safe,2026-09-14,69.2583766728929
a,u1_oos,v2_safe,2026-09-15,45.966766987016435
a,u1_oos,v2_safe,2026-09-16,155.93068782826916
a,u1_oos,v2_safe,2026-09-17,242.94713695929573
a,u1_oos,v2_safe,2026-09-18,158.07057526098114
a,u1_oos,v2_safe,2026-09-19,7.9827085096760175
a,u1_oos,v2_safe,2026-09-20,308.3813689785895
a,u1_oos,v2_safe,2026-09-21,-20.86785980576286
a,u1_oos,v2_safe,2026-09-22,198.78704743696076
a,u1_oos,v2_safe,2026-09-23,44.88101414683204
a,u1_oos,v2_safe,2026-09-24,-99.55199035264455
a,u1_oos,v2_safe,2026-09-25,205.02538438743966
a,u1_oos,v2_safe,2026-09-26,59.052010226236916
a,u1_oos,v2_safe,2026-09-27,-152.055690205714
a,u1_oos,v2_safe,2026-09-28,-19.605244546790203
a,u1_oos,v2_safe,2026-09-29,280.3904919320473
a,u1_oos,v2_safe,2026-09-30,240.48414535621646
a,u1_oos,v2_safe,2026-10-01,-0.13884512488746115
a,u1_oos,v2_safe,2026-10-02,-86.645035143581
a,u1_oos,v2_safe,2026-10-03,-100.55115574160749
b,u2_is,v2,2026-02-01,0.0
b,u2_is,v2,2026-02-02,0.0
b,u2_is,v2,2026-02-03,0.0
b,u2_is,v2,2026-02-04,0.0
b,u2_is,v2,2026-02-05,0.0
b,u2_is,v2,2026-02-06,0.0
b,u2_is,v2,2026-02-07,1.2999999999999996
b,u2_is,v2,2026-02-08,0.0
b,u2_is,v2,2026-02-09,0.0
b,u2_is,v2,2026-02-10,0.0
b,u2_is,v2,2026-02-11,0.0
b,u2_is,v2,2026-02-12,0.0
b,u2_is,v2,2026-02-13,0.0
b,u2_is,v2,2026-02-14,0.0
b,u2_is,v2,2026-02-15,0.0
b,u2_is,v2,2026-02-16,0.0
b,u2_is,v2,2026-02-17,-9.559260000148171
b,u2_is,v2,2026-02-18,-44.83
b,u2_is,v2,2026-02-19,0.0
b,u2_is,v2,2026-02-20,0.0
b,u2_is,v2,2026-02-21,0.0
b,u2_is,v2,2026-02-22,0.0
b,u2_is,v2,2026-02-23,0.0
b,u2_is,v2,2026-02-24,37.92
b,u2_is,v2,2026-02-25,0.0
b,u2_is,v2,2026-02-26,0.0
b,u2_is,v2,2026-02-27,0.0
b,u2_is,v2,2026-02-28,0.0
b,u2_is,v2,2026-03-01,0.0
b,u2_is,v2,2026-03-02,0.0
b,u2_is,v2,2026-03-03,0.0
b,u2_is,v2,2026-03-04,0.0
b,u2_is,v2,2026-03-05,0.0
b,u2_is,v2,2026-03-06,0.0
b,u2_is,v2,2026-03-07,0.0
b,u2_is,v2,2026-03-08,0.0
b,u2_is,v2,2026-03-09,0.0
b,u2_is,v2,2026-03-10,0.0
b,u2_is,v2,2026-03-11,0.0
b,u2_is,v2,2026-03-12,0.0
b,u2_is,v2,2026-03-13,0.0
b,u2_is,v2,2026-03-14,0.0
b,u2_is,v2,2026-03-15,0.0
b,u2_is,v2,2026-03-16,0.0
b,u2_is,v2,2026-03-17,0.0
b,u2_is,v2,2026-03-18,0.0
b,u2_is,v2,2026-03-19,0.0
b,u2_is,v2,2026-03-20,0.0
b,u2_is,v2,2026-03-21,0.0
b,u2_is,v2,2026-03-22,0.0
b,u2_is,v2,2026-03-23,0.0
b,u2_is,v2,2026-03-24,0.0
b,u2_is,v2,2026-03-25,0.0
b,u2_is,v2,2026-03-26,0.0
b,u2_is,v2,2026-03-27,0.0
b,u2_is,v2,2026-03-28,0.0
b,u2_is,v2,2026-03-29,0.0
b,u2_is,v2,2026-03-30,0.0
b,u2_is,v2,2026-03-31,0.0
b,u2_is,v2,2026-04-01,0.0
b,u2_is,v2,2026-04-02,0.0
b,u2_is,v2,2026-04-03,0.0
b,u2_is,v2,2026-04-04,0.0
b,u2_is,v2,2026-04-05,0.0
b,u2_is,v2,2026-04-06,0.0
b,u2_is,v2,2026-04-07,0.0
b,u2_is,v2,2026-04-08,0.0
b,u2_is,v2,2026-04-09,0.0
b,u2_is,v2,2026-04-10,0.0
b,u2_is,v2,2026-04-11,0.0
b,u2_is,v2,2026-04-12,0.0
b,u2_is,v2,2026-04-13,0.0
b,u2_is,v2,2026-04-14,0.0
b,u2_is,v2,2026-04-15,0.0
b,u2_is,v2,2026-04-16,0.0
b,u2_is,v2,2026-04-17,0.0
b,u2_is,v2,2026-04-18,0.0
b,u2_is,v2,2026-04-19,0.0
b,u2_is,v2,2026-04-20,0.0
b,u2_is,v2,2026-04-21,0.0
b,u2_is,v2,2026-04-22,0.0
b,u2_is,v2,2026-04-23,0.0
b,u2_is,v2,2026-04-24,0.0
b,u2_is,v2,2026-04-25,0.0
b,u2_is,v2,2026-04-26,0.0
b,u2_is,v2,2026-04-27,0.0
b,u2_is,v2,2026-04-28,0.0
b,u2_is,v2,2026-04-29,0.0
b,u2_is,v2,2026-04-30,0.0
b,u2_is,v2,2026-05-01,0.0
b,u2_is,v2,2026-05-02,0.0
b,u2_is,v2,2026-05-03,0.0
b,u2_is,v2,2026-05-04,0.0
b,u2_is,v2,2026-05-05,0.0
b,u2_is,v2,2026-05-06,0.0
b,u2_is,v2,2026-05-07,0.0
b,u2_is,v2,2026-05-08,0.0
b,u2_is,v2,2026-05-09,0.0
b,u2_is,v2,2026-05-10,0.0
b,u2_is,v2,2026-05-11,0.0
b,u2_is,v2,2026-05-12,0.0
b,u2_is,v2,2026-05-13,0.0
b,u2_is,v2,2026-05-14,86.03757284222277
b,u2_is,v2,2026-05-15,0.0
b,u2_is,v2,2026-05-16,-9.060683982883877
b,u2_is,v2,2026-05-17,-74.33504
b,u2_is,v2,2026-05-18,-3.224655
b,u2_is,v2,2026-05-19,18.284635604712744
b,u2_is,v2,2026-05-20,-53.299103116500746
b,u2_is,v2,2026-05-21,225.7689027968537
b,u2_is,v2,2026-05-22,22.022679901592532
b,u2_is,v2,2026-05-23,57.618223634358195
b,u2_is,v2,2026-05-24,0.0
b,u2_is,v2,2026-05-25,0.0
b,u2_is,v2,2026-05-26,-43.5973866
b,u2_is,v2,2026-05-27,44.113021596891095
b,u2_is,v2,2026-05-28,46.820005260851836
b,u2_is,v2,2026-05-29,-14.578656320839972
b,u2_is,v2,2026-05-30,96.50698348893414
b,u2_is,v2,2026-05-31,-15.446928274873045
b,u2_is,v2,2026-06-01,0.0
b,u2_is,v2,2026-06-02,-98.58302432078435
b,u2_is,v2,2026-06-03,141.74272044924948
b,u2_is,v2,2026-06-04,310.96015583768445
b,u2_is,v2,2026-06-05,-152.38343290308555
b,u2_is,v2,2026-06-06,252.87495531566478
b,u2_is,v2,2026-06-07,-105.07307531991162
b,u2_is,v2,2026-06-08,0.0
b,u2_is,v2,2026-06-09,255.69929357404018
b,u2_is,v2,2026-06-10,217.50384768590786
b,u2_is,v2,2026-06-11,129.55832032153737
b,u2_is,v2,2026-06-12,-177.0491802153569
b,u2_is,v2,2026-06-13,21.310473049186392
b,u2_is,v2,2026-06-14,134.23642632432973
b,u2_is,v2,2026-06-15,64.1898867285951
b,u2_is,v2,2026-06-16,-284.4720148550926
b,u2_is,v2,2026-06-17,154.2022933955425
b,u2_is,v2,2026-06-18,-20.68386418093541
b,u2_is,v2,2026-06-19,185.45426397098183
b,u2_is,v2,2026-06-20,122.93901018247448
b,u2_is,v2,2026-06-21,-0.03179893542658352
b,u2_is,v2,2026-06-22,-2.687365
b,u2_is,v2,2026-06-23,117.43037732697607
b,u2_is,v2,2026-06-24,81.0339909296836
b,u2_is,v2,2026-06-25,495.2098117270188
b,u2_is,v2,2026-06-26,-302.93486655778406
b,u2_is,v2,2026-06-27,48.793621960766764
b,u2_is,v2,2026-06-28,-49.50435368048757
b,u2_is,v2,2026-06-29,30.19534261719971
b,u2_is,v2,2026-06-30,51.70930087773231
b,u2_is,v2,2026-07-01,6.277259074119808
b,u2_is,v2,2026-07-02,-38.21627606216096
b,u2_is,v2,2026-07-03,-47.024662892527935
b,u2_is,v2,2026-07-04,-347.54398850185424
b,u2_is,v2,2026-07-05,-15.661415142589675
b,u2_is,v2,2026-07-06,45.97337499999999
b,u2_is,v2,2026-07-07,35.36625167776264
b,u2_is,v2,2026-07-08,324.18439366536126
b,u2_is,v2,2026-07-09,321.7529439468067
b,u2_is,v2,2026-07-10,-187.7393060211818
b,u2_is,v2,2026-07-11,22.993943163731256
b,u2_is,v2,2026-07-12,75.28988069097588
b,u2_is,v2,2026-07-13,-49.76482939712461
b,u2_is,v2,2026-07-14,-164.93057811266556
b,u2_is,v2,2026-07-15,596.5908155523621
b,u2_is,v2,2026-07-16,330.58163633855577
b,u2_is,v2,2026-07-17,675.0369476458667
b,u2_is,v2,2026-07-18,29.134310956300627
b,u2_is,v2,2026-07-19,-6.386855897834297
b,u2_is,v2,2026-07-20,28.75372075536507
b,u2_is,v2,2026-07-21,228.89730250303677
b,u2_is,v2,2026-07-22,64.49816205090374
b,u2_is,v2,2026-07-23,-50.5621891260201
b,u2_is,v2,2026-07-24,232.42700790478708
b,u2_is,v2,2026-07-25,211.68738771916472
b,u2_is,v2,2026-07-26,44.046597363895806
b,u2_is,v2,2026-07-27,-73.55550136690738
b,u2_is,v2,2026-07-28,111.00803366719936
b,u2_is,v2,2026-07-29,131.20740639970788
b,u2_is,v2,2026-07-30,406.039285689895
b,u2_is,v2,2026-07-31,39.770535456040534
b,u2_is,v2,2026-08-01,-88.70987319884978
b,u2_is,v2,2026-08-02,78.16553267375625
b,u2_is,v2,2026-08-03,26.893092849452685
b,u2_is,v2,2026-08-04,120.44288041867624
b,u2_is,v2,2026-08-05,-177.41766935097584
b,u2_is,v2,2026-08-06,272.05138004689474
b,u2_is,v2,2026-08-07,214.629683903538
b,u2_is,v2,2026-08-08,-132.15514300218675
b,u2_is,v2,2026-08-09,-37.957432719569496
b,u2_is,v2,2026-08-10,16.88357373684211
b,u2_is,v2,2026-08-11,65.37026174661959
b,u2_is,v2,2026-08-12,22.663962282100076
b,u2_is,v2,2026-08-13,591.3195691974853
b,u2_is,v2,2026-08-14,150.34571756887883
b,u2_is,v2,2026-08-15,-34.721487713834634
b,u2_is,v2,2026-08-16,32.795166922745615
b,u2_is,v2,2026-08-17,115.3718781054829
b,u2_is,v2,2026-08-18,287.9068071262558
b,u2_is,v2,2026-08-19,-351.6725471352916
b,u2_is,v2,2026-08-20,361.7363718445591
b,u2_is,v2,2026-08-21,455.4418997125748
b,u2_is,v2,2026-08-22,181.04284301656085
b,u2_is,v2,2026-08-23,240.7743233899959
b,u2_is,v2,2026-08-24,-65.12622114814097
b,u2_is,v2,2026-08-25,189.97469194520946
b,u2_is,v2,2026-08-26,-69.29550798357008
b,u2_is,v2_safe,2026-02-01,0.0
b,u2_is,v2_safe,2026-02-02,0.0
b,u2_is,v2_safe,2026-02-03,0.0
b,u2_is,v2_safe,2026-02-04,0.0
b,u2_is,v2_safe,2026-02-05,0.0
b,u2_is,v2_safe,2026-02-06,0.0
b,u2_is,v2_safe,2026-02-07,1.2999999999999996
b,u2_is,v2_safe,2026-02-08,0.0
b,u2_is,v2_safe,2026-02-09,0.0
b,u2_is,v2_safe,2026-02-10,0.0
b,u2_is,v2_safe,2026-02-11,0.0
b,u2_is,v2_safe,2026-02-12,0.0
b,u2_is,v2_safe,2026-02-13,0.0
b,u2_is,v2_safe,2026-02-14,0.0
b,u2_is,v2_safe,2026-02-15,0.0
b,u2_is,v2_safe,2026-02-16,0.0
b,u2_is,v2_safe,2026-02-17,-9.559260000148171
b,u2_is,v2_safe,2026-02-18,-31.83
b,u2_is,v2_safe,2026-02-19,0.0
b,u2_is,v2_safe,2026-02-20,0.0
b,u2_is,v2_safe,2026-02-21,0.0
b,u2_is,v2_safe,2026-02-22,0.0
b,u2_is,v2_safe,2026-02-23,0.0
b,u2_is,v2_safe,2026-02-24,24.0
b,u2_is,v2_safe,2026-02-25,0.0
b,u2_is,v2_safe,2026-02-26,0.0
b,u2_is,v2_safe,2026-02-27,0.0
b,u2_is,v2_safe,2026-02-28,0.0
b,u2_is,v2_safe,2026-03-01,0.0
b,u2_is,v2_safe,2026-03-02,0.0
b,u2_is,v2_safe,2026-03-03,0.0
b,u2_is,v2_safe,2026-03-04,0.0
b,u2_is,v2_safe,2026-03-05,0.0
b,u2_is,v2_safe,2026-03-06,0.0
b,u2_is,v2_safe,2026-03-07,0.0
b,u2_is,v2_safe,2026-03-08,0.0
b,u2_is,v2_safe,2026-03-09,0.0
b,u2_is,v2_safe,2026-03-10,0.0
b,u2_is,v2_safe,2026-03-11,0.0
b,u2_is,v2_safe,2026-03-12,0.0
b,u2_is,v2_safe,2026-03-13,0.0
b,u2_is,v2_safe,2026-03-14,0.0
b,u2_is,v2_safe,2026-03-15,0.0
b,u2_is,v2_safe,2026-03-16,0.0
b,u2_is,v2_safe,2026-03-17,0.0
b,u2_is,v2_safe,2026-03-18,0.0
b,u2_is,v2_safe,2026-03-19,0.0
b,u2_is,v2_safe,2026-03-20,0.0
b,u2_is,v2_safe,2026-03-21,0.0
b,u2_is,v2_safe,2026-03-22,0.0
b,u2_is,v2_safe,2026-03-23,0.0
b,u2_is,v2_safe,2026-03-24,0.0
b,u2_is,v2_safe,2026-03-25,0.0
b,u2_is,v2_safe,2026-03-26,0.0
b,u2_is,v2_safe,2026-03-27,0.0
b,u2_is,v2_safe,2026-03-28,0.0
b,u2_is,v2_safe,2026-03-29,0.0
b,u2_is,v2_safe,2026-03-30,0.0
b,u2_is,v2_safe,2026-03-31,0.0
b,u2_is,v2_safe,2026-04-01,0.0
b,u2_is,v2_safe,2026-04-02,0.0
b,u2_is,v2_safe,2026-04-03,0.0
b,u2_is,v2_safe,2026-04-04,0.0
b,u2_is,v2_safe,2026-04-05,0.0
b,u2_is,v2_safe,2026-04-06,0.0
b,u2_is,v2_safe,2026-04-07,0.0
b,u2_is,v2_safe,2026-04-08,0.0
b,u2_is,v2_safe,2026-04-09,0.0
b,u2_is,v2_safe,2026-04-10,0.0
b,u2_is,v2_safe,2026-04-11,0.0
b,u2_is,v2_safe,2026-04-12,0.0
b,u2_is,v2_safe,2026-04-13,0.0
b,u2_is,v2_safe,2026-04-14,0.0
b,u2_is,v2_safe,2026-04-15,0.0
b,u2_is,v2_safe,2026-04-16,0.0
b,u2_is,v2_safe,2026-04-17,0.0
b,u2_is,v2_safe,2026-04-18,0.0
b,u2_is,v2_safe,2026-04-19,0.0
b,u2_is,v2_safe,2026-04-20,0.0
b,u2_is,v2_safe,2026-04-21,0.0
b,u2_is,v2_safe,2026-04-22,0.0
b,u2_is,v2_safe,2026-04-23,0.0
b,u2_is,v2_safe,2026-04-24,0.0
b,u2_is,v2_safe,2026-04-25,0.0
b,u2_is,v2_safe,2026-04-26,0.0
b,u2_is,v2_safe,2026-04-27,0.0
b,u2_is,v2_safe,2026-04-28,0.0
b,u2_is,v2_safe,2026-04-29,0.0
b,u2_is,v2_safe,2026-04-30,0.0
b,u2_is,v2_safe,2026-05-01,0.0
b,u2_is,v2_safe,2026-05-02,0.0
b,u2_is,v2_safe,2026-05-03,0.0
b,u2_is,v2_safe,2026-05-04,0.0
b,u2_is,v2_safe,2026-05-05,0.0
b,u2_is,v2_safe,2026-05-06,0.0
b,u2_is,v2_safe,2026-05-07,0.0
b,u2_is,v2_safe,2026-05-08,0.0
b,u2_is,v2_safe,2026-05-09,0.0
b,u2_is,v2_safe,2026-05-10,0.0
b,u2_is,v2_safe,2026-05-11,0.0
b,u2_is,v2_safe,2026-05-12,0.0
b,u2_is,v2_safe,2026-05-13,0.0
b,u2_is,v2_safe,2026-05-14,64.16348473566451
b,u2_is,v2_safe,2026-05-15,0.0
b,u2_is,v2_safe,2026-05-16,-9.060683982883877
b,u2_is,v2_safe,2026-05-17,-35.56939
b,u2_is,v2_safe,2026-05-18,-3.224655
b,u2_is,v2_safe,2026-05-19,0.7318137731709609
b,u2_is,v2_safe,2026-05-20,-4.7392335374509695
b,u2_is,v2_safe,2026-05-21,154.95696232725373
b,u2_is,v2_safe,2026-05-22,9.972532355159723
b,u2_is,v2_safe,2026-05-23,15.533796350301133
b,u2_is,v2_safe,2026-05-24,0.0
b,u2_is,v2_safe,2026-05-25,0.0
b,u2_is,v2_safe,2026-05-26,-14.636124600000006
b,u2_is,v2_safe,2026-05-27,22.38405264961588
b,u2_is,v2_safe,2026-05-28,18.51112167854735
b,u2_is,v2_safe,2026-05-29,-1.7974063208399715
b,u2_is,v2_safe,2026-05-30,54.12840375225016
b,u2_is,v2_safe,2026-05-31,-9.54323294177512
b,u2_is,v2_safe,2026-06-01,0.0
b,u2_is,v2_safe,2026-06-02,-24.690271606427306
b,u2_is,v2_safe,2026-06-03,132.87337335183736
b,u2_is,v2_safe,2026-06-04,144.99361937485855
b,u2_is,v2_safe,2026-06-05,-70.38176643663897
b,u2_is,v2_safe,2026-06-06,190.04915506109046
b,u2_is,v2_safe,2026-06-07,-28.00302727196866
b,u2_is,v2_safe,2026-06-08,0.0
b,u2_is,v2_safe,2026-06-09,146.09456772527642
b,u2_is,v2_safe,2026-06-10,107.66490657609614
b,u2_is,v2_safe,2026-06-11,13.04102388613926
b,u2_is,v2_safe,2026-06-12,-77.50463849962875
b,u2_is,v2_safe,2026-06-13,42.76759672402311
b,u2_is,v2_safe,2026-06-14,97.24099371016635
b,u2_is,v2_safe,2026-06-15,28.694770031058674
b,u2_is,v2_safe,2026-06-16,-143.2922000043714
b,u2_is,v2_safe,2026-06-17,126.90994970013233
b,u2_is,v2_safe,2026-06-18,41.31524276546116
b,u2_is,v2_safe,2026-06-19,129.41172154573556
b,u2_is,v2_safe,2026-06-20,65.83429035720548
b,u2_is,v2_safe,2026-06-21,-8.925074840306014
b,u2_is,v2_safe,2026-06-22,-2.687365
b,u2_is,v2_safe,2026-06-23,87.45716350610516
b,u2_is,v2_safe,2026-06-24,43.63834410197002
b,u2_is,v2_safe,2026-06-25,275.36814057353615
b,u2_is,v2_safe,2026-06-26,-136.4637656197284
b,u2_is,v2_safe,2026-06-27,28.681687458718994
b,u2_is,v2_safe,2026-06-28,-55.12221313671061
b,u2_is,v2_safe,2026-06-29,-0.9214073828002959
b,u2_is,v2_safe,2026-06-30,25.000063565413967
b,u2_is,v2_safe,2026-07-01,7.954893228787345
b,u2_is,v2_safe,2026-07-02,-28.94931253729161
b,u2_is,v2_safe,2026-07-03,-41.54910333389403
b,u2_is,v2_safe,2026-07-04,-183.10128882528292
b,u2_is,v2_safe,2026-07-05,7.951319203525716
b,u2_is,v2_safe,2026-07-06,23.844624999999997
b,u2_is,v2_safe,2026-07-07,61.85221142491069
b,u2_is,v2_safe,2026-07-08,216.18921695640267
b,u2_is,v2_safe,2026-07-09,234.6372087266347
b,u2_is,v2_safe,2026-07-10,-68.9714420371804
b,u2_is,v2_safe,2026-07-11,-8.137929681962955
b,u2_is,v2_safe,2026-07-12,30.53197143854438
b,u2_is,v2_safe,2026-07-13,-24.64007939712461
b,u2_is,v2_safe,2026-07-14,-81.28976942404732
b,u2_is,v2_safe,2026-07-15,356.27567348258117
b,u2_is,v2_safe,2026-07-16,179.79962623673475
b,u2_is,v2_safe,2026-07-17,363.3390639720108
b,u2_is,v2_safe,2026-07-18,5.927056911522212
b,u2_is,v2_safe,2026-07-19,12.210601714766128
b,u2_is,v2_safe,2026-07-20,18.67595637768253
b,u2_is,v2_safe,2026-07-21,103.63060922267351
b,u2_is,v2_safe,2026-07-22,-32.984814831418134
b,u2_is,v2_safe,2026-07-23,29.878772928078604
b,u2_is,v2_safe,2026-07-24,183.96722726275266
b,u2_is,v2_safe,2026-07-25,133.04165305332222
b,u2_is,v2_safe,2026-07-26,73.92036982167134
b,u2_is,v2_safe,2026-07-27,-33.16384194566354
b,u2_is,v2_safe,2026-07-28,81.58025801929315
b,u2_is,v2_safe,2026-07-29,188.89634815920027
b,u2_is,v2_safe,2026-07-30,252.91884984214525
b,u2_is,v2_safe,2026-07-31,65.43471408947691
b,u2_is,v2_safe,2026-08-01,-87.9723913640542
b,u2_is,v2_safe,2026-08-02,25.826885612307557
b,u2_is,v2_safe,2026-08-03,25.2414966016216
b,u2_is,v2_safe,2026-08-04,30.939181453306915
b,u2_is,v2_safe,2026-08-05,-79.05476893699633
b,u2_is,v2_safe,2026-08-06,187.58280693706186
b,u2_is,v2_safe,2026-08-07,143.04923065643442
b,u2_is,v2_safe,2026-08-08,-53.429047161434966
b,u2_is,v2_safe,2026-08-09,-8.741949870089375
b,u2_is,v2_safe,2026-08-10,13.928874210526317
b,u2_is,v2_safe,2026-08-11,42.9364210595268
b,u2_is,v2_safe,2026-08-12,40.8430680026746
b,u2_is,v2_safe,2026-08-13,359.7218687722931
b,u2_is,v2_safe,2026-08-14,86.88863584083153
b,u2_is,v2_safe,2026-08-15,-3.1177690928633943
b,u2_is,v2_safe,2026-08-16,25.146761198936897
b,u2_is,v2_safe,2026-08-17,74.52432503446788
b,u2_is,v2_safe,2026-08-18,203.97585009139226
b,u2_is,v2_safe,2026-08-19,-208.91999278719524
b,u2_is,v2_safe,2026-08-20,182.89128435123035
b,u2_is,v2_safe,2026-08-21,269.90598668994835
b,u2_is,v2_safe,2026-08-22,61.162327727175324
b,u2_is,v2_safe,2026-08-23,140.6392403727565
b,u2_is,v2_safe,2026-08-24,14.805790218913666
b,u2_is,v2_safe,2026-08-25,81.21707361740744
b,u2_is,v2_safe,2026-08-26,-33.79075516874878
b,u2_oos,v2,2026-08-25,-116.19971510008337
b,u2_oos,v2,2026-08-26,667.1181077155808
b,u2_oos,v2,2026-08-27,338.98097018569325
b,u2_oos,v2,2026-08-28,17.267695503278624
b,u2_oos,v2,2026-08-29,107.4082124798382
b,u2_oos,v2,2026-08-30,-87.2871789462375
b,u2_oos,v2,2026-08-31,-8.455122093123848
b,u2_oos,v2,2026-09-01,70.42443941557733
b,u2_oos,v2,2026-09-02,-170.3612350710374
b,u2_oos,v2,2026-09-03,272.2654697691756
b,u2_oos,v2,2026-09-04,264.39754271420355
b,u2_oos,v2,2026-09-05,165.8699742864309
b,u2_oos,v2,2026-09-06,176.817590977266
b,u2_oos,v2,2026-09-07,-60.13153086288838
b,u2_oos,v2,2026-09-08,73.62850794049375
b,u2_oos,v2,2026-09-09,503.70108090894445
b,u2_oos,v2,2026-09-10,16.199100448165694
b,u2_oos,v2,2026-09-11,-17.445555684341635
b,u2_oos,v2,2026-09-12,147.7553193090189
b,u2_oos,v2,2026-09-13,-3.547507130760035
b,u2_oos,v2,2026-09-14,145.87627008531285
b,u2_oos,v2,2026-09-15,68.77821869324322
b,u2_oos,v2,2026-09-16,-33.74917916777062
b,u2_oos,v2,2026-09-17,241.5280499294875
b,u2_oos,v2,2026-09-18,140.9295516066921
b,u2_oos,v2,2026-09-19,-170.99324866008436
b,u2_oos,v2,2026-09-20,55.27139045357466
b,u2_oos,v2,2026-09-21,-58.523874411552484
b,u2_oos,v2,2026-09-22,-9.025266336490585
b,u2_oos,v2,2026-09-23,33.71028082948615
b,u2_oos,v2,2026-09-24,-180.5929509609412
b,u2_oos,v2,2026-09-25,41.36651517002991
b,u2_oos,v2,2026-09-26,29.117650332085947
b,u2_oos,v2,2026-09-27,197.35009587944398
b,u2_oos,v2,2026-09-28,-123.77744187946732
b,u2_oos,v2,2026-09-29,-269.6325170509541
b,u2_oos,v2,2026-09-30,5.582117325062572
b,u2_oos,v2,2026-10-01,-332.71634560691484
b,u2_oos,v2,2026-10-02,10.249561507090434
b,u2_oos,v2,2026-10-03,-31.987589364648013
b,u2_oos,v2_safe,2026-08-25,-67.79883285364318
b,u2_oos,v2_safe,2026-08-26,508.95149306835395
b,u2_oos,v2_safe,2026-08-27,124.37065207005367
b,u2_oos,v2_safe,2026-08-28,-52.124336543607065
b,u2_oos,v2_safe,2026-08-29,68.70849086381904
b,u2_oos,v2_safe,2026-08-30,-50.09674774435528
b,u2_oos,v2_safe,2026-08-31,-8.455122093123848
b,u2_oos,v2_safe,2026-09-01,69.17268085228623
b,u2_oos,v2_safe,2026-09-02,-70.3954532419667
b,u2_oos,v2_safe,2026-09-03,82.30417674391614
b,u2_oos,v2_safe,2026-09-04,148.94127702661473
b,u2_oos,v2_safe,2026-09-05,105.39493714023676
b,u2_oos,v2_safe,2026-09-06,88.55635086266446
b,u2_oos,v2_safe,2026-09-07,-7.6927873870596155
b,u2_oos,v2_safe,2026-09-08,75.38348221154902
b,u2_oos,v2_safe,2026-09-09,287.791445891206
b,u2_oos,v2_safe,2026-09-10,45.21321733261695
b,u2_oos,v2_safe,2026-09-11,6.24415733468239
b,u2_oos,v2_safe,2026-09-12,89.40549383781747
b,u2_oos,v2_safe,2026-09-13,-27.76751545117266
b,u2_oos,v2_safe,2026-09-14,97.86712520143884
b,u2_oos,v2_safe,2026-09-15,-60.57618454537518
b,u2_oos,v2_safe,2026-09-16,42.55740317032542
b,u2_oos,v2_safe,2026-09-17,89.92069958025186
b,u2_oos,v2_safe,2026-09-18,69.2409429407706
b,u2_oos,v2_safe,2026-09-19,-57.44641894171055
b,u2_oos,v2_safe,2026-09-20,44.61171209995989
b,u2_oos,v2_safe,2026-09-21,-39.226812886283696
b,u2_oos,v2_safe,2026-09-22,6.09306605469564
b,u2_oos,v2_safe,2026-09-23,48.581119993496934
b,u2_oos,v2_safe,2026-09-24,-43.16748553990373
b,u2_oos,v2_safe,2026-09-25,-9.27220424385255
b,u2_oos,v2_safe,2026-09-26,10.834367103076646
b,u2_oos,v2_safe,2026-09-27,111.5465473289579
b,u2_oos,v2_safe,2026-09-28,-76.53792242074229
b,u2_oos,v2_safe,2026-09-29,-117.8439240339065
b,u2_oos,v2_safe,2026-09-30,16.373395314717047
b,u2_oos,v2_safe,2026-10-01,-225.05288790875605
b,u2_oos,v2_safe,2026-10-02,25.108770989440686
b,u2_oos,v2_safe,2026-10-03,-8.736247109086587
b,combined_is,v2,2026-02-01,302.5664281184279
b,combined_is,v2,2026-02-02,443.22291211389637
b,combined_is,v2,2026-02-03,-26.152268656505704
b,combined_is,v2,2026-02-04,164.03833234160925
b,combined_is,v2,2026-02-05,236.36968793711222
b,combined_is,v2,2026-02-06,126.12013325450376
b,combined_is,v2,2026-02-07,431.4352876451259
b,combined_is,v2,2026-02-08,312.8949276464109
b,combined_is,v2,2026-02-09,262.9089914381205
b,combined_is,v2,2026-02-10,229.0739798694342
b,combined_is,v2,2026-02-11,-302.8990614783056
b,combined_is,v2,2026-02-12,71.8714215756435
b,combined_is,v2,2026-02-13,-182.6228564548572
b,combined_is,v2,2026-02-14,290.51737351061826
b,combined_is,v2,2026-02-15,40.93217743182989
b,combined_is,v2,2026-02-16,355.5791731031998
b,combined_is,v2,2026-02-17,762.1159879421297
b,combined_is,v2,2026-02-18,291.98191854835244
b,combined_is,v2,2026-02-19,8.593779670885093
b,combined_is,v2,2026-02-20,162.57275388600587
b,combined_is,v2,2026-02-21,479.241802182961
b,combined_is,v2,2026-02-22,80.3127332090738
b,combined_is,v2,2026-02-23,154.28701986094183
b,combined_is,v2,2026-02-24,387.02209645736997
b,combined_is,v2,2026-02-25,531.9976034506342
b,combined_is,v2,2026-02-26,456.41336918341204
b,combined_is,v2,2026-02-27,13.52484097591765
b,combined_is,v2,2026-02-28,105.19938165356054
b,combined_is,v2,2026-03-01,304.52710056450024
b,combined_is,v2,2026-03-02,371.14566533797745
b,combined_is,v2,2026-03-03,633.9117790962647
b,combined_is,v2,2026-03-04,234.83056843941313
b,combined_is,v2,2026-03-05,17.5411320768
b,combined_is,v2,2026-03-06,25.48353985651601
b,combined_is,v2,2026-03-07,0.16129075949999105
b,combined_is,v2,2026-03-08,6.902084999239328
b,combined_is,v2,2026-03-09,25.540000000000006
b,combined_is,v2,2026-03-10,19.512160000000005
b,combined_is,v2,2026-03-11,0.0
b,combined_is,v2,2026-03-12,-60.92354401499998
b,combined_is,v2,2026-03-13,88.83301062974445
b,combined_is,v2,2026-03-14,0.0
b,combined_is,v2,2026-03-15,0.0
b,combined_is,v2,2026-03-16,-32.89670936021996
b,combined_is,v2,2026-03-17,33.07883228430003
b,combined_is,v2,2026-03-18,50.61487222783
b,combined_is,v2,2026-03-19,-7.831703713468997
b,combined_is,v2,2026-03-20,96.3299999994
b,combined_is,v2,2026-03-21,76.271786823562
b,combined_is,v2,2026-03-22,0.0
b,combined_is,v2,2026-03-23,0.0
b,combined_is,v2,2026-03-24,0.0
b,combined_is,v2,2026-03-25,0.0
b,combined_is,v2,2026-03-26,-156.64531349673004
b,combined_is,v2,2026-03-27,-38.4313834708309
b,combined_is,v2,2026-03-28,218.10414905875183
b,combined_is,v2,2026-03-29,71.03022491403328
b,combined_is,v2,2026-03-30,350.4444962779861
b,combined_is,v2,2026-03-31,215.03068700808097
b,combined_is,v2,2026-04-01,225.10846391996682
b,combined_is,v2,2026-04-02,848.2135487295303
b,combined_is,v2,2026-04-03,449.0344553559523
b,combined_is,v2,2026-04-04,53.363179399686715
b,combined_is,v2,2026-04-05,120.8328021516542
b,combined_is,v2,2026-04-06,102.71504032188298
b,combined_is,v2,2026-04-07,424.8276684739197
b,combined_is,v2,2026-04-08,178.07331440705696
b,combined_is,v2,2026-04-09,-372.7669900142127
b,combined_is,v2,2026-04-10,642.8634344586242
b,combined_is,v2,2026-04-11,348.310136477373
b,combined_is,v2,2026-04-12,19.83387831454717
b,combined_is,v2,2026-04-13,87.1582505643714
b,combined_is,v2,2026-04-14,54.62355888542366
b,combined_is,v2,2026-04-15,334.842419133678
b,combined_is,v2,2026-04-16,400.5630556900575
b,combined_is,v2,2026-04-17,-65.01539536905699
b,combined_is,v2,2026-04-18,282.456727045542
b,combined_is,v2,2026-04-19,194.16215891057212
b,combined_is,v2,2026-04-20,-25.107483871679857
b,combined_is,v2,2026-04-21,649.3781357860996
b,combined_is,v2,2026-04-22,321.2377389311361
b,combined_is,v2,2026-04-23,192.42042920300594
b,combined_is,v2,2026-04-24,291.33694098907347
b,combined_is,v2,2026-04-25,56.19358564932903
b,combined_is,v2,2026-04-26,322.97088609904534
b,combined_is,v2,2026-04-27,166.49769402005288
b,combined_is,v2,2026-04-28,-293.8823880173233
b,combined_is,v2,2026-04-29,-35.13285785417109
b,combined_is,v2,2026-04-30,236.9521919931381
b,combined_is,v2,2026-05-01,386.3025875999156
b,combined_is,v2,2026-05-02,53.41315951608679
b,combined_is,v2,2026-05-03,54.721607342077995
b,combined_is,v2,2026-05-04,142.12236597985466
b,combined_is,v2,2026-05-05,112.16696541683056
b,combined_is,v2,2026-05-06,628.2272139238053
b,combined_is,v2,2026-05-07,-31.013461280055303
b,combined_is,v2,2026-05-08,487.8262681801942
b,combined_is,v2,2026-05-09,149.9856514103808
b,combined_is,v2,2026-05-10,-60.981792649978935
b,combined_is,v2,2026-05-11,436.6816740790337
b,combined_is,v2,2026-05-12,299.9435999867795
b,combined_is,v2,2026-05-13,41.64837343635826
b,combined_is,v2,2026-05-14,-93.89539753090615
b,combined_is,v2,2026-05-15,311.2805760517853
b,combined_is,v2,2026-05-16,411.4001849686606
b,combined_is,v2,2026-05-17,489.71239955879815
b,combined_is,v2,2026-05-18,-20.544095216015016
b,combined_is,v2,2026-05-19,613.1498433629447
b,combined_is,v2,2026-05-20,544.8409576758141
b,combined_is,v2,2026-05-21,319.9814257283173
b,combined_is,v2,2026-05-22,120.19895199449077
b,combined_is,v2,2026-05-23,73.31678908385949
b,combined_is,v2,2026-05-24,160.63901426956855
b,combined_is,v2,2026-05-25,606.8230203959614
b,combined_is,v2,2026-05-26,1165.3520543065054
b,combined_is,v2,2026-05-27,212.4684149753308
b,combined_is,v2,2026-05-28,204.34659472502855
b,combined_is,v2,2026-05-29,106.76153440828308
b,combined_is,v2,2026-05-30,360.13038599949795
b,combined_is,v2,2026-05-31,111.54712872009567
b,combined_is,v2,2026-06-01,386.9841396452664
b,combined_is,v2,2026-06-02,441.50077457222386
b,combined_is,v2,2026-06-03,593.3060152556126
b,combined_is,v2,2026-06-04,1319.073550196449
b,combined_is,v2,2026-06-05,424.1637134498994
b,combined_is,v2,2026-06-06,277.57926996593216
b,combined_is,v2,2026-06-07,101.41126459385069
b,combined_is,v2,2026-06-08,432.8423072057598
b,combined_is,v2,2026-06-09,924.7652727956076
b,combined_is,v2,2026-06-10,367.49531673899924
b,combined_is,v2,2026-06-11,321.5756593452907
b,combined_is,v2,2026-06-12,284.5711867531435
b,combined_is,v2,2026-06-13,422.0838408291842
b,combined_is,v2,2026-06-14,246.2342800061264
b,combined_is,v2,2026-06-15,466.86126914915457
b,combined_is,v2,2026-06-16,-358.7339760967173
b,combined_is,v2,2026-06-17,-200.45185107345634
b,combined_is,v2,2026-06-18,80.92058625277345
b,combined_is,v2,2026-06-19,229.05058883223674
b,combined_is,v2,2026-06-20,274.6467407060669
b,combined_is,v2,2026-06-21,73.96174152381947
b,combined_is,v2,2026-06-22,321.39922408187283
b,combined_is,v2,2026-06-23,141.2969644326049
b,combined_is,v2,2026-06-24,272.64732180530643
b,combined_is,v2,2026-06-25,744.9405576197538
b,combined_is,v2,2026-06-26,-124.41111477408674
b,combined_is,v2,2026-06-27,16.37878847196015
b,combined_is,v2,2026-06-28,-95.48025262408319
b,combined_is,v2,2026-06-29,308.5260634595932
b,combined_is,v2,2026-06-30,412.5792142138349
b,combined_is,v2,2026-07-01,259.10654163441626
b,combined_is,v2,2026-07-02,320.33922832941414
b,combined_is,v2,2026-07-03,-67.82821441572563
b,combined_is,v2,2026-07-04,-439.05285877489854
b,combined_is,v2,2026-07-05,26.116124722471454
b,combined_is,v2,2026-07-06,266.47767139222105
b,combined_is,v2,2026-07-07,329.5447323586979
b,combined_is,v2,2026-07-08,494.0008206610797
b,combined_is,v2,2026-07-09,463.10088960789346
b,combined_is,v2,2026-07-10,167.66640010655036
b,combined_is,v2,2026-07-11,-84.30692175837243
b,combined_is,v2,2026-07-12,342.30735873753235
b,combined_is,v2,2026-07-13,-294.2755098474532
b,combined_is,v2,2026-07-14,548.7831369796451
b,combined_is,v2,2026-07-15,894.0066963005573
b,combined_is,v2,2026-07-16,674.6075749456962
b,combined_is,v2,2026-07-17,1178.5516277239744
b,combined_is,v2,2026-07-18,-508.39336761082143
b,combined_is,v2,2026-07-19,91.35729222722267
b,combined_is,v2,2026-07-20,132.40994956630294
b,combined_is,v2,2026-07-21,775.8273721546674
b,combined_is,v2,2026-07-22,19.13702318758017
b,combined_is,v2,2026-07-23,68.64026988556583
b,combined_is,v2,2026-07-24,503.75251087751315
b,combined_is,v2,2026-07-25,513.23136017471
b,combined_is,v2,2026-07-26,17.49423226085745
b,combined_is,v2,2026-07-27,97.84118415339478
b,combined_is,v2,2026-07-28,755.3387376218366
b,combined_is,v2,2026-07-29,6.093640974784416
b,combined_is,v2,2026-07-30,565.1618539822385
b,combined_is,v2,2026-07-31,383.5364968384058
b,combined_is,v2,2026-08-01,-198.67555432725402
b,combined_is,v2,2026-08-02,286.50616048048073
b,combined_is,v2,2026-08-03,733.667034866931
b,combined_is,v2,2026-08-04,726.1327481759098
b,combined_is,v2,2026-08-05,343.4053025262904
b,combined_is,v2,2026-08-06,602.7950858423613
b,combined_is,v2,2026-08-07,530.3974424903803
b,combined_is,v2,2026-08-08,-51.51275482356421
b,combined_is,v2,2026-08-09,-62.25310450893868
b,combined_is,v2,2026-08-10,-60.55223755430217
b,combined_is,v2,2026-08-11,-207.27367695255975
b,combined_is,v2,2026-08-12,191.48103696012126
b,combined_is,v2,2026-08-13,292.2492693975857
b,combined_is,v2,2026-08-14,246.82372015690453
b,combined_is,v2,2026-08-15,288.1697153164399
b,combined_is,v2,2026-08-16,-308.63648619900437
b,combined_is,v2,2026-08-17,594.3638142947638
b,combined_is,v2,2026-08-18,307.34620406044417
b,combined_is,v2,2026-08-19,-272.3644260086963
b,combined_is,v2,2026-08-20,333.33211094622914
b,combined_is,v2,2026-08-21,491.3076873032001
b,combined_is,v2,2026-08-22,250.82237312550097
b,combined_is,v2,2026-08-23,585.4336660261215
b,combined_is,v2,2026-08-24,421.82552671510257
b,combined_is,v2,2026-08-25,210.53506797866274
b,combined_is,v2,2026-08-26,-69.29550798357008
b,combined_is,v2_safe,2026-02-01,169.9165725741722
b,combined_is,v2_safe,2026-02-02,216.98574638209124
b,combined_is,v2_safe,2026-02-03,-4.853135673716757
b,combined_is,v2_safe,2026-02-04,55.30029809778847
b,combined_is,v2_safe,2026-02-05,129.33434175645846
b,combined_is,v2_safe,2026-02-06,148.07351980198084
b,combined_is,v2_safe,2026-02-07,217.629903189317
b,combined_is,v2_safe,2026-02-08,257.92322377969685
b,combined_is,v2_safe,2026-02-09,117.23396741603162
b,combined_is,v2_safe,2026-02-10,91.59368998890649
b,combined_is,v2_safe,2026-02-11,-140.9898591108789
b,combined_is,v2_safe,2026-02-12,48.55373653233232
b,combined_is,v2_safe,2026-02-13,-115.17999129157131
b,combined_is,v2_safe,2026-02-14,107.44995343172306
b,combined_is,v2_safe,2026-02-15,-12.807684695751458
b,combined_is,v2_safe,2026-02-16,164.22373790474876
b,combined_is,v2_safe,2026-02-17,428.94194101399273
b,combined_is,v2_safe,2026-02-18,127.06105317574901
b,combined_is,v2_safe,2026-02-19,31.195993823218146
b,combined_is,v2_safe,2026-02-20,140.30179215727333
b,combined_is,v2_safe,2026-02-21,303.05538719715224
b,combined_is,v2_safe,2026-02-22,11.369870739023742
b,combined_is,v2_safe,2026-02-23,138.0765837041596
b,combined_is,v2_safe,2026-02-24,160.9249730299098
b,combined_is,v2_safe,2026-02-25,208.39817280182828
b,combined_is,v2_safe,2026-02-26,270.2771228591318
b,combined_is,v2_safe,2026-02-27,30.271452454157696
b,combined_is,v2_safe,2026-02-28,28.85994428712225
b,combined_is,v2_safe,2026-03-01,170.91694712922828
b,combined_is,v2_safe,2026-03-02,242.72883513789077
b,combined_is,v2_safe,2026-03-03,428.5538570786992
b,combined_is,v2_safe,2026-03-04,107.3781893786456
b,combined_is,v2_safe,2026-03-05,12.0
b,combined_is,v2_safe,2026-03-06,13.300064186516
b,combined_is,v2_safe,2026-03-07,0.7090112945000016
b,combined_is,v2_safe,2026-03-08,3.902084999239328
b,combined_is,v2_safe,2026-03-09,15.500000000000002
b,combined_is,v2_safe,2026-03-10,8.840280000000002
b,combined_is,v2_safe,2026-03-11,0.0
b,combined_is,v2_safe,2026-03-12,-20.37342955500001
b,combined_is,v2_safe,2026-03-13,55.568409836559994
b,combined_is,v2_safe,2026-03-14,0.0
b,combined_is,v2_safe,2026-03-15,0.0
b,combined_is,v2_safe,2026-03-16,-5.857713280495972
b,combined_is,v2_safe,2026-03-17,8.167962232299994
b,combined_is,v2_safe,2026-03-18,37.35130472283
b,combined_is,v2_safe,2026-03-19,-4.512508604744006
b,combined_is,v2_safe,2026-03-20,46.3299999994
b,combined_is,v2_safe,2026-03-21,37.026100052
b,combined_is,v2_safe,2026-03-22,0.0
b,combined_is,v2_safe,2026-03-23,0.0
b,combined_is,v2_safe,2026-03-24,0.0
b,combined_is,v2_safe,2026-03-25,0.0
b,combined_is,v2_safe,2026-03-26,-102.65912933809078
b,combined_is,v2_safe,2026-03-27,16.440062809089106
b,combined_is,v2_safe,2026-03-28,94.84295007289845
b,combined_is,v2_safe,2026-03-29,27.473011392673328
b,combined_is,v2_safe,2026-03-30,174.79527306689056
b,combined_is,v2_safe,2026-03-31,130.71226985584244
b,combined_is,v2_safe,2026-04-01,117.28191460202325
b,combined_is,v2_safe,2026-04-02,495.0590776754797
b,combined_is,v2_safe,2026-04-03,196.34243971397723
b,combined_is,v2_safe,2026-04-04,60.67577780440723
b,combined_is,v2_safe,2026-04-05,25.004806028555993
b,combined_is,v2_safe,2026-04-06,94.5275875536523
b,combined_is,v2_safe,2026-04-07,200.48283550361603
b,combined_is,v2_safe,2026-04-08,116.4187916245322
b,combined_is,v2_safe,2026-04-09,-183.72839356598587
b,combined_is,v2_safe,2026-04-10,359.5717835124118
b,combined_is,v2_safe,2026-04-11,154.37559769137027
b,combined_is,v2_safe,2026-04-12,53.36094275657874
b,combined_is,v2_safe,2026-04-13,6.23623770985958
b,combined_is,v2_safe,2026-04-14,126.62724207209003
b,combined_is,v2_safe,2026-04-15,169.87303725637977
b,combined_is,v2_safe,2026-04-16,167.45874454999353
b,combined_is,v2_safe,2026-04-17,4.747169370532184
b,combined_is,v2_safe,2026-04-18,172.30987786692316
b,combined_is,v2_safe,2026-04-19,85.77693237156919
b,combined_is,v2_safe,2026-04-20,56.18122022509752
b,combined_is,v2_safe,2026-04-21,418.4909286438074
b,combined_is,v2_safe,2026-04-22,252.54970013296156
b,combined_is,v2_safe,2026-04-23,124.26313783392821
b,combined_is,v2_safe,2026-04-24,194.33187506562112
b,combined_is,v2_safe,2026-04-25,36.42073752393601
b,combined_is,v2_safe,2026-04-26,171.67167412560332
b,combined_is,v2_safe,2026-04-27,110.86781131336254
b,combined_is,v2_safe,2026-04-28,-63.6342036866093
b,combined_is,v2_safe,2026-04-29,-26.870989712900062
b,combined_is,v2_safe,2026-04-30,145.13411801594614
b,combined_is,v2_safe,2026-05-01,279.5030050420537
b,combined_is,v2_safe,2026-05-02,53.59569147162283
b,combined_is,v2_safe,2026-05-03,30.716616189544297
b,combined_is,v2_safe,2026-05-04,124.04919378593334
b,combined_is,v2_safe,2026-05-05,8.232503053505958
b,combined_is,v2_safe,2026-05-06,346.2702292686236
b,combined_is,v2_safe,2026-05-07,-46.550405885110884
b,combined_is,v2_safe,2026-05-08,261.63575983183904
b,combined_is,v2_safe,2026-05-09,146.8962624388237
b,combined_is,v2_safe,2026-05-10,-26.394462080608726
b,combined_is,v2_safe,2026-05-11,194.35420525544944
b,combined_is,v2_safe,2026-05-12,228.07844600948138
b,combined_is,v2_safe,2026-05-13,58.97289524881146
b,combined_is,v2_safe,2026-05-14,2.2301170759237294
b,combined_is,v2_safe,2026-05-15,153.43813676570184
b,combined_is,v2_safe,2026-05-16,264.5376993407223
b,combined_is,v2_safe,2026-05-17,207.73103762527614
b,combined_is,v2_safe,2026-05-18,33.418137740910915
b,combined_is,v2_safe,2026-05-19,324.5135083096465
b,combined_is,v2_safe,2026-05-20,323.8184437263565
b,combined_is,v2_safe,2026-05-21,251.34375201933616
b,combined_is,v2_safe,2026-05-22,73.22326265348781
b,combined_is,v2_safe,2026-05-23,-0.6637483200789323
b,combined_is,v2_safe,2026-05-24,86.12023134149771
b,combined_is,v2_safe,2026-05-25,348.0327024364043
b,combined_is,v2_safe,2026-05-26,614.8177608696843
b,combined_is,v2_safe,2026-05-27,115.21510009984372
b,combined_is,v2_safe,2026-05-28,141.7255551105217
b,combined_is,v2_safe,2026-05-29,44.63526590681427
b,combined_is,v2_safe,2026-05-30,216.45646220772602
b,combined_is,v2_safe,2026-05-31,63.19554101565507
b,combined_is,v2_safe,2026-06-01,185.94136794320212
b,combined_is,v2_safe,2026-06-02,295.16484296177316
b,combined_is,v2_safe,2026-06-03,360.1937285944981
b,combined_is,v2_safe,2026-06-04,657.0151535578234
b,combined_is,v2_safe,2026-06-05,217.94951621994875
b,combined_is,v2_safe,2026-06-06,209.12695707414105
b,combined_is,v2_safe,2026-06-07,102.83087309219822
b,combined_is,v2_safe,2026-06-08,124.20013492761798
b,combined_is,v2_safe,2026-06-09,552.602119003481
b,combined_is,v2_safe,2026-06-10,252.7555566821346
b,combined_is,v2_safe,2026-06-11,147.55826394022125
b,combined_is,v2_safe,2026-06-12,271.6974461991575
b,combined_is,v2_safe,2026-06-13,287.9881425291801
b,combined_is,v2_safe,2026-06-14,178.5696040516124
b,combined_is,v2_safe,2026-06-15,343.7454524164157
b,combined_is,v2_safe,2026-06-16,-59.33132672603395
b,combined_is,v2_safe,2026-06-17,49.53350783648556
b,combined_is,v2_safe,2026-06-18,112.92508000808085
b,combined_is,v2_safe,2026-06-19,142.10970380383785
b,combined_is,v2_safe,2026-06-20,162.6295518893403
b,combined_is,v2_safe,2026-06-21,-30.993415628686986
b,combined_is,v2_safe,2026-06-22,94.1746841140288
b,combined_is,v2_safe,2026-06-23,155.30289855077896
b,combined_is,v2_safe,2026-06-24,148.20420244072636
b,combined_is,v2_safe,2026-06-25,404.06188499282445
b,combined_is,v2_safe,2026-06-26,-61.941920747341726
b,combined_is,v2_safe,2026-06-27,25.8496316602381
b,combined_is,v2_safe,2026-06-28,-69.94482467023312
b,combined_is,v2_safe,2026-06-29,189.61174497042603
b,combined_is,v2_safe,2026-06-30,270.18082668996885
b,combined_is,v2_safe,2026-07-01,120.03566449712015
b,combined_is,v2_safe,2026-07-02,116.19080617607109
b,combined_is,v2_safe,2026-07-03,5.54487479038701
b,combined_is,v2_safe,2026-07-04,-237.84909715742742
b,combined_is,v2_safe,2026-07-05,44.12002681933766
b,combined_is,v2_safe,2026-07-06,228.13317365046973
b,combined_is,v2_safe,2026-07-07,161.610817639368
b,combined_is,v2_safe,2026-07-08,353.22263307953415
b,combined_is,v2_safe,2026-07-09,342.38218448221
b,combined_is,v2_safe,2026-07-10,82.75674805901735
b,combined_is,v2_safe,2026-07-11,-68.06337751263656
b,combined_is,v2_safe,2026-07-12,217.11290826654565
b,combined_is,v2_safe,2026-07-13,-106.02740093425491
b,combined_is,v2_safe,2026-07-14,303.7888513607884
b,combined_is,v2_safe,2026-07-15,571.6318364645965
b,combined_is,v2_safe,2026-07-16,367.66339337442025
b,combined_is,v2_safe,2026-07-17,596.9006706106184
b,combined_is,v2_safe,2026-07-18,-265.3704948053165
b,combined_is,v2_safe,2026-07-19,100.9699111996643
b,combined_is,v2_safe,2026-07-20,127.40258011293142
b,combined_is,v2_safe,2026-07-21,472.8330715532303
b,combined_is,v2_safe,2026-07-22,39.91857194346855
b,combined_is,v2_safe,2026-07-23,15.16948259164931
b,combined_is,v2_safe,2026-07-24,353.4877744098482
b,combined_is,v2_safe,2026-07-25,351.21176419374893
b,combined_is,v2_safe,2026-07-26,76.92432722495062
b,combined_is,v2_safe,2026-07-27,-11.376318459965578
b,combined_is,v2_safe,2026-07-28,457.7553720816951
b,combined_is,v2_safe,2026-07-29,73.29100246236597
b,combined_is,v2_safe,2026-07-30,254.86698980340512
b,combined_is,v2_safe,2026-07-31,349.29048015293847
b,combined_is,v2_safe,2026-08-01,-166.0115402550331
b,combined_is,v2_safe,2026-08-02,134.8938635146706
b,combined_is,v2_safe,2026-08-03,444.7293486178707
b,combined_is,v2_safe,2026-08-04,310.7267979490665
b,combined_is,v2_safe,2026-08-05,202.00929880915402
b,combined_is,v2_safe,2026-08-06,407.34045568896727
b,combined_is,v2_safe,2026-08-07,281.4722789321252
b,combined_is,v2_safe,2026-08-08,19.519672811447087
b,combined_is,v2_safe,2026-08-09,-37.6601930974414
b,combined_is,v2_safe,2026-08-10,-54.31610133562246
b,combined_is,v2_safe,2026-08-11,-42.101649230895845
b,combined_is,v2_safe,2026-08-12,144.84787209386477
b,combined_is,v2_safe,2026-08-13,211.93460760152306
b,combined_is,v2_safe,2026-08-14,178.4692448402381
b,combined_is,v2_safe,2026-08-15,144.83885661147843
b,combined_is,v2_safe,2026-08-16,-149.5718703179789
b,combined_is,v2_safe,2026-08-17,332.25344588816057
b,combined_is,v2_safe,2026-08-18,253.58673125017077
b,combined_is,v2_safe,2026-08-19,-149.29177385520057
b,combined_is,v2_safe,2026-08-20,300.6334264122954
b,combined_is,v2_safe,2026-08-21,268.15517320791815
b,combined_is,v2_safe,2026-08-22,103.83205556747677
b,combined_is,v2_safe,2026-08-23,333.62259429885376
b,combined_is,v2_safe,2026-08-24,386.8577967060727
b,combined_is,v2_safe,2026-08-25,111.95070451610587
b,combined_is,v2_safe,2026-08-26,-33.79075516874878
b,combined_oos,v2,2026-08-25,-143.87433124835175
b,combined_oos,v2,2026-08-26,1076.028469556151
b,combined_oos,v2,2026-08-27,158.8267900255004
b,combined_oos,v2,2026-08-28,96.86962444003477
b,combined_oos,v2,2026-08-29,14.098929229477406
b,combined_oos,v2,2026-08-30,-394.5976705820722
b,combined_oos,v2,2026-08-31,157.68303771645014
b,combined_oos,v2,2026-09-01,53.32185523891531
b,combined_oos,v2,2026-09-02,-78.28790007104593
b,combined_oos,v2,2026-09-03,217.46033758232974
b,combined_oos,v2,2026-09-04,332.8883430664983
b,combined_oos,v2,2026-09-05,142.99663752754262
b,combined_oos,v2,2026-09-06,305.268227528987
b,combined_oos,v2,2026-09-07,-573.3162582180654
b,combined_oos,v2,2026-09-08,864.0555093618735
b,combined_oos,v2,2026-09-09,691.2626760916241
b,combined_oos,v2,2026-09-10,263.408614160589
b,combined_oos,v2,2026-09-11,2.699885902652049
b,combined_oos,v2,2026-09-12,523.1579588761398
b,combined_oos,v2,2026-09-13,49.28593115028197
b,combined_oos,v2,2026-09-14,237.90737879004166
b,combined_oos,v2,2026-09-15,78.42371836116158
b,combined_oos,v2,2026-09-16,247.34326703623975
b,combined_oos,v2,2026-09-17,846.8993979096272
b,combined_oos,v2,2026-09-18,311.48034650842675
b,combined_oos,v2,2026-09-19,-142.6067126929306
b,combined_oos,v2,2026-09-20,601.807163146456
b,combined_oos,v2,2026-09-21,-50.96854793099614
b,combined_oos,v2,2026-09-22,337.91398999049926
b,combined_oos,v2,2026-09-23,-119.8520616123176
b,combined_oos,v2,2026-09-24,-534.9310192060965
b,combined_oos,v2,2026-09-25,379.65379431798704
b,combined_oos,v2,2026-09-26,167.2022898204754
b,combined_oos,v2,2026-09-27,-134.083583478212
b,combined_oos,v2,2026-09-28,-101.32359256047889
b,combined_oos,v2,2026-09-29,7.169250696122278
b,combined_oos,v2,2026-09-30,285.1820435719937
b,combined_oos,v2,2026-10-01,-294.39644832750656
b,combined_oos,v2,2026-10-02,-136.32920983111416
b,combined_oos,v2,2026-10-03,-239.62625187588702
b,combined_oos,v2_safe,2026-08-25,15.575091040419238
b,combined_oos,v2_safe,2026-08-26,747.1665131995896
b,combined_oos,v2_safe,2026-08-27,45.04796588481149
b,combined_oos,v2_safe,2026-08-28,-2.0952627781491495
b,combined_oos,v2_safe,2026-08-29,39.38833537366189
b,combined_oos,v2_safe,2026-08-30,-165.98140083439574
b,combined_oos,v2_safe,2026-08-31,77.55049678525523
b,combined_oos,v2_safe,2026-09-01,75.03521523538963
b,combined_oos,v2_safe,2026-09-02,69.23732456717173
b,combined_oos,v2_safe,2026-09-03,30.74818660677019
b,combined_oos,v2_safe,2026-09-04,135.84466119773782
b,combined_oos,v2_safe,2026-09-05,80.00270227581298
b,combined_oos,v2_safe,2026-09-06,175.30214575814546
b,combined_oos,v2_safe,2026-09-07,-252.84069458966547
b,combined_oos,v2_safe,2026-09-08,441.9443924227397
b,combined_oos,v2_safe,2026-09-09,378.1572136259297
b,combined_oos,v2_safe,2026-09-10,186.8349389968039
b,combined_oos,v2_safe,2026-09-11,69.10084545962519
b,combined_oos,v2_safe,2026-09-12,284.1090554355279
b,combined_oos,v2_safe,2026-09-13,13.127322765411469
b,combined_oos,v2_safe,2026-09-14,192.07693150266914
b,combined_oos,v2_safe,2026-09-15,-7.92288720331225
b,combined_oos,v2_safe,2026-09-16,186.62340011817062
b,combined_oos,v2_safe,2026-09-17,360.1570693717708
b,combined_oos,v2_safe,2026-09-18,207.22882434013258
b,combined_oos,v2_safe,2026-09-19,-53.9938357332058
b,combined_oos,v2_safe,2026-09-20,345.57603763707436
b,combined_oos,v2_safe,2026-09-21,-50.06682226458712
b,combined_oos,v2_safe,2026-09-22,173.6494965697201
b,combined_oos,v2_safe,2026-09-23,33.78064094979328
b,combined_oos,v2_safe,2026-09-24,-139.46871455642454
b,combined_oos,v2_safe,2026-09-25,177.01824642497425
b,combined_oos,v2_safe,2026-09-26,103.67738208343086
b,combined_oos,v2_safe,2026-09-27,-57.84389857610666
b,combined_oos,v2_safe,2026-09-28,-146.59272504373592
b,combined_oos,v2_safe,2026-09-29,62.76601562206861
b,combined_oos,v2_safe,2026-09-30,214.79409574831953
b,combined_oos,v2_safe,2026-10-01,-198.01149937048035
b,combined_oos,v2_safe,2026-10-02,-35.36687520894226
b,combined_oos,v2_safe,2026-10-03,-93.7671864448422
b,u1_context_is,v2,2026-02-01,302.5664281184279
b,u1_context_is,v2,2026-02-02,443.22291211389637
b,u1_context_is,v2,2026-02-03,-26.152268656505704
b,u1_context_is,v2,2026-02-04,164.03833234160925
b,u1_context_is,v2,2026-02-05,236.36968793711222
b,u1_context_is,v2,2026-02-06,126.12013325450376
b,u1_context_is,v2,2026-02-07,430.1352876451259
b,u1_context_is,v2,2026-02-08,312.8949276464109
b,u1_context_is,v2,2026-02-09,262.9089914381205
b,u1_context_is,v2,2026-02-10,229.0739798694342
b,u1_context_is,v2,2026-02-11,-302.8990614783056
b,u1_context_is,v2,2026-02-12,71.8714215756435
b,u1_context_is,v2,2026-02-13,-182.6228564548572
b,u1_context_is,v2,2026-02-14,290.51737351061826
b,u1_context_is,v2,2026-02-15,40.93217743182989
b,u1_context_is,v2,2026-02-16,355.5791731031998
b,u1_context_is,v2,2026-02-17,771.6752479422778
b,u1_context_is,v2,2026-02-18,336.8119185483524
b,u1_context_is,v2,2026-02-19,8.593779670885093
b,u1_context_is,v2,2026-02-20,162.57275388600587
b,u1_context_is,v2,2026-02-21,479.241802182961
b,u1_context_is,v2,2026-02-22,80.3127332090738
b,u1_context_is,v2,2026-02-23,154.28701986094183
b,u1_context_is,v2,2026-02-24,349.10209645736995
b,u1_context_is,v2,2026-02-25,531.9976034506342
b,u1_context_is,v2,2026-02-26,456.41336918341204
b,u1_context_is,v2,2026-02-27,13.52484097591765
b,u1_context_is,v2,2026-02-28,105.19938165356054
b,u1_context_is,v2,2026-03-01,304.52710056450024
b,u1_context_is,v2,2026-03-02,371.14566533797745
b,u1_context_is,v2,2026-03-03,633.9117790962647
b,u1_context_is,v2,2026-03-04,234.83056843941313
b,u1_context_is,v2,2026-03-05,17.5411320768
b,u1_context_is,v2,2026-03-06,25.48353985651601
b,u1_context_is,v2,2026-03-07,0.16129075949999105
b,u1_context_is,v2,2026-03-08,6.902084999239328
b,u1_context_is,v2,2026-03-09,25.540000000000006
b,u1_context_is,v2,2026-03-10,19.512160000000005
b,u1_context_is,v2,2026-03-11,0.0
b,u1_context_is,v2,2026-03-12,-60.92354401499998
b,u1_context_is,v2,2026-03-13,88.83301062974445
b,u1_context_is,v2,2026-03-14,0.0
b,u1_context_is,v2,2026-03-15,0.0
b,u1_context_is,v2,2026-03-16,-32.89670936021996
b,u1_context_is,v2,2026-03-17,33.07883228430003
b,u1_context_is,v2,2026-03-18,50.61487222783
b,u1_context_is,v2,2026-03-19,-7.831703713468997
b,u1_context_is,v2,2026-03-20,96.3299999994
b,u1_context_is,v2,2026-03-21,76.271786823562
b,u1_context_is,v2,2026-03-22,0.0
b,u1_context_is,v2,2026-03-23,0.0
b,u1_context_is,v2,2026-03-24,0.0
b,u1_context_is,v2,2026-03-25,0.0
b,u1_context_is,v2,2026-03-26,-156.64531349673004
b,u1_context_is,v2,2026-03-27,-38.4313834708309
b,u1_context_is,v2,2026-03-28,218.10414905875183
b,u1_context_is,v2,2026-03-29,71.03022491403328
b,u1_context_is,v2,2026-03-30,350.4444962779861
b,u1_context_is,v2,2026-03-31,215.03068700808097
b,u1_context_is,v2,2026-04-01,225.10846391996682
b,u1_context_is,v2,2026-04-02,848.2135487295303
b,u1_context_is,v2,2026-04-03,449.0344553559523
b,u1_context_is,v2,2026-04-04,53.363179399686715
b,u1_context_is,v2,2026-04-05,120.8328021516542
b,u1_context_is,v2,2026-04-06,102.71504032188298
b,u1_context_is,v2,2026-04-07,424.8276684739197
b,u1_context_is,v2,2026-04-08,178.07331440705696
b,u1_context_is,v2,2026-04-09,-372.7669900142127
b,u1_context_is,v2,2026-04-10,642.8634344586242
b,u1_context_is,v2,2026-04-11,348.310136477373
b,u1_context_is,v2,2026-04-12,19.83387831454717
b,u1_context_is,v2,2026-04-13,87.1582505643714
b,u1_context_is,v2,2026-04-14,54.62355888542366
b,u1_context_is,v2,2026-04-15,334.842419133678
b,u1_context_is,v2,2026-04-16,400.5630556900575
b,u1_context_is,v2,2026-04-17,-65.01539536905699
b,u1_context_is,v2,2026-04-18,282.456727045542
b,u1_context_is,v2,2026-04-19,194.16215891057212
b,u1_context_is,v2,2026-04-20,-25.107483871679857
b,u1_context_is,v2,2026-04-21,649.3781357860996
b,u1_context_is,v2,2026-04-22,321.2377389311361
b,u1_context_is,v2,2026-04-23,192.42042920300594
b,u1_context_is,v2,2026-04-24,291.33694098907347
b,u1_context_is,v2,2026-04-25,56.19358564932903
b,u1_context_is,v2,2026-04-26,322.97088609904534
b,u1_context_is,v2,2026-04-27,166.49769402005288
b,u1_context_is,v2,2026-04-28,-293.8823880173233
b,u1_context_is,v2,2026-04-29,-35.13285785417109
b,u1_context_is,v2,2026-04-30,236.9521919931381
b,u1_context_is,v2,2026-05-01,386.3025875999156
b,u1_context_is,v2,2026-05-02,53.41315951608679
b,u1_context_is,v2,2026-05-03,54.721607342077995
b,u1_context_is,v2,2026-05-04,142.12236597985466
b,u1_context_is,v2,2026-05-05,112.16696541683056
b,u1_context_is,v2,2026-05-06,628.2272139238053
b,u1_context_is,v2,2026-05-07,-31.013461280055303
b,u1_context_is,v2,2026-05-08,487.8262681801942
b,u1_context_is,v2,2026-05-09,149.9856514103808
b,u1_context_is,v2,2026-05-10,-60.981792649978935
b,u1_context_is,v2,2026-05-11,436.6816740790337
b,u1_context_is,v2,2026-05-12,299.9435999867795
b,u1_context_is,v2,2026-05-13,41.64837343635826
b,u1_context_is,v2,2026-05-14,-179.93297037312894
b,u1_context_is,v2,2026-05-15,311.2805760517853
b,u1_context_is,v2,2026-05-16,420.46086895154446
b,u1_context_is,v2,2026-05-17,564.0474395587981
b,u1_context_is,v2,2026-05-18,-17.319440216015032
b,u1_context_is,v2,2026-05-19,594.865207758232
b,u1_context_is,v2,2026-05-20,598.1400607923148
b,u1_context_is,v2,2026-05-21,94.21252293146367
b,u1_context_is,v2,2026-05-22,98.17627209289829
b,u1_context_is,v2,2026-05-23,15.698565449501302
b,u1_context_is,v2,2026-05-24,160.63901426956855
b,u1_context_is,v2,2026-05-25,606.8230203959614
b,u1_context_is,v2,2026-05-26,1208.9494409065053
b,u1_context_is,v2,2026-05-27,168.35539337843971
b,u1_context_is,v2,2026-05-28,157.52658946417674
b,u1_context_is,v2,2026-05-29,121.34019072912305
b,u1_context_is,v2,2026-05-30,263.6234025105638
b,u1_context_is,v2,2026-05-31,126.9940569949687
b,u1_context_is,v2,2026-06-01,386.9841396452664
b,u1_context_is,v2,2026-06-02,540.0837988930083
b,u1_context_is,v2,2026-06-03,451.56329480636316
b,u1_context_is,v2,2026-06-04,1008.1133943587646
b,u1_context_is,v2,2026-06-05,576.547146352985
b,u1_context_is,v2,2026-06-06,24.704314650267378
b,u1_context_is,v2,2026-06-07,206.48433991376228
b,u1_context_is,v2,2026-06-08,432.8423072057598
b,u1_context_is,v2,2026-06-09,669.0659792215674
b,u1_context_is,v2,2026-06-10,149.99146905309138
b,u1_context_is,v2,2026-06-11,192.01733902375338
b,u1_context_is,v2,2026-06-12,461.6203669685003
b,u1_context_is,v2,2026-06-13,400.77336777999784
b,u1_context_is,v2,2026-06-14,111.99785368179667
b,u1_context_is,v2,2026-06-15,402.67138242055944
b,u1_context_is,v2,2026-06-16,-74.26196124162466
b,u1_context_is,v2,2026-06-17,-354.6541444689989
b,u1_context_is,v2,2026-06-18,101.6044504337088
b,u1_context_is,v2,2026-06-19,43.596324861254914
b,u1_context_is,v2,2026-06-20,151.70773052359237
b,u1_context_is,v2,2026-06-21,73.99354045924608
b,u1_context_is,v2,2026-06-22,324.08658908187283
b,u1_context_is,v2,2026-06-23,23.866587105628856
b,u1_context_is,v2,2026-06-24,191.61333087562284
b,u1_context_is,v2,2026-06-25,249.73074589273497
b,u1_context_is,v2,2026-06-26,178.52375178369738
b,u1_context_is,v2,2026-06-27,-32.41483348880664
b,u1_context_is,v2,2026-06-28,-45.975898943595595
b,u1_context_is,v2,2026-06-29,278.33072084239353
b,u1_context_is,v2,2026-06-30,360.86991333610257
b,u1_context_is,v2,2026-07-01,252.82928256029646
b,u1_context_is,v2,2026-07-02,358.5555043915751
b,u1_context_is,v2,2026-07-03,-20.803551523197648
b,u1_context_is,v2,2026-07-04,-91.50887027304422
b,u1_context_is,v2,2026-07-05,41.7775398650611
b,u1_context_is,v2,2026-07-06,220.50429639222108
b,u1_context_is,v2,2026-07-07,294.17848068093525
b,u1_context_is,v2,2026-07-08,169.8164269957184
b,u1_context_is,v2,2026-07-09,141.34794566108675
b,u1_context_is,v2,2026-07-10,355.40570612773223
b,u1_context_is,v2,2026-07-11,-107.30086492210359
b,u1_context_is,v2,2026-07-12,267.0174780465564
b,u1_context_is,v2,2026-07-13,-244.51068045032858
b,u1_context_is,v2,2026-07-14,713.7137150923107
b,u1_context_is,v2,2026-07-15,297.4158807481953
b,u1_context_is,v2,2026-07-16,344.0259386071404
b,u1_context_is,v2,2026-07-17,503.51468007810774
b,u1_context_is,v2,2026-07-18,-537.527678567122
b,u1_context_is,v2,2026-07-19,97.744148125057
b,u1_context_is,v2,2026-07-20,103.65622881093783
b,u1_context_is,v2,2026-07-21,546.9300696516306
b,u1_context_is,v2,2026-07-22,-45.36113886332363
b,u1_context_is,v2,2026-07-23,119.202459011586
b,u1_context_is,v2,2026-07-24,271.32550297272604
b,u1_context_is,v2,2026-07-25,301.54397245554526
b,u1_context_is,v2,2026-07-26,-26.552365103038326
b,u1_context_is,v2,2026-07-27,171.39668552030213
b,u1_context_is,v2,2026-07-28,644.3307039546371
b,u1_context_is,v2,2026-07-29,-125.11376542492347
b,u1_context_is,v2,2026-07-30,159.1225682923437
b,u1_context_is,v2,2026-07-31,343.76596138236533
b,u1_context_is,v2,2026-08-01,-109.96568112840424
b,u1_context_is,v2,2026-08-02,208.34062780672448
b,u1_context_is,v2,2026-08-03,706.7739420174782
b,u1_context_is,v2,2026-08-04,605.6898677572335
b,u1_context_is,v2,2026-08-05,520.8229718772662
b,u1_context_is,v2,2026-08-06,330.7437057954666
b,u1_context_is,v2,2026-08-07,315.76775858684226
b,u1_context_is,v2,2026-08-08,80.64238817862257
b,u1_context_is,v2,2026-08-09,-24.295671789369184
b,u1_context_is,v2,2026-08-10,-77.43581129114426
b,u1_context_is,v2,2026-08-11,-272.6439386991794
b,u1_context_is,v2,2026-08-12,168.8170746780212
b,u1_context_is,v2,2026-08-13,-299.0702997998995
b,u1_context_is,v2,2026-08-14,96.47800258802567
b,u1_context_is,v2,2026-08-15,322.89120303027454
b,u1_context_is,v2,2026-08-16,-341.43165312175
b,u1_context_is,v2,2026-08-17,478.9919361892808
b,u1_context_is,v2,2026-08-18,19.439396934188366
b,u1_context_is,v2,2026-08-19,79.30812112659527
b,u1_context_is,v2,2026-08-20,-28.404260898329923
b,u1_context_is,v2,2026-08-21,35.86578759062528
b,u1_context_is,v2,2026-08-22,69.77953010894014
b,u1_context_is,v2,2026-08-23,344.6593426361256
b,u1_context_is,v2,2026-08-24,486.95174786324355
b,u1_context_is,v2,2026-08-25,20.560376033453295
b,u1_context_is,v2_safe,2026-02-01,169.9165725741722
b,u1_context_is,v2_safe,2026-02-02,216.98574638209124
b,u1_context_is,v2_safe,2026-02-03,-4.853135673716757
b,u1_context_is,v2_safe,2026-02-04,55.30029809778847
b,u1_context_is,v2_safe,2026-02-05,129.33434175645846
b,u1_context_is,v2_safe,2026-02-06,148.07351980198084
b,u1_context_is,v2_safe,2026-02-07,216.329903189317
b,u1_context_is,v2_safe,2026-02-08,257.92322377969685
b,u1_context_is,v2_safe,2026-02-09,117.23396741603162
b,u1_context_is,v2_safe,2026-02-10,91.59368998890649
b,u1_context_is,v2_safe,2026-02-11,-140.9898591108789
b,u1_context_is,v2_safe,2026-02-12,48.55373653233232
b,u1_context_is,v2_safe,2026-02-13,-115.17999129157131
b,u1_context_is,v2_safe,2026-02-14,107.44995343172306
b,u1_context_is,v2_safe,2026-02-15,-12.807684695751458
b,u1_context_is,v2_safe,2026-02-16,164.22373790474876
b,u1_context_is,v2_safe,2026-02-17,438.50120101414086
b,u1_context_is,v2_safe,2026-02-18,158.891053175749
b,u1_context_is,v2_safe,2026-02-19,31.195993823218146
b,u1_context_is,v2_safe,2026-02-20,140.30179215727333
b,u1_context_is,v2_safe,2026-02-21,303.05538719715224
b,u1_context_is,v2_safe,2026-02-22,11.369870739023742
b,u1_context_is,v2_safe,2026-02-23,138.0765837041596
b,u1_context_is,v2_safe,2026-02-24,136.9249730299098
b,u1_context_is,v2_safe,2026-02-25,208.39817280182828
b,u1_context_is,v2_safe,2026-02-26,270.2771228591318
b,u1_context_is,v2_safe,2026-02-27,30.271452454157696
b,u1_context_is,v2_safe,2026-02-28,28.85994428712225
b,u1_context_is,v2_safe,2026-03-01,170.91694712922828
b,u1_context_is,v2_safe,2026-03-02,242.72883513789077
b,u1_context_is,v2_safe,2026-03-03,428.5538570786992
b,u1_context_is,v2_safe,2026-03-04,107.3781893786456
b,u1_context_is,v2_safe,2026-03-05,12.0
b,u1_context_is,v2_safe,2026-03-06,13.300064186516
b,u1_context_is,v2_safe,2026-03-07,0.7090112945000016
b,u1_context_is,v2_safe,2026-03-08,3.902084999239328
b,u1_context_is,v2_safe,2026-03-09,15.500000000000002
b,u1_context_is,v2_safe,2026-03-10,8.840280000000002
b,u1_context_is,v2_safe,2026-03-11,0.0
b,u1_context_is,v2_safe,2026-03-12,-20.37342955500001
b,u1_context_is,v2_safe,2026-03-13,55.568409836559994
b,u1_context_is,v2_safe,2026-03-14,0.0
b,u1_context_is,v2_safe,2026-03-15,0.0
b,u1_context_is,v2_safe,2026-03-16,-5.857713280495972
b,u1_context_is,v2_safe,2026-03-17,8.167962232299994
b,u1_context_is,v2_safe,2026-03-18,37.35130472283
b,u1_context_is,v2_safe,2026-03-19,-4.512508604744006
b,u1_context_is,v2_safe,2026-03-20,46.3299999994
b,u1_context_is,v2_safe,2026-03-21,37.026100052
b,u1_context_is,v2_safe,2026-03-22,0.0
b,u1_context_is,v2_safe,2026-03-23,0.0
b,u1_context_is,v2_safe,2026-03-24,0.0
b,u1_context_is,v2_safe,2026-03-25,0.0
b,u1_context_is,v2_safe,2026-03-26,-102.65912933809078
b,u1_context_is,v2_safe,2026-03-27,16.440062809089106
b,u1_context_is,v2_safe,2026-03-28,94.84295007289845
b,u1_context_is,v2_safe,2026-03-29,27.473011392673328
b,u1_context_is,v2_safe,2026-03-30,174.79527306689056
b,u1_context_is,v2_safe,2026-03-31,130.71226985584244
b,u1_context_is,v2_safe,2026-04-01,117.28191460202325
b,u1_context_is,v2_safe,2026-04-02,495.0590776754797
b,u1_context_is,v2_safe,2026-04-03,196.34243971397723
b,u1_context_is,v2_safe,2026-04-04,60.67577780440723
b,u1_context_is,v2_safe,2026-04-05,25.004806028555993
b,u1_context_is,v2_safe,2026-04-06,94.5275875536523
b,u1_context_is,v2_safe,2026-04-07,200.48283550361603
b,u1_context_is,v2_safe,2026-04-08,116.4187916245322
b,u1_context_is,v2_safe,2026-04-09,-183.72839356598587
b,u1_context_is,v2_safe,2026-04-10,359.5717835124118
b,u1_context_is,v2_safe,2026-04-11,154.37559769137027
b,u1_context_is,v2_safe,2026-04-12,53.36094275657874
b,u1_context_is,v2_safe,2026-04-13,6.23623770985958
b,u1_context_is,v2_safe,2026-04-14,126.62724207209003
b,u1_context_is,v2_safe,2026-04-15,169.87303725637977
b,u1_context_is,v2_safe,2026-04-16,167.45874454999353
b,u1_context_is,v2_safe,2026-04-17,4.747169370532184
b,u1_context_is,v2_safe,2026-04-18,172.30987786692316
b,u1_context_is,v2_safe,2026-04-19,85.77693237156919
b,u1_context_is,v2_safe,2026-04-20,56.18122022509752
b,u1_context_is,v2_safe,2026-04-21,418.4909286438074
b,u1_context_is,v2_safe,2026-04-22,252.54970013296156
b,u1_context_is,v2_safe,2026-04-23,124.26313783392821
b,u1_context_is,v2_safe,2026-04-24,194.33187506562112
b,u1_context_is,v2_safe,2026-04-25,36.42073752393601
b,u1_context_is,v2_safe,2026-04-26,171.67167412560332
b,u1_context_is,v2_safe,2026-04-27,110.86781131336254
b,u1_context_is,v2_safe,2026-04-28,-63.6342036866093
b,u1_context_is,v2_safe,2026-04-29,-26.870989712900062
b,u1_context_is,v2_safe,2026-04-30,145.13411801594614
b,u1_context_is,v2_safe,2026-05-01,279.5030050420537
b,u1_context_is,v2_safe,2026-05-02,53.59569147162283
b,u1_context_is,v2_safe,2026-05-03,30.716616189544297
b,u1_context_is,v2_safe,2026-05-04,124.04919378593334
b,u1_context_is,v2_safe,2026-05-05,8.232503053505958
b,u1_context_is,v2_safe,2026-05-06,346.2702292686236
b,u1_context_is,v2_safe,2026-05-07,-46.550405885110884
b,u1_context_is,v2_safe,2026-05-08,261.63575983183904
b,u1_context_is,v2_safe,2026-05-09,146.8962624388237
b,u1_context_is,v2_safe,2026-05-10,-26.394462080608726
b,u1_context_is,v2_safe,2026-05-11,194.35420525544944
b,u1_context_is,v2_safe,2026-05-12,228.07844600948138
b,u1_context_is,v2_safe,2026-05-13,58.97289524881146
b,u1_context_is,v2_safe,2026-05-14,-61.9333676597408
b,u1_context_is,v2_safe,2026-05-15,153.43813676570184
b,u1_context_is,v2_safe,2026-05-16,273.59838332360624
b,u1_context_is,v2_safe,2026-05-17,243.30042762527614
b,u1_context_is,v2_safe,2026-05-18,36.6427927409109
b,u1_context_is,v2_safe,2026-05-19,323.7816945364755
b,u1_context_is,v2_safe,2026-05-20,328.5576772638075
b,u1_context_is,v2_safe,2026-05-21,96.38678969208242
b,u1_context_is,v2_safe,2026-05-22,63.25073029832808
b,u1_context_is,v2_safe,2026-05-23,-16.197544670380076
b,u1_context_is,v2_safe,2026-05-24,86.12023134149771
b,u1_context_is,v2_safe,2026-05-25,348.0327024364043
b,u1_context_is,v2_safe,2026-05-26,629.4538854696843
b,u1_context_is,v2_safe,2026-05-27,92.83104745022783
b,u1_context_is,v2_safe,2026-05-28,123.21443343197431
b,u1_context_is,v2_safe,2026-05-29,46.43267222765422
b,u1_context_is,v2_safe,2026-05-30,162.32805845547585
b,u1_context_is,v2_safe,2026-05-31,72.7387739574302
b,u1_context_is,v2_safe,2026-06-01,185.94136794320212
b,u1_context_is,v2_safe,2026-06-02,319.8551145682005
b,u1_context_is,v2_safe,2026-06-03,227.3203552426608
b,u1_context_is,v2_safe,2026-06-04,512.021534182965
b,u1_context_is,v2_safe,2026-06-05,288.3312826565877
b,u1_context_is,v2_safe,2026-06-06,19.077802013050615
b,u1_context_is,v2_safe,2026-06-07,130.8339003641669
b,u1_context_is,v2_safe,2026-06-08,124.20013492761798
b,u1_context_is,v2_safe,2026-06-09,406.50755127820463
b,u1_context_is,v2_safe,2026-06-10,145.09065010603842
b,u1_context_is,v2_safe,2026-06-11,134.517240054082
b,u1_context_is,v2_safe,2026-06-12,349.2020846987863
b,u1_context_is,v2_safe,2026-06-13,245.22054580515697
b,u1_context_is,v2_safe,2026-06-14,81.32861034144605
b,u1_context_is,v2_safe,2026-06-15,315.050682385357
b,u1_context_is,v2_safe,2026-06-16,83.96087327833739
b,u1_context_is,v2_safe,2026-06-17,-77.37644186364678
b,u1_context_is,v2_safe,2026-06-18,71.6098372426197
b,u1_context_is,v2_safe,2026-06-19,12.697982258102282
b,u1_context_is,v2_safe,2026-06-20,96.7952615321348
b,u1_context_is,v2_safe,2026-06-21,-22.068340788380947
b,u1_context_is,v2_safe,2026-06-22,96.8620491140288
b,u1_context_is,v2_safe,2026-06-23,67.8457350446738
b,u1_context_is,v2_safe,2026-06-24,104.56585833875633
b,u1_context_is,v2_safe,2026-06-25,128.69374441928832
b,u1_context_is,v2_safe,2026-06-26,74.52184487238668
b,u1_context_is,v2_safe,2026-06-27,-2.832055798480912
b,u1_context_is,v2_safe,2026-06-28,-14.82261153352251
b,u1_context_is,v2_safe,2026-06-29,190.53315235322634
b,u1_context_is,v2_safe,2026-06-30,245.1807631245549
b,u1_context_is,v2_safe,2026-07-01,112.08077126833282
b,u1_context_is,v2_safe,2026-07-02,145.14011871336268
b,u1_context_is,v2_safe,2026-07-03,47.09397812428104
b,u1_context_is,v2_safe,2026-07-04,-54.74780833214451
b,u1_context_is,v2_safe,2026-07-05,36.16870761581193
b,u1_context_is,v2_safe,2026-07-06,204.28854865046975
b,u1_context_is,v2_safe,2026-07-07,99.75860621445729
b,u1_context_is,v2_safe,2026-07-08,137.0334161231315
b,u1_context_is,v2_safe,2026-07-09,107.74497575557524
b,u1_context_is,v2_safe,2026-07-10,151.72819009619778
b,u1_context_is,v2_safe,2026-07-11,-59.92544783067359
b,u1_context_is,v2_safe,2026-07-12,186.58093682800128
b,u1_context_is,v2_safe,2026-07-13,-81.3873215371303
b,u1_context_is,v2_safe,2026-07-14,385.0786207848357
b,u1_context_is,v2_safe,2026-07-15,215.35616298201538
b,u1_context_is,v2_safe,2026-07-16,187.86376713768544
b,u1_context_is,v2_safe,2026-07-17,233.5616066386076
b,u1_context_is,v2_safe,2026-07-18,-271.2975517168387
b,u1_context_is,v2_safe,2026-07-19,88.75930948489817
b,u1_context_is,v2_safe,2026-07-20,108.72662373524888
b,u1_context_is,v2_safe,2026-07-21,369.20246233055684
b,u1_context_is,v2_safe,2026-07-22,72.90338677488664
b,u1_context_is,v2_safe,2026-07-23,-14.70929033642922
b,u1_context_is,v2_safe,2026-07-24,169.52054714709556
b,u1_context_is,v2_safe,2026-07-25,218.17011114042663
b,u1_context_is,v2_safe,2026-07-26,3.0039574032792977
b,u1_context_is,v2_safe,2026-07-27,21.787523485697957
b,u1_context_is,v2_safe,2026-07-28,376.175114062402
b,u1_context_is,v2_safe,2026-07-29,-115.60534569683436
b,u1_context_is,v2_safe,2026-07-30,1.9481399612598986
b,u1_context_is,v2_safe,2026-07-31,283.85576606346154
b,u1_context_is,v2_safe,2026-08-01,-78.03914889097892
b,u1_context_is,v2_safe,2026-08-02,109.06697790236306
b,u1_context_is,v2_safe,2026-08-03,419.48785201624906
b,u1_context_is,v2_safe,2026-08-04,279.7876164957596
b,u1_context_is,v2_safe,2026-08-05,281.06406774615033
b,u1_context_is,v2_safe,2026-08-06,219.7576487519054
b,u1_context_is,v2_safe,2026-08-07,138.4230482756908
b,u1_context_is,v2_safe,2026-08-08,72.94871997288206
b,u1_context_is,v2_safe,2026-08-09,-28.918243227352033
b,u1_context_is,v2_safe,2026-08-10,-68.24497554614878
b,u1_context_is,v2_safe,2026-08-11,-85.0380702904226
b,u1_context_is,v2_safe,2026-08-12,104.00480409119018
b,u1_context_is,v2_safe,2026-08-13,-147.78726117077005
b,u1_context_is,v2_safe,2026-08-14,91.58060899940659
b,u1_context_is,v2_safe,2026-08-15,147.95662570434186
b,u1_context_is,v2_safe,2026-08-16,-174.71863151691576
b,u1_context_is,v2_safe,2026-08-17,257.72912085369273
b,u1_context_is,v2_safe,2026-08-18,49.610881158778554
b,u1_context_is,v2_safe,2026-08-19,59.628218931994645
b,u1_context_is,v2_safe,2026-08-20,117.7421420610651
b,u1_context_is,v2_safe,2026-08-21,-1.7508134820301606
b,u1_context_is,v2_safe,2026-08-22,42.669727840301455
b,u1_context_is,v2_safe,2026-08-23,192.98335392609727
b,u1_context_is,v2_safe,2026-08-24,372.052006487159
b,u1_context_is,v2_safe,2026-08-25,30.733630898698422
b,u1_context_oos,v2,2026-08-25,-27.674616148268335
b,u1_context_oos,v2,2026-08-26,408.9103618405704
b,u1_context_oos,v2,2026-08-27,-180.15418016019285
b,u1_context_oos,v2,2026-08-28,79.6019289367562
b,u1_context_oos,v2,2026-08-29,-93.30928325036078
b,u1_context_oos,v2,2026-08-30,-307.31049163583475
b,u1_context_oos,v2,2026-08-31,166.13815980957395
b,u1_context_oos,v2,2026-09-01,-17.10258417666196
b,u1_context_oos,v2,2026-09-02,92.07333499999146
b,u1_context_oos,v2,2026-09-03,-54.80513218684577
b,u1_context_oos,v2,2026-09-04,68.49080035229481
b,u1_context_oos,v2,2026-09-05,-22.873336758888335
b,u1_context_oos,v2,2026-09-06,128.45063655172098
b,u1_context_oos,v2,2026-09-07,-513.1847273551771
b,u1_context_oos,v2,2026-09-08,790.4270014213797
b,u1_context_oos,v2,2026-09-09,187.56159518267975
b,u1_context_oos,v2,2026-09-10,247.20951371242336
b,u1_context_oos,v2,2026-09-11,20.145441586993677
b,u1_context_oos,v2,2026-09-12,375.40263956712096
b,u1_context_oos,v2,2026-09-13,52.83343828104192
b,u1_context_oos,v2,2026-09-14,92.0311087047289
b,u1_context_oos,v2,2026-09-15,9.6454996679184
b,u1_context_oos,v2,2026-09-16,281.09244620401034
b,u1_context_oos,v2,2026-09-17,605.3713479801396
b,u1_context_oos,v2,2026-09-18,170.55079490173466
b,u1_context_oos,v2,2026-09-19,28.386535967153723
b,u1_context_oos,v2,2026-09-20,546.5357726928814
b,u1_context_oos,v2,2026-09-21,7.555326480556303
b,u1_context_oos,v2,2026-09-22,346.93925632698983
b,u1_context_oos,v2,2026-09-23,-153.56234244180374
b,u1_context_oos,v2,2026-09-24,-354.3380682451553
b,u1_context_oos,v2,2026-09-25,338.2872791479572
b,u1_context_oos,v2,2026-09-26,138.08463948838946
b,u1_context_oos,v2,2026-09-27,-331.433679357656
b,u1_context_oos,v2,2026-09-28,22.45384931898846
b,u1_context_oos,v2,2026-09-29,276.80176774707644
b,u1_context_oos,v2,2026-09-30,279.59992624693103
b,u1_context_oos,v2,2026-10-01,38.319897279408266
b,u1_context_oos,v2,2026-10-02,-146.5787713382046
b,u1_context_oos,v2,2026-10-03,-207.63866251123903
b,u1_context_oos,v2_safe,2026-08-25,83.37392389406241
b,u1_context_oos,v2_safe,2026-08-26,238.21502013123575
b,u1_context_oos,v2_safe,2026-08-27,-79.32268618524216
b,u1_context_oos,v2_safe,2026-08-28,50.02907376545787
b,u1_context_oos,v2_safe,2026-08-29,-29.320155490157138
b,u1_context_oos,v2_safe,2026-08-30,-115.88465309004047
b,u1_context_oos,v2_safe,2026-08-31,86.00561887837907
b,u1_context_oos,v2_safe,2026-09-01,5.862534383103329
b,u1_context_oos,v2_safe,2026-09-02,139.63277780913845
b,u1_context_oos,v2_safe,2026-09-03,-51.555990137145955
b,u1_context_oos,v2_safe,2026-09-04,-13.096615828876935
b,u1_context_oos,v2_safe,2026-09-05,-25.392234864423795
b,u1_context_oos,v2_safe,2026-09-06,86.74579489548101
b,u1_context_oos,v2_safe,2026-09-07,-245.14790720260584
b,u1_context_oos,v2_safe,2026-09-08,366.5609102111907
b,u1_context_oos,v2_safe,2026-09-09,90.36576773472372
b,u1_context_oos,v2_safe,2026-09-10,141.621721664187
b,u1_context_oos,v2_safe,2026-09-11,62.856688124942785
b,u1_context_oos,v2_safe,2026-09-12,194.7035615977104
b,u1_context_oos,v2_safe,2026-09-13,40.89483821658412
b,u1_context_oos,v2_safe,2026-09-14,94.20980630123029
b,u1_context_oos,v2_safe,2026-09-15,52.65329734206287
b,u1_context_oos,v2_safe,2026-09-16,144.06599694784518
b,u1_context_oos,v2_safe,2026-09-17,270.2363697915189
b,u1_context_oos,v2_safe,2026-09-18,137.98788139936195
b,u1_context_oos,v2_safe,2026-09-19,3.4525832085047643
b,u1_context_oos,v2_safe,2026-09-20,300.96432553711446
b,u1_context_oos,v2_safe,2026-09-21,-10.840009378303403
b,u1_context_oos,v2_safe,2026-09-22,167.55643051502443
b,u1_context_oos,v2_safe,2026-09-23,-14.800479043703653
b,u1_context_oos,v2_safe,2026-09-24,-96.30122901652081
b,u1_context_oos,v2_safe,2026-09-25,186.2904506688268
b,u1_context_oos,v2_safe,2026-09-26,92.8430149803542
b,u1_context_oos,v2_safe,2026-09-27,-169.39044590506458
b,u1_context_oos,v2_safe,2026-09-28,-70.05480262299363
b,u1_context_oos,v2_safe,2026-09-29,180.60993965597513
b,u1_context_oos,v2_safe,2026-09-30,198.42070043360246
b,u1_context_oos,v2_safe,2026-10-01,27.041388538275726
b,u1_context_oos,v2_safe,2026-10-02,-60.475646198382954
b,u1_context_oos,v2_safe,2026-10-03,-85.0309393357556
