lead_ms,threshold_m,n,pred_err_sd_cm,precision,recall,recall_out_0_2cm,recall_out_2_5cm,recall_out_5_10cm,recall_out_10_20cm,recall_out_20_40cm,recall_out_40_100cm,method,cond
0,-0.05,4948,0.38445864760280046,0.9716088328075709,1.0,1.0,1.0,1.0,1.0,1.0,1.0,baseline,nominal
25,-0.05,4948,0.7204026352878814,0.9710610932475884,1.0,1.0,1.0,1.0,1.0,1.0,1.0,baseline,nominal
50,-0.05,4948,1.1273767773454257,0.9705882352941176,1.0,1.0,1.0,1.0,1.0,1.0,1.0,baseline,nominal
100,-0.05,4948,2.374631188192174,0.9683293745051464,0.9991830065359477,1.0,0.9846153846153847,1.0,1.0,1.0,1.0,baseline,nominal
150,-0.05,4948,3.947424628946138,0.9701612903225807,0.9893092105263158,0.8648648648648649,0.9411764705882353,0.9629629629629629,1.0,1.0,1.0,baseline,nominal
200,-0.05,4948,5.763621750703952,0.9766693483507642,0.9774557165861514,0.8064516129032258,0.8356164383561644,0.9318181818181818,0.9772727272727273,1.0,1.0,baseline,nominal
250,-0.05,4948,7.952414010553223,0.9768403639371381,0.9586038961038961,0.6944444444444444,0.8253968253968254,0.8125,0.943502824858757,0.9962825278810409,1.0,baseline,nominal
300,-0.05,4945,10.663780108749284,0.9785775492716366,0.9202256244963739,0.5428571428571428,0.7375,0.6875,0.8598726114649682,0.9808429118773946,1.0,baseline,nominal
350,-0.05,4929,13.486521472759208,0.9850746268656716,0.8883610451306413,0.6071428571428571,0.6119402985074627,0.6893203883495146,0.7741935483870968,0.8969072164948454,1.0,baseline,nominal
400,-0.05,4922,16.67082718167888,0.9780316344463972,0.8715740015661707,0.5151515151515151,0.6142857142857143,0.6981132075471698,0.7795698924731183,0.8571428571428571,0.9852216748768473,baseline,nominal
0,-0.05,4948,0.15405200609967193,0.9723756906077348,1.0,1.0,1.0,1.0,1.0,1.0,1.0,bls,nominal
25,-0.05,4948,0.17644623548661467,0.9718423169750603,1.0,1.0,1.0,1.0,1.0,1.0,1.0,bls,nominal
50,-0.05,4948,0.20385096463424374,0.9705882352941176,1.0,1.0,1.0,1.0,1.0,1.0,1.0,bls,nominal
100,-0.05,4948,0.2772167770435583,0.9683544303797469,1.0,1.0,1.0,1.0,1.0,1.0,1.0,bls,nominal
150,-0.05,4948,0.39130290810583573,0.9704708699122107,1.0,1.0,1.0,1.0,1.0,1.0,1.0,bls,nominal
200,-0.05,4948,0.5720867176547282,0.9725920125293657,1.0,1.0,1.0,1.0,1.0,1.0,1.0,bls,nominal
250,-0.05,4948,0.8522843342703307,0.9700787401574803,1.0,1.0,1.0,1.0,1.0,1.0,1.0,bls,nominal
300,-0.05,4945,1.3519275209363018,0.9725705329153606,1.0,1.0,1.0,1.0,1.0,1.0,1.0,bls,nominal
350,-0.05,4929,1.9813066283329195,0.9693016116653875,1.0,1.0,1.0,1.0,1.0,1.0,1.0,bls,nominal
400,-0.05,4922,2.9407742142319666,0.9688686408504176,0.9992169146436961,0.9696969696969697,1.0,1.0,1.0,1.0,1.0,bls,nominal
0,-0.05,4948,0.15917330100431007,0.9723756906077348,1.0,1.0,1.0,1.0,1.0,1.0,1.0,bls_bma,nominal
25,-0.05,4948,0.185935329501145,0.9718423169750603,1.0,1.0,1.0,1.0,1.0,1.0,1.0,bls_bma,nominal
50,-0.05,4948,0.21939526941629767,0.9705882352941176,1.0,1.0,1.0,1.0,1.0,1.0,1.0,bls_bma,nominal
100,-0.05,4948,0.3087680458204381,0.9683544303797469,1.0,1.0,1.0,1.0,1.0,1.0,1.0,bls_bma,nominal
150,-0.05,4948,0.4535402106869136,0.9704708699122107,1.0,1.0,1.0,1.0,1.0,1.0,1.0,bls_bma,nominal
200,-0.05,4948,0.6811164396805413,0.971830985915493,1.0,1.0,1.0,1.0,1.0,1.0,1.0,bls_bma,nominal
250,-0.05,4948,1.063831979833832,0.969315499606609,1.0,1.0,1.0,1.0,1.0,1.0,1.0,bls_bma,nominal
300,-0.05,4945,1.656389940707948,0.9710485133020345,1.0,1.0,1.0,1.0,1.0,1.0,1.0,bls_bma,nominal
350,-0.05,4929,2.422940226122674,0.967816091954023,1.0,1.0,1.0,1.0,1.0,1.0,1.0,bls_bma,nominal
400,-0.05,4922,3.4658361385228194,0.9703196347031964,0.9984338292873923,0.9696969696969697,0.9857142857142858,1.0,1.0,1.0,1.0,bls_bma,nominal
0,-0.05,4948,0.15427773752892318,0.9723756906077348,1.0,1.0,1.0,1.0,1.0,1.0,1.0,bls_cal,nominal
25,-0.05,4948,0.17696891951977542,0.9718423169750603,1.0,1.0,1.0,1.0,1.0,1.0,1.0,bls_cal,nominal
50,-0.05,4948,0.20423702341388117,0.9705882352941176,1.0,1.0,1.0,1.0,1.0,1.0,1.0,bls_cal,nominal
100,-0.05,4948,0.2775160115239891,0.9683544303797469,1.0,1.0,1.0,1.0,1.0,1.0,1.0,bls_cal,nominal
150,-0.05,4948,0.39163549603210746,0.9704708699122107,1.0,1.0,1.0,1.0,1.0,1.0,1.0,bls_cal,nominal
200,-0.05,4948,0.5720966579556509,0.9725920125293657,1.0,1.0,1.0,1.0,1.0,1.0,1.0,bls_cal,nominal
250,-0.05,4948,0.8529708181371264,0.9700787401574803,1.0,1.0,1.0,1.0,1.0,1.0,1.0,bls_cal,nominal
300,-0.05,4945,1.3532084129276496,0.9718089271730619,1.0,1.0,1.0,1.0,1.0,1.0,1.0,bls_cal,nominal
350,-0.05,4929,1.983077000371579,0.968558282208589,1.0,1.0,1.0,1.0,1.0,1.0,1.0,bls_cal,nominal
400,-0.05,4922,2.9447019251473887,0.9688686408504176,0.9992169146436961,0.9696969696969697,1.0,1.0,1.0,1.0,1.0,bls_cal,nominal
0,-0.05,4948,0.19827563051105232,0.9716088328075709,1.0,1.0,1.0,1.0,1.0,1.0,1.0,ukf,nominal
25,-0.05,4948,0.24684096530375502,0.9718423169750603,1.0,1.0,1.0,1.0,1.0,1.0,1.0,ukf,nominal
50,-0.05,4948,0.298831920319571,0.9705882352941176,1.0,1.0,1.0,1.0,1.0,1.0,1.0,ukf,nominal
100,-0.05,4948,0.42184141429786337,0.9683544303797469,1.0,1.0,1.0,1.0,1.0,1.0,1.0,ukf,nominal
150,-0.05,4948,0.5882943115651644,0.9689243027888447,1.0,1.0,1.0,1.0,1.0,1.0,1.0,ukf,nominal
200,-0.05,4948,0.7988597923100993,0.9733542319749217,1.0,1.0,1.0,1.0,1.0,1.0,1.0,ukf,nominal
250,-0.05,4948,1.120683205795537,0.970843183609141,1.0,1.0,1.0,1.0,1.0,1.0,1.0,ukf,nominal
300,-0.05,4945,1.618918099620372,0.9710485133020345,1.0,1.0,1.0,1.0,1.0,1.0,1.0,ukf,nominal
350,-0.05,4929,2.249364102832654,0.9707916986933128,1.0,1.0,1.0,1.0,1.0,1.0,1.0,ukf,nominal
400,-0.05,4922,3.2766221855723234,0.9688686408504176,0.9992169146436961,0.9696969696969697,1.0,1.0,1.0,1.0,1.0,ukf,nominal
0,-0.05,4948,0.20067373097352195,0.9716088328075709,1.0,1.0,1.0,1.0,1.0,1.0,1.0,ukf_mm,nominal
25,-0.05,4948,0.25164309530796247,0.9718423169750603,1.0,1.0,1.0,1.0,1.0,1.0,1.0,ukf_mm,nominal
50,-0.05,4948,0.30700200099140806,0.9705882352941176,1.0,1.0,1.0,1.0,1.0,1.0,1.0,ukf_mm,nominal
100,-0.05,4948,0.4416933718318025,0.9675889328063241,1.0,1.0,1.0,1.0,1.0,1.0,1.0,ukf_mm,nominal
150,-0.05,4948,0.6327366541894104,0.9689243027888447,1.0,1.0,1.0,1.0,1.0,1.0,1.0,ukf_mm,nominal
200,-0.05,4948,0.8834309886411823,0.9733542319749217,1.0,1.0,1.0,1.0,1.0,1.0,1.0,ukf_mm,nominal
250,-0.05,4948,1.288369022153974,0.970843183609141,1.0,1.0,1.0,1.0,1.0,1.0,1.0,ukf_mm,nominal
300,-0.05,4945,1.8901604058648727,0.9710485133020345,1.0,1.0,1.0,1.0,1.0,1.0,1.0,ukf_mm,nominal
350,-0.05,4929,2.6828423173516724,0.9700460829493087,1.0,1.0,1.0,1.0,1.0,1.0,1.0,ukf_mm,nominal
400,-0.05,4922,3.8870699294273283,0.9695817490494296,0.9984338292873923,0.9696969696969697,0.9857142857142858,1.0,1.0,1.0,1.0,ukf_mm,nominal
0,-0.05,4948,0.19766095757435934,0.9716088328075709,1.0,1.0,1.0,1.0,1.0,1.0,1.0,ukf_cal,nominal
25,-0.05,4948,0.2459221238881619,0.9718423169750603,1.0,1.0,1.0,1.0,1.0,1.0,1.0,ukf_cal,nominal
50,-0.05,4948,0.2974672339166342,0.9705882352941176,1.0,1.0,1.0,1.0,1.0,1.0,1.0,ukf_cal,nominal
100,-0.05,4948,0.41937287535346857,0.9675889328063241,1.0,1.0,1.0,1.0,1.0,1.0,1.0,ukf_cal,nominal
150,-0.05,4948,0.5848922321885295,0.9689243027888447,1.0,1.0,1.0,1.0,1.0,1.0,1.0,ukf_cal,nominal
200,-0.05,4948,0.7942374437571944,0.9733542319749217,1.0,1.0,1.0,1.0,1.0,1.0,1.0,ukf_cal,nominal
250,-0.05,4948,1.1154253460135983,0.970843183609141,1.0,1.0,1.0,1.0,1.0,1.0,1.0,ukf_cal,nominal
300,-0.05,4945,1.614816020221657,0.9710485133020345,1.0,1.0,1.0,1.0,1.0,1.0,1.0,ukf_cal,nominal
350,-0.05,4929,2.246105509842413,0.9707916986933128,1.0,1.0,1.0,1.0,1.0,1.0,1.0,ukf_cal,nominal
400,-0.05,4922,3.274908076441622,0.9688686408504176,0.9992169146436961,0.9696969696969697,1.0,1.0,1.0,1.0,1.0,ukf_cal,nominal
0,-0.05,4948,0.1955371591816961,0.9723756906077348,1.0,1.0,1.0,1.0,1.0,1.0,1.0,bls_decay,nominal
25,-0.05,4948,0.24405080153252776,0.9718423169750603,1.0,1.0,1.0,1.0,1.0,1.0,1.0,bls_decay,nominal
50,-0.05,4948,0.30351374482599003,0.9705882352941176,1.0,1.0,1.0,1.0,1.0,1.0,1.0,bls_decay,nominal
100,-0.05,4948,0.4548195608077027,0.9683544303797469,1.0,1.0,1.0,1.0,1.0,1.0,1.0,bls_decay,nominal
150,-0.05,4948,0.6902465621911709,0.9689243027888447,1.0,1.0,1.0,1.0,1.0,1.0,1.0,bls_decay,nominal
200,-0.05,4948,1.0329737692209753,0.9695550351288056,1.0,1.0,1.0,1.0,1.0,1.0,1.0,bls_decay,nominal
250,-0.05,4948,1.5751855597927271,0.9685534591194969,1.0,1.0,1.0,1.0,1.0,1.0,1.0,bls_decay,nominal
300,-0.05,4945,2.335119116965794,0.96953125,1.0,1.0,1.0,1.0,1.0,1.0,1.0,bls_decay,nominal
350,-0.05,4929,3.3480757419032123,0.9692544196771714,0.9984164687252574,1.0,0.9850746268656716,0.9902912621359223,1.0,1.0,1.0,bls_decay,nominal
400,-0.05,4922,4.5709312323388716,0.9687975646879756,0.9968676585747847,0.9696969696969697,0.9857142857142858,0.9811320754716981,1.0,1.0,1.0,bls_decay,nominal
0,-0.05,4948,0.20932183493064155,0.9716088328075709,1.0,1.0,1.0,1.0,1.0,1.0,1.0,ukf_decay,nominal
25,-0.05,4948,0.26810519067396466,0.9718423169750603,1.0,1.0,1.0,1.0,1.0,1.0,1.0,ukf_decay,nominal
50,-0.05,4948,0.33430355771242404,0.9705882352941176,1.0,1.0,1.0,1.0,1.0,1.0,1.0,ukf_decay,nominal
100,-0.05,4948,0.5038453287796703,0.9675889328063241,1.0,1.0,1.0,1.0,1.0,1.0,1.0,ukf_decay,nominal
150,-0.05,4948,0.7586142309592605,0.9689243027888447,1.0,1.0,1.0,1.0,1.0,1.0,1.0,ukf_decay,nominal
200,-0.05,4948,1.1045996553800246,0.971830985915493,1.0,1.0,1.0,1.0,1.0,1.0,1.0,ukf_decay,nominal
250,-0.05,4948,1.6750868673898915,0.970843183609141,1.0,1.0,1.0,1.0,1.0,1.0,1.0,ukf_decay,nominal
300,-0.05,4945,2.4695487174956545,0.96796875,0.9983883964544722,1.0,0.975,1.0,1.0,1.0,1.0,ukf_decay,nominal
350,-0.05,4929,3.5503119619181707,0.97,0.9984164687252574,1.0,0.9850746268656716,0.9902912621359223,1.0,1.0,1.0,ukf_decay,nominal
400,-0.05,4922,5.013450082467141,0.9673003802281369,0.9960845732184808,0.9696969696969697,0.9714285714285714,0.9811320754716981,1.0,1.0,1.0,ukf_decay,nominal
0,-0.05,4948,0.3922832827185022,0.966327329678935,1.0,1.0,1.0,1.0,1.0,1.0,1.0,baseline,exact_t
25,-0.05,4948,0.7083666292753265,0.9562157935887412,1.0,1.0,1.0,1.0,1.0,1.0,1.0,baseline,exact_t
50,-0.05,4948,1.1393738571413263,0.9629629629629629,1.0,1.0,1.0,1.0,1.0,1.0,1.0,baseline,exact_t
100,-0.05,4948,2.272081808474969,0.9674418604651163,0.9984,0.972972972972973,0.9861111111111112,1.0,1.0,1.0,1.0,baseline,exact_t
150,-0.05,4948,3.9276306671847414,0.9726688102893891,0.992616899097621,0.8823529411764706,0.9428571428571428,0.991304347826087,1.0,1.0,1.0,baseline,exact_t
200,-0.05,4948,5.839848659278715,0.9759807846277022,0.9752,0.775,0.8035714285714286,0.9418604651162791,0.9715909090909091,0.9961977186311787,1.0,baseline,exact_t
300,-0.05,4945,10.675799414947154,0.9666095890410958,0.9346026490066225,0.6578947368421053,0.746031746031746,0.7578947368421053,0.9005847953216374,0.9633699633699634,1.0,baseline,exact_t
400,-0.05,4921,16.817837863820458,0.9726027397260274,0.8567980691874497,0.6071428571428571,0.5901639344262295,0.6571428571428571,0.702247191011236,0.8308270676691729,0.9867768595041322,baseline,exact_t
0,-0.05,4948,0.15621671564481884,0.9655712050078247,1.0,1.0,1.0,1.0,1.0,1.0,1.0,bls,exact_t
25,-0.05,4948,0.17828124421211222,0.95546875,1.0,1.0,1.0,1.0,1.0,1.0,1.0,bls,exact_t
50,-0.05,4948,0.2068838564445364,0.9614791987673343,1.0,1.0,1.0,1.0,1.0,1.0,1.0,bls,exact_t
100,-0.05,4948,0.2852498964314042,0.9585889570552147,1.0,1.0,1.0,1.0,1.0,1.0,1.0,bls,exact_t
150,-0.05,4948,0.3973439223195394,0.9651623119556612,1.0,1.0,1.0,1.0,1.0,1.0,1.0,bls,exact_t
200,-0.05,4948,0.5811319457019303,0.9637625289128758,1.0,1.0,1.0,1.0,1.0,1.0,1.0,bls,exact_t
300,-0.05,4945,1.347159782133033,0.9587301587301588,1.0,1.0,1.0,1.0,1.0,1.0,1.0,bls,exact_t
400,-0.05,4921,2.906690906950805,0.9664586583463338,0.996781979082864,0.9285714285714286,0.9672131147540983,1.0,1.0,1.0,1.0,bls,exact_t
0,-0.05,4948,0.1637173747395846,0.9655712050078247,1.0,1.0,1.0,1.0,1.0,1.0,1.0,bls_bma,exact_t
25,-0.05,4948,0.1895522848767446,0.95546875,1.0,1.0,1.0,1.0,1.0,1.0,1.0,bls_bma,exact_t
50,-0.05,4948,0.22487203237388184,0.9614791987673343,1.0,1.0,1.0,1.0,1.0,1.0,1.0,bls_bma,exact_t
100,-0.05,4948,0.33285922038474414,0.9585889570552147,1.0,1.0,1.0,1.0,1.0,1.0,1.0,bls_bma,exact_t
150,-0.05,4948,0.4892474086946994,0.9643987341772152,1.0,1.0,1.0,1.0,1.0,1.0,1.0,bls_bma,exact_t
200,-0.05,4948,0.7417609305873517,0.9645061728395061,1.0,1.0,1.0,1.0,1.0,1.0,1.0,bls_bma,exact_t
300,-0.05,4945,1.748277032982766,0.9579698651863601,1.0,1.0,1.0,1.0,1.0,1.0,1.0,bls_bma,exact_t
400,-0.05,4921,3.5531270167703197,0.9649259547934529,0.99597747385358,0.9285714285714286,0.9508196721311475,1.0,1.0,1.0,1.0,bls_bma,exact_t
0,-0.05,4948,0.15625255784462141,0.9655712050078247,1.0,1.0,1.0,1.0,1.0,1.0,1.0,bls_cal,exact_t
25,-0.05,4948,0.17837356215659897,0.95546875,1.0,1.0,1.0,1.0,1.0,1.0,1.0,bls_cal,exact_t
50,-0.05,4948,0.20700893807565174,0.9614791987673343,1.0,1.0,1.0,1.0,1.0,1.0,1.0,bls_cal,exact_t
100,-0.05,4948,0.2854314560910737,0.9585889570552147,1.0,1.0,1.0,1.0,1.0,1.0,1.0,bls_cal,exact_t
150,-0.05,4948,0.3974583591134377,0.9651623119556612,1.0,1.0,1.0,1.0,1.0,1.0,1.0,bls_cal,exact_t
200,-0.05,4948,0.5813325699823868,0.9637625289128758,1.0,1.0,1.0,1.0,1.0,1.0,1.0,bls_cal,exact_t
300,-0.05,4945,1.347309913640918,0.9587301587301588,1.0,1.0,1.0,1.0,1.0,1.0,1.0,bls_cal,exact_t
400,-0.05,4921,2.90756395305224,0.9664586583463338,0.996781979082864,0.9285714285714286,0.9672131147540983,1.0,1.0,1.0,1.0,bls_cal,exact_t
0,-0.05,4948,0.20235284094510367,0.9655712050078247,1.0,1.0,1.0,1.0,1.0,1.0,1.0,ukf,exact_t
25,-0.05,4948,0.24155185390006859,0.95546875,1.0,1.0,1.0,1.0,1.0,1.0,1.0,ukf,exact_t
50,-0.05,4948,0.2947767472617555,0.9614791987673343,1.0,1.0,1.0,1.0,1.0,1.0,1.0,ukf,exact_t
100,-0.05,4948,0.43037310520376787,0.9585889570552147,1.0,1.0,1.0,1.0,1.0,1.0,1.0,ukf,exact_t
150,-0.05,4948,0.5897217164627478,0.9659270998415214,1.0,1.0,1.0,1.0,1.0,1.0,1.0,ukf,exact_t
200,-0.05,4948,0.8254809445775951,0.9637625289128758,1.0,1.0,1.0,1.0,1.0,1.0,1.0,ukf,exact_t
300,-0.05,4945,1.581112522849256,0.9579698651863601,1.0,1.0,1.0,1.0,1.0,1.0,1.0,ukf,exact_t
400,-0.05,4921,3.0545640860459207,0.9657320872274143,0.997586484312148,0.9642857142857143,0.9672131147540983,1.0,1.0,1.0,1.0,ukf,exact_t
0,-0.05,4948,0.20543247114351815,0.9655712050078247,1.0,1.0,1.0,1.0,1.0,1.0,1.0,ukf_mm,exact_t
25,-0.05,4948,0.2468124413920098,0.9547228727556596,1.0,1.0,1.0,1.0,1.0,1.0,1.0,ukf_mm,exact_t
50,-0.05,4948,0.3038289565476987,0.9614791987673343,1.0,1.0,1.0,1.0,1.0,1.0,1.0,ukf_mm,exact_t
100,-0.05,4948,0.4526037218152053,0.9585889570552147,1.0,1.0,1.0,1.0,1.0,1.0,1.0,ukf_mm,exact_t
150,-0.05,4948,0.6383481468078618,0.9651623119556612,1.0,1.0,1.0,1.0,1.0,1.0,1.0,ukf_mm,exact_t
200,-0.05,4948,0.9228053074774282,0.9645061728395061,1.0,1.0,1.0,1.0,1.0,1.0,1.0,ukf_mm,exact_t
300,-0.05,4945,1.9003764566228616,0.9586973788721207,0.9991721854304636,0.9736842105263158,1.0,1.0,1.0,1.0,1.0,ukf_mm,exact_t
400,-0.05,4921,3.635024622632975,0.9664324746291959,0.99597747385358,0.9285714285714286,0.9508196721311475,1.0,1.0,1.0,1.0,ukf_mm,exact_t
0,-0.05,4948,0.2023391402109982,0.9655712050078247,1.0,1.0,1.0,1.0,1.0,1.0,1.0,ukf_cal,exact_t
25,-0.05,4948,0.24154095302755937,0.95546875,1.0,1.0,1.0,1.0,1.0,1.0,1.0,ukf_cal,exact_t
50,-0.05,4948,0.294770093401592,0.9614791987673343,1.0,1.0,1.0,1.0,1.0,1.0,1.0,ukf_cal,exact_t
100,-0.05,4948,0.43039500921997625,0.9585889570552147,1.0,1.0,1.0,1.0,1.0,1.0,1.0,ukf_cal,exact_t
150,-0.05,4948,0.5896938052472485,0.9659270998415214,1.0,1.0,1.0,1.0,1.0,1.0,1.0,ukf_cal,exact_t
200,-0.05,4948,0.8255044826032343,0.9637625289128758,1.0,1.0,1.0,1.0,1.0,1.0,1.0,ukf_cal,exact_t
300,-0.05,4945,1.5813072552329905,0.9579698651863601,1.0,1.0,1.0,1.0,1.0,1.0,1.0,ukf_cal,exact_t
400,-0.05,4921,3.0545849769210305,0.9657320872274143,0.997586484312148,0.9642857142857143,0.9672131147540983,1.0,1.0,1.0,1.0,ukf_cal,exact_t
0,-0.05,4948,0.2002066153160088,0.9655712050078247,1.0,1.0,1.0,1.0,1.0,1.0,1.0,bls_decay,exact_t
25,-0.05,4948,0.24153282111224134,0.9547228727556596,1.0,1.0,1.0,1.0,1.0,1.0,1.0,bls_decay,exact_t
50,-0.05,4948,0.3003470613336761,0.9614791987673343,1.0,1.0,1.0,1.0,1.0,1.0,1.0,bls_decay,exact_t
100,-0.05,4948,0.47001553866367723,0.9585889570552147,1.0,1.0,1.0,1.0,1.0,1.0,1.0,bls_decay,exact_t
150,-0.05,4948,0.7026683810278839,0.9643987341772152,1.0,1.0,1.0,1.0,1.0,1.0,1.0,bls_decay,exact_t
200,-0.05,4948,1.0712345463800501,0.9645061728395061,1.0,1.0,1.0,1.0,1.0,1.0,1.0,bls_decay,exact_t
300,-0.05,4945,2.3647838493085502,0.9564183835182251,0.9991721854304636,0.9736842105263158,1.0,1.0,1.0,1.0,1.0,bls_decay,exact_t
400,-0.05,4921,4.515558691227517,0.9656518345042935,0.995172968624296,0.8928571428571429,0.9508196721311475,1.0,1.0,1.0,1.0,bls_decay,exact_t
0,-0.05,4948,0.21366618703704907,0.9655712050078247,1.0,1.0,1.0,1.0,1.0,1.0,1.0,ukf_decay,exact_t
25,-0.05,4948,0.26093267441535545,0.9547228727556596,1.0,1.0,1.0,1.0,1.0,1.0,1.0,ukf_decay,exact_t
50,-0.05,4948,0.32692124377811627,0.9614791987673343,1.0,1.0,1.0,1.0,1.0,1.0,1.0,ukf_decay,exact_t
100,-0.05,4948,0.5064124667730654,0.9585889570552147,1.0,1.0,1.0,1.0,1.0,1.0,1.0,ukf_decay,exact_t
150,-0.05,4948,0.743930018864276,0.9651623119556612,1.0,1.0,1.0,1.0,1.0,1.0,1.0,ukf_decay,exact_t
200,-0.05,4948,1.1122417891151055,0.9645061728395061,1.0,1.0,1.0,1.0,1.0,1.0,1.0,ukf_decay,exact_t
300,-0.05,4945,2.3721281270381733,0.957936507936508,0.9991721854304636,0.9736842105263158,1.0,1.0,1.0,1.0,1.0,ukf_decay,exact_t
400,-0.05,4921,4.465346438693826,0.9694117647058823,0.9943684633950121,0.8928571428571429,0.9344262295081968,1.0,1.0,1.0,1.0,ukf_decay,exact_t
0,-0.05,4892,0.39203226416753234,0.9625796178343949,1.0,1.0,1.0,1.0,1.0,1.0,1.0,baseline,cd15
25,-0.05,4892,0.7059790402661575,0.9672,1.0,1.0,1.0,1.0,1.0,1.0,1.0,baseline,cd15
50,-0.05,4892,1.131257110651329,0.966693744922827,1.0,1.0,1.0,1.0,1.0,1.0,1.0,baseline,cd15
100,-0.05,4892,2.3254075429531498,0.9631410256410257,0.9966832504145937,0.9166666666666666,1.0,1.0,1.0,1.0,1.0,baseline,cd15
150,-0.05,4892,3.8700512089390426,0.9748376623376623,0.990924092409241,0.8292682926829268,0.9622641509433962,0.989247311827957,0.9937106918238994,1.0,1.0,baseline,cd15
200,-0.05,4892,5.790892537035209,0.971830985915493,0.9694214876033058,0.7045454545454546,0.7435897435897436,0.898876404494382,0.9693251533742331,1.0,1.0,baseline,cd15
300,-0.05,4890,10.907407935503732,0.9715808170515098,0.9358426005132592,0.6590909090909091,0.627906976744186,0.7613636363636364,0.8823529411764706,0.9870689655172413,1.0,baseline,cd15
400,-0.05,4867,16.79483313166793,0.975914362176628,0.868943606036537,0.525,0.5384615384615384,0.6105263157894737,0.7337278106508875,0.87248322147651,0.996694214876033,baseline,cd15
0,-0.05,4892,0.15375940941277666,0.9625796178343949,1.0,1.0,1.0,1.0,1.0,1.0,1.0,bls,cd15
25,-0.05,4892,0.1745214235014807,0.9679743795036029,1.0,1.0,1.0,1.0,1.0,1.0,1.0,bls,cd15
50,-0.05,4892,0.2032724955530316,0.9643435980551054,1.0,1.0,1.0,1.0,1.0,1.0,1.0,bls,cd15
100,-0.05,4892,0.2850431783860905,0.958664546899841,1.0,1.0,1.0,1.0,1.0,1.0,1.0,bls,cd15
150,-0.05,4892,0.3943007503904469,0.9672785315243416,1.0,1.0,1.0,1.0,1.0,1.0,1.0,bls,cd15
200,-0.05,4892,0.5805502413758143,0.9626093874303898,1.0,1.0,1.0,1.0,1.0,1.0,1.0,bls,cd15
300,-0.05,4890,1.3320023298426946,0.9566284779050737,1.0,1.0,1.0,1.0,1.0,1.0,1.0,bls,cd15
400,-0.05,4867,2.9346371373041817,0.9646697388632872,0.9976171564733916,0.925,1.0,1.0,1.0,1.0,1.0,bls,cd15
0,-0.05,4892,0.1596005914963511,0.9625796178343949,1.0,1.0,1.0,1.0,1.0,1.0,1.0,bls_bma,cd15
25,-0.05,4892,0.18228583699723774,0.9672,1.0,1.0,1.0,1.0,1.0,1.0,1.0,bls_bma,cd15
50,-0.05,4892,0.2162699261626409,0.9635627530364372,1.0,1.0,1.0,1.0,1.0,1.0,1.0,bls_bma,cd15
100,-0.05,4892,0.3179716700661913,0.9579030976965845,1.0,1.0,1.0,1.0,1.0,1.0,1.0,bls_bma,cd15
150,-0.05,4892,0.45776100755202914,0.9672785315243416,1.0,1.0,1.0,1.0,1.0,1.0,1.0,bls_bma,cd15
200,-0.05,4892,0.6999256506832362,0.9626093874303898,1.0,1.0,1.0,1.0,1.0,1.0,1.0,bls_bma,cd15
300,-0.05,4890,1.685823264418242,0.955846279640229,1.0,1.0,1.0,1.0,1.0,1.0,1.0,bls_bma,cd15
400,-0.05,4867,3.4744779897045865,0.9631901840490797,0.9976171564733916,0.925,1.0,1.0,1.0,1.0,1.0,bls_bma,cd15
0,-0.05,4892,0.15446288297909724,0.9625796178343949,1.0,1.0,1.0,1.0,1.0,1.0,1.0,bls_cal,cd15
25,-0.05,4892,0.17543575264546507,0.9679743795036029,1.0,1.0,1.0,1.0,1.0,1.0,1.0,bls_cal,cd15
50,-0.05,4892,0.20430655382043203,0.9643435980551054,1.0,1.0,1.0,1.0,1.0,1.0,1.0,bls_cal,cd15
100,-0.05,4892,0.28663368296010505,0.9579030976965845,1.0,1.0,1.0,1.0,1.0,1.0,1.0,bls_cal,cd15
150,-0.05,4892,0.3965292473925041,0.9672785315243416,1.0,1.0,1.0,1.0,1.0,1.0,1.0,bls_cal,cd15
200,-0.05,4892,0.5829478572052819,0.9626093874303898,1.0,1.0,1.0,1.0,1.0,1.0,1.0,bls_cal,cd15
300,-0.05,4890,1.3346099601679648,0.955846279640229,1.0,1.0,1.0,1.0,1.0,1.0,1.0,bls_cal,cd15
400,-0.05,4867,2.938425579098345,0.9654112221368178,0.9976171564733916,0.925,1.0,1.0,1.0,1.0,1.0,bls_cal,cd15
0,-0.05,4892,0.2004164846589723,0.9625796178343949,1.0,1.0,1.0,1.0,1.0,1.0,1.0,ukf,cd15
25,-0.05,4892,0.2392320756612754,0.9672,1.0,1.0,1.0,1.0,1.0,1.0,1.0,ukf,cd15
50,-0.05,4892,0.2910112490051431,0.9627831715210357,1.0,1.0,1.0,1.0,1.0,1.0,1.0,ukf,cd15
100,-0.05,4892,0.42779525097111776,0.9579030976965845,1.0,1.0,1.0,1.0,1.0,1.0,1.0,ukf,cd15
150,-0.05,4892,0.5943909050077735,0.9672785315243416,1.0,1.0,1.0,1.0,1.0,1.0,1.0,ukf,cd15
200,-0.05,4892,0.8114209512213132,0.9618441971383148,1.0,1.0,1.0,1.0,1.0,1.0,1.0,ukf,cd15
300,-0.05,4890,1.6224361925018465,0.9566284779050737,1.0,1.0,1.0,1.0,1.0,1.0,1.0,ukf,cd15
400,-0.05,4867,3.251494076952355,0.9661798616448886,0.9984114376489277,0.95,1.0,1.0,1.0,1.0,1.0,ukf,cd15
0,-0.05,4892,0.2031297028954472,0.9625796178343949,1.0,1.0,1.0,1.0,1.0,1.0,1.0,ukf_mm,cd15
25,-0.05,4892,0.24417090831196,0.9672,1.0,1.0,1.0,1.0,1.0,1.0,1.0,ukf_mm,cd15
50,-0.05,4892,0.29908793269171874,0.9627831715210357,1.0,1.0,1.0,1.0,1.0,1.0,1.0,ukf_mm,cd15
100,-0.05,4892,0.4478439294084875,0.9579030976965845,1.0,1.0,1.0,1.0,1.0,1.0,1.0,ukf_mm,cd15
150,-0.05,4892,0.6393429603682961,0.9672785315243416,1.0,1.0,1.0,1.0,1.0,1.0,1.0,ukf_mm,cd15
200,-0.05,4892,0.8995368447690962,0.9618441971383148,1.0,1.0,1.0,1.0,1.0,1.0,1.0,ukf_mm,cd15
300,-0.05,4890,1.9345321994836697,0.9574119574119574,1.0,1.0,1.0,1.0,1.0,1.0,1.0,ukf_mm,cd15
400,-0.05,4867,3.866406789175452,0.9646697388632872,0.9976171564733916,0.95,1.0,0.9894736842105263,1.0,1.0,1.0,ukf_mm,cd15
0,-0.05,4892,0.19987461346147165,0.9625796178343949,1.0,1.0,1.0,1.0,1.0,1.0,1.0,ukf_cal,cd15
25,-0.05,4892,0.23835842466561843,0.9672,1.0,1.0,1.0,1.0,1.0,1.0,1.0,ukf_cal,cd15
50,-0.05,4892,0.2897845220928171,0.9627831715210357,1.0,1.0,1.0,1.0,1.0,1.0,1.0,ukf_cal,cd15
100,-0.05,4892,0.4257051768475067,0.9579030976965845,1.0,1.0,1.0,1.0,1.0,1.0,1.0,ukf_cal,cd15
150,-0.05,4892,0.5916755614242819,0.9672785315243416,1.0,1.0,1.0,1.0,1.0,1.0,1.0,ukf_cal,cd15
200,-0.05,4892,0.8082595548225121,0.9618441971383148,1.0,1.0,1.0,1.0,1.0,1.0,1.0,ukf_cal,cd15
300,-0.05,4890,1.6185491965927594,0.9566284779050737,1.0,1.0,1.0,1.0,1.0,1.0,1.0,ukf_cal,cd15
400,-0.05,4867,3.249572569162975,0.9661798616448886,0.9984114376489277,0.95,1.0,1.0,1.0,1.0,1.0,ukf_cal,cd15
0,-0.05,4892,0.19863025351298533,0.9625796178343949,1.0,1.0,1.0,1.0,1.0,1.0,1.0,bls_decay,cd15
25,-0.05,4892,0.24201897150318488,0.9672,1.0,1.0,1.0,1.0,1.0,1.0,1.0,bls_decay,cd15
50,-0.05,4892,0.2985749835980809,0.9635627530364372,1.0,1.0,1.0,1.0,1.0,1.0,1.0,bls_decay,cd15
100,-0.05,4892,0.463877813103515,0.9579030976965845,1.0,1.0,1.0,1.0,1.0,1.0,1.0,bls_decay,cd15
150,-0.05,4892,0.6990643067456568,0.9672785315243416,1.0,1.0,1.0,1.0,1.0,1.0,1.0,bls_decay,cd15
200,-0.05,4892,1.0507617191658591,0.9626093874303898,1.0,1.0,1.0,1.0,1.0,1.0,1.0,bls_decay,cd15
300,-0.05,4890,2.404303149739496,0.9574119574119574,1.0,1.0,1.0,1.0,1.0,1.0,1.0,bls_decay,cd15
400,-0.05,4867,4.578401404917548,0.9616564417177914,0.9960285941223193,0.925,1.0,0.9789473684210527,1.0,1.0,1.0,bls_decay,cd15
0,-0.05,4892,0.21291995193091412,0.9625796178343949,1.0,1.0,1.0,1.0,1.0,1.0,1.0,ukf_decay,cd15
25,-0.05,4892,0.26166246290022954,0.9664268585131894,1.0,1.0,1.0,1.0,1.0,1.0,1.0,ukf_decay,cd15
50,-0.05,4892,0.32650509988563825,0.9627831715210357,1.0,1.0,1.0,1.0,1.0,1.0,1.0,ukf_decay,cd15
100,-0.05,4892,0.509976780741346,0.958664546899841,1.0,1.0,1.0,1.0,1.0,1.0,1.0,ukf_decay,cd15
150,-0.05,4892,0.7655664283981521,0.9672785315243416,1.0,1.0,1.0,1.0,1.0,1.0,1.0,ukf_decay,cd15
200,-0.05,4892,1.1282169317667592,0.9610802223987291,1.0,1.0,1.0,1.0,1.0,1.0,1.0,ukf_decay,cd15
300,-0.05,4890,2.5760073029306962,0.9597370583401807,0.9991445680068435,1.0,0.9767441860465116,1.0,1.0,1.0,1.0,ukf_decay,cd15
400,-0.05,4867,4.99904030452724,0.9623655913978495,0.9952343129467831,0.875,1.0,0.9894736842105263,1.0,1.0,1.0,ukf_decay,cd15
0,-0.05,5034,0.39327494105395533,0.9689158453373768,1.0,1.0,1.0,1.0,1.0,1.0,1.0,baseline,decay
25,-0.05,5034,0.7059870478623258,0.962278675904542,1.0,1.0,1.0,1.0,1.0,1.0,1.0,baseline,decay
50,-0.05,5034,1.184202166643617,0.9690641918020109,1.0,1.0,1.0,1.0,1.0,1.0,1.0,baseline,decay
100,-0.05,5034,2.3778952350568936,0.9774096385542169,0.9992301770592764,0.9767441860465116,1.0,1.0,1.0,1.0,1.0,baseline,decay
150,-0.05,5034,4.016111399485512,0.9777777777777777,0.989558232931727,0.9,0.9078947368421053,0.989247311827957,0.9938650306748467,1.0,1.0,baseline,decay
200,-0.05,5034,5.979675670321445,0.9809444904722452,0.9736842105263158,0.7948717948717948,0.8888888888888888,0.8514851485148515,0.9881656804733728,1.0,1.0,baseline,decay
300,-0.05,5031,10.952401932198272,0.9809688581314879,0.9167340339531124,0.6086956521739131,0.6612903225806451,0.7551020408163265,0.8208092485549133,0.9683098591549296,1.0,baseline,decay
400,-0.05,5015,17.02397251230095,0.9740608228980322,0.833843797856049,0.4222222222222222,0.46153846153846156,0.6022727272727273,0.7183908045977011,0.7973856209150327,0.9840764331210191,baseline,decay
0,-0.05,5034,0.5433440449886939,0.9726027397260274,1.0,1.0,1.0,1.0,1.0,1.0,1.0,bls,decay
25,-0.05,5034,0.6593989273500049,0.9652509652509652,1.0,1.0,1.0,1.0,1.0,1.0,1.0,bls,decay
50,-0.05,5034,0.7835535487740865,0.9735819735819736,1.0,1.0,1.0,1.0,1.0,1.0,1.0,bls,decay
100,-0.05,5034,1.0570310232882598,0.9781626506024096,1.0,1.0,1.0,1.0,1.0,1.0,1.0,bls,decay
150,-0.05,5034,1.3730649057425321,0.9787735849056604,1.0,1.0,1.0,1.0,1.0,1.0,1.0,bls,decay
200,-0.05,5034,1.7271968525073262,0.981421647819063,0.9991776315789473,0.9743589743589743,1.0,1.0,1.0,1.0,1.0,bls,decay
300,-0.05,5031,2.6784035831746973,0.9816733067729083,0.9959579628132579,0.9130434782608695,0.9838709677419355,1.0,1.0,1.0,1.0,bls,decay
400,-0.05,5015,4.304044672176632,0.9817073170731707,0.9862174578866769,0.8222222222222222,0.8615384615384616,0.9886363636363636,1.0,1.0,1.0,bls,decay
0,-0.05,5034,0.20538409871993837,0.9681818181818181,1.0,1.0,1.0,1.0,1.0,1.0,1.0,bls_bma,decay
25,-0.05,5034,0.2588266113628701,0.9637625289128758,1.0,1.0,1.0,1.0,1.0,1.0,1.0,bls_bma,decay
50,-0.05,5034,0.3330301562682094,0.966820987654321,1.0,1.0,1.0,1.0,1.0,1.0,1.0,bls_bma,decay
100,-0.05,5034,0.546476600497477,0.9723053892215568,1.0,1.0,1.0,1.0,1.0,1.0,1.0,bls_bma,decay
150,-0.05,5034,0.863471216699292,0.9718969555035128,1.0,1.0,1.0,1.0,1.0,1.0,1.0,bls_bma,decay
200,-0.05,5034,1.279946106604009,0.97514033680834,1.0,1.0,1.0,1.0,1.0,1.0,1.0,bls_bma,decay
300,-0.05,5031,2.444603672641542,0.9747634069400631,0.9991915925626516,0.9782608695652174,1.0,1.0,1.0,1.0,1.0,bls_bma,decay
400,-0.05,5015,4.278194387706089,0.9759217456734387,0.9931087289433385,0.8888888888888888,0.9384615384615385,1.0,1.0,1.0,1.0,bls_bma,decay
0,-0.05,5034,0.15582206373853869,0.9681818181818181,1.0,1.0,1.0,1.0,1.0,1.0,1.0,bls_cal,decay
25,-0.05,5034,0.17925453909195893,0.9637625289128758,1.0,1.0,1.0,1.0,1.0,1.0,1.0,bls_cal,decay
50,-0.05,5034,0.20633122457164457,0.966820987654321,1.0,1.0,1.0,1.0,1.0,1.0,1.0,bls_cal,decay
100,-0.05,5034,0.27752532973111965,0.9723053892215568,1.0,1.0,1.0,1.0,1.0,1.0,1.0,bls_cal,decay
150,-0.05,5034,0.38992187583276716,0.9711388455538221,1.0,1.0,1.0,1.0,1.0,1.0,1.0,bls_cal,decay
200,-0.05,5034,0.5554397726819178,0.9728,1.0,1.0,1.0,1.0,1.0,1.0,1.0,bls_cal,decay
300,-0.05,5031,1.2977950644753649,0.9679186228482003,1.0,1.0,1.0,1.0,1.0,1.0,1.0,bls_cal,decay
400,-0.05,5015,2.829823662246989,0.9645494830132939,1.0,1.0,1.0,1.0,1.0,1.0,1.0,bls_cal,decay
0,-0.05,5034,0.2194546556229403,0.9681818181818181,1.0,1.0,1.0,1.0,1.0,1.0,1.0,ukf,decay
25,-0.05,5034,0.27565514044106687,0.9637625289128758,1.0,1.0,1.0,1.0,1.0,1.0,1.0,ukf,decay
50,-0.05,5034,0.3502773281314502,0.9690641918020109,1.0,1.0,1.0,1.0,1.0,1.0,1.0,ukf,decay
100,-0.05,5034,0.5406499137139414,0.9737631184407796,1.0,1.0,1.0,1.0,1.0,1.0,1.0,ukf,decay
150,-0.05,5034,0.810468301435438,0.9734167318217357,1.0,1.0,1.0,1.0,1.0,1.0,1.0,ukf,decay
200,-0.05,5034,1.1674555095161987,0.9782783588093322,1.0,1.0,1.0,1.0,1.0,1.0,1.0,ukf,decay
300,-0.05,5031,2.262592313529937,0.9778129952456418,0.9975747776879548,0.9347826086956522,1.0,1.0,1.0,1.0,1.0,ukf,decay
400,-0.05,5015,4.235864890919617,0.9787717968157695,0.9885145482388974,0.8222222222222222,0.9076923076923077,0.9886363636363636,1.0,1.0,1.0,ukf,decay
0,-0.05,5034,0.22057302700808906,0.9681818181818181,1.0,1.0,1.0,1.0,1.0,1.0,1.0,ukf_mm,decay
25,-0.05,5034,0.27681259702188443,0.963020030816641,1.0,1.0,1.0,1.0,1.0,1.0,1.0,ukf_mm,decay
50,-0.05,5034,0.35202573341379334,0.9683153013910355,1.0,1.0,1.0,1.0,1.0,1.0,1.0,ukf_mm,decay
100,-0.05,5034,0.5457071595439088,0.9723053892215568,1.0,1.0,1.0,1.0,1.0,1.0,1.0,ukf_mm,decay
150,-0.05,5034,0.8098910894307938,0.97265625,1.0,1.0,1.0,1.0,1.0,1.0,1.0,ukf_mm,decay
200,-0.05,5034,1.1671184645196304,0.9759229534510433,1.0,1.0,1.0,1.0,1.0,1.0,1.0,ukf_mm,decay
300,-0.05,5031,2.3118519171082528,0.9739542225730071,0.9975747776879548,0.9565217391304348,0.9838709677419355,1.0,1.0,1.0,1.0,ukf_mm,decay
400,-0.05,5015,4.4606669257523,0.9765861027190332,0.9900459418070444,0.8666666666666667,0.9076923076923077,0.9886363636363636,1.0,1.0,1.0,ukf_mm,decay
0,-0.05,5034,0.20543613399535315,0.9681818181818181,1.0,1.0,1.0,1.0,1.0,1.0,1.0,ukf_cal,decay
25,-0.05,5034,0.2503575164797587,0.963020030816641,1.0,1.0,1.0,1.0,1.0,1.0,1.0,ukf_cal,decay
50,-0.05,5034,0.30857463823924236,0.966820987654321,1.0,1.0,1.0,1.0,1.0,1.0,1.0,ukf_cal,decay
100,-0.05,5034,0.4432291764718075,0.9723053892215568,1.0,1.0,1.0,1.0,1.0,1.0,1.0,ukf_cal,decay
150,-0.05,5034,0.6080243094161142,0.9711388455538221,1.0,1.0,1.0,1.0,1.0,1.0,1.0,ukf_cal,decay
200,-0.05,5034,0.8202613586542611,0.9712460063897763,1.0,1.0,1.0,1.0,1.0,1.0,1.0,ukf_cal,decay
300,-0.05,5031,1.5734887590097737,0.9671618451915559,1.0,1.0,1.0,1.0,1.0,1.0,1.0,ukf_cal,decay
400,-0.05,5015,3.1594758932224596,0.9666913397483345,1.0,1.0,1.0,1.0,1.0,1.0,1.0,ukf_cal,decay
0,-0.05,5034,0.20198192556256872,0.9681818181818181,1.0,1.0,1.0,1.0,1.0,1.0,1.0,bls_decay,decay
25,-0.05,5034,0.24985663910818656,0.9637625289128758,1.0,1.0,1.0,1.0,1.0,1.0,1.0,bls_decay,decay
50,-0.05,5034,0.3127269201594614,0.966820987654321,1.0,1.0,1.0,1.0,1.0,1.0,1.0,bls_decay,decay
100,-0.05,5034,0.4749831173996558,0.9723053892215568,1.0,1.0,1.0,1.0,1.0,1.0,1.0,bls_decay,decay
150,-0.05,5034,0.7082306892835211,0.9711388455538221,1.0,1.0,1.0,1.0,1.0,1.0,1.0,bls_decay,decay
200,-0.05,5034,1.0548135766598057,0.9728,1.0,1.0,1.0,1.0,1.0,1.0,1.0,bls_decay,decay
300,-0.05,5031,2.350965693209843,0.9709119496855346,0.9983831851253031,0.9782608695652174,0.9838709677419355,1.0,1.0,1.0,1.0,bls_decay,decay
400,-0.05,5015,4.721089840367801,0.9737237237237237,0.9931087289433385,0.9333333333333333,0.9384615384615385,0.9772727272727273,1.0,1.0,1.0,bls_decay,decay
0,-0.05,5034,0.2167395646820835,0.9681818181818181,1.0,1.0,1.0,1.0,1.0,1.0,1.0,ukf_decay,decay
25,-0.05,5034,0.2703756120933922,0.963020030816641,1.0,1.0,1.0,1.0,1.0,1.0,1.0,ukf_decay,decay
50,-0.05,5034,0.3430984130486371,0.9675675675675676,1.0,1.0,1.0,1.0,1.0,1.0,1.0,ukf_decay,decay
100,-0.05,5034,0.528174337372961,0.9723053892215568,1.0,1.0,1.0,1.0,1.0,1.0,1.0,ukf_decay,decay
150,-0.05,5034,0.7819730413943318,0.970381917381138,1.0,1.0,1.0,1.0,1.0,1.0,1.0,ukf_decay,decay
200,-0.05,5034,1.1601157867825083,0.9712460063897763,1.0,1.0,1.0,1.0,1.0,1.0,1.0,ukf_decay,decay
300,-0.05,5031,2.5101904403276625,0.970889063729347,0.9975747776879548,0.9565217391304348,0.9838709677419355,1.0,1.0,1.0,1.0,ukf_decay,decay
400,-0.05,5015,5.160956256796898,0.9729119638826185,0.9900459418070444,0.8888888888888888,0.9076923076923077,0.9772727272727273,1.0,1.0,1.0,ukf_decay,decay
0,-0.05,5348,0.37380303870804493,0.9666182873730044,1.0,1.0,1.0,1.0,1.0,1.0,1.0,baseline,wind
25,-0.05,5348,0.6886285435757483,0.9698058950395398,1.0,1.0,1.0,1.0,1.0,1.0,1.0,baseline,wind
50,-0.05,5348,1.1330050911255334,0.9713055954088953,1.0,1.0,1.0,1.0,1.0,1.0,1.0,baseline,wind
100,-0.05,5348,2.268558531698714,0.9753444525018129,0.9985152190051967,0.9473684210526315,1.0,1.0,1.0,1.0,1.0,baseline,wind
150,-0.05,5348,3.7630651016980132,0.972871137905049,0.9907904834996163,0.8780487804878049,0.9242424242424242,0.9770114942528736,1.0,1.0,1.0,baseline,wind
200,-0.05,5348,5.67560973990883,0.9724292101341282,0.9797297297297297,0.8378378378378378,0.8082191780821918,0.9358974358974359,0.989247311827957,1.0,1.0,baseline,wind
300,-0.05,5344,10.780887850711975,0.9801901743264659,0.9364118092354277,0.6585365853658537,0.6666666666666666,0.7407407407407407,0.8763440860215054,0.9818840579710145,1.0,baseline,wind
400,-0.05,5314,16.031558219581022,0.9768439108061749,0.8721286370597243,0.43243243243243246,0.4794520547945205,0.6705882352941176,0.7704918032786885,0.8705035971223022,0.9969230769230769,baseline,wind
0,-0.05,5348,0.24520021171631104,0.9624277456647399,1.0,1.0,1.0,1.0,1.0,1.0,1.0,bls,wind
25,-0.05,5348,0.29284702859581774,0.9677187948350072,1.0,1.0,1.0,1.0,1.0,1.0,1.0,bls,wind
50,-0.05,5348,0.3434358368007668,0.9671428571428572,1.0,1.0,1.0,1.0,1.0,1.0,1.0,bls,wind
100,-0.05,5348,0.4661134304744798,0.9704610951008645,1.0,1.0,1.0,1.0,1.0,1.0,1.0,bls,wind
150,-0.05,5348,0.62144425328444,0.9623338257016248,1.0,1.0,1.0,1.0,1.0,1.0,1.0,bls,wind
200,-0.05,5348,0.8366786169994599,0.9680232558139535,1.0,1.0,1.0,1.0,1.0,1.0,1.0,bls,wind
300,-0.05,5344,1.6422476088884423,0.9614264919941776,1.0,1.0,1.0,1.0,1.0,1.0,1.0,bls,wind
400,-0.05,5314,3.363006012792808,0.9637305699481865,0.996937212863706,0.972972972972973,0.9726027397260274,0.9882352941176471,1.0,1.0,1.0,bls,wind
0,-0.05,5348,0.20129445059866888,0.9624277456647399,1.0,1.0,1.0,1.0,1.0,1.0,1.0,bls_bma,wind
25,-0.05,5348,0.24348166387594808,0.9677187948350072,1.0,1.0,1.0,1.0,1.0,1.0,1.0,bls_bma,wind
50,-0.05,5348,0.29160855788065715,0.966452533904354,1.0,1.0,1.0,1.0,1.0,1.0,1.0,bls_bma,wind
100,-0.05,5348,0.41392106925334066,0.9697624190064795,1.0,1.0,1.0,1.0,1.0,1.0,1.0,bls_bma,wind
150,-0.05,5348,0.5840161879417471,0.9644707623982235,1.0,1.0,1.0,1.0,1.0,1.0,1.0,bls_bma,wind
200,-0.05,5348,0.8213986046799767,0.9673202614379085,1.0,1.0,1.0,1.0,1.0,1.0,1.0,bls_bma,wind
300,-0.05,5344,1.8134172498050227,0.9593318809005084,1.0,1.0,1.0,1.0,1.0,1.0,1.0,bls_bma,wind
400,-0.05,5314,3.65434468848495,0.9615952732644018,0.996937212863706,0.972972972972973,0.9726027397260274,0.9882352941176471,1.0,1.0,1.0,bls_bma,wind
0,-0.05,5348,0.15053524735314938,0.9624277456647399,1.0,1.0,1.0,1.0,1.0,1.0,1.0,bls_cal,wind
25,-0.05,5348,0.17370611820394635,0.968413496051687,1.0,1.0,1.0,1.0,1.0,1.0,1.0,bls_cal,wind
50,-0.05,5348,0.198695156676334,0.9657631954350927,1.0,1.0,1.0,1.0,1.0,1.0,1.0,bls_cal,wind
100,-0.05,5348,0.27545028250568043,0.9697624190064795,1.0,1.0,1.0,1.0,1.0,1.0,1.0,bls_cal,wind
150,-0.05,5348,0.39051133433718677,0.9637573964497042,1.0,1.0,1.0,1.0,1.0,1.0,1.0,bls_cal,wind
200,-0.05,5348,0.5816676918246005,0.9694323144104804,1.0,1.0,1.0,1.0,1.0,1.0,1.0,bls_cal,wind
300,-0.05,5344,1.3618771066861841,0.9607272727272728,1.0,1.0,1.0,1.0,1.0,1.0,1.0,bls_cal,wind
400,-0.05,5314,2.970425720835417,0.9623616236162361,0.998468606431853,1.0,0.9726027397260274,1.0,1.0,1.0,1.0,bls_cal,wind
0,-0.05,5348,0.1975505816875033,0.9631236442516269,1.0,1.0,1.0,1.0,1.0,1.0,1.0,ukf,wind
25,-0.05,5348,0.24542634538315725,0.9677187948350072,1.0,1.0,1.0,1.0,1.0,1.0,1.0,ukf,wind
50,-0.05,5348,0.29869548620298325,0.9643874643874644,1.0,1.0,1.0,1.0,1.0,1.0,1.0,ukf,wind
100,-0.05,5348,0.43515973044084955,0.9683680805176133,1.0,1.0,1.0,1.0,1.0,1.0,1.0,ukf,wind
150,-0.05,5348,0.6180999224662375,0.9623338257016248,1.0,1.0,1.0,1.0,1.0,1.0,1.0,ukf,wind
200,-0.05,5348,0.8627455448372006,0.9680232558139535,1.0,1.0,1.0,1.0,1.0,1.0,1.0,ukf,wind
300,-0.05,5344,1.748994542178852,0.9614264919941776,1.0,1.0,1.0,1.0,1.0,1.0,1.0,ukf,wind
400,-0.05,5314,3.5779276592836613,0.9622501850481125,0.9954058192955589,0.9459459459459459,0.958904109589041,0.9882352941176471,1.0,1.0,1.0,ukf,wind
0,-0.05,5348,0.19896629760831364,0.9631236442516269,1.0,1.0,1.0,1.0,1.0,1.0,1.0,ukf_mm,wind
25,-0.05,5348,0.24824771478608731,0.9677187948350072,1.0,1.0,1.0,1.0,1.0,1.0,1.0,ukf_mm,wind
50,-0.05,5348,0.3039375407673242,0.9643874643874644,1.0,1.0,1.0,1.0,1.0,1.0,1.0,ukf_mm,wind
100,-0.05,5348,0.4492331848346215,0.9697624190064795,1.0,1.0,1.0,1.0,1.0,1.0,1.0,ukf_mm,wind
150,-0.05,5348,0.6486150664557696,0.9623338257016248,1.0,1.0,1.0,1.0,1.0,1.0,1.0,ukf_mm,wind
200,-0.05,5348,0.9252913751070081,0.9680232558139535,1.0,1.0,1.0,1.0,1.0,1.0,1.0,ukf_mm,wind
300,-0.05,5344,1.9748842053406028,0.9621267297887837,1.0,1.0,1.0,1.0,1.0,1.0,1.0,ukf_mm,wind
400,-0.05,5314,3.9905613602628245,0.9607988165680473,0.9946401225114855,0.918918918918919,0.958904109589041,0.9882352941176471,1.0,1.0,1.0,ukf_mm,wind
0,-0.05,5348,0.1926296520130405,0.9631236442516269,1.0,1.0,1.0,1.0,1.0,1.0,1.0,ukf_cal,wind
25,-0.05,5348,0.23699847145992042,0.9677187948350072,1.0,1.0,1.0,1.0,1.0,1.0,1.0,ukf_cal,wind
50,-0.05,5348,0.2863583846160744,0.9643874643874644,1.0,1.0,1.0,1.0,1.0,1.0,1.0,ukf_cal,wind
100,-0.05,5348,0.4106241008523945,0.9683680805176133,1.0,1.0,1.0,1.0,1.0,1.0,1.0,ukf_cal,wind
150,-0.05,5348,0.5722648578770386,0.9630450849963045,1.0,1.0,1.0,1.0,1.0,1.0,1.0,ukf_cal,wind
200,-0.05,5348,0.7964691545197731,0.9694323144104804,1.0,1.0,1.0,1.0,1.0,1.0,1.0,ukf_cal,wind
300,-0.05,5344,1.609373342065628,0.9614264919941776,1.0,1.0,1.0,1.0,1.0,1.0,1.0,ukf_cal,wind
400,-0.05,5314,3.265302556313566,0.9609432571849669,0.998468606431853,1.0,0.9863013698630136,0.9882352941176471,1.0,1.0,1.0,ukf_cal,wind
0,-0.05,5348,0.19315121894770182,0.9631236442516269,1.0,1.0,1.0,1.0,1.0,1.0,1.0,bls_decay,wind
25,-0.05,5348,0.24115475670768083,0.968413496051687,1.0,1.0,1.0,1.0,1.0,1.0,1.0,bls_decay,wind
50,-0.05,5348,0.29659769826926985,0.9650748396293657,1.0,1.0,1.0,1.0,1.0,1.0,1.0,bls_decay,wind
100,-0.05,5348,0.45964432983255155,0.9690647482014388,1.0,1.0,1.0,1.0,1.0,1.0,1.0,bls_decay,wind
150,-0.05,5348,0.6901360000353016,0.9623338257016248,1.0,1.0,1.0,1.0,1.0,1.0,1.0,bls_decay,wind
200,-0.05,5348,1.0307769993309435,0.9687272727272728,1.0,1.0,1.0,1.0,1.0,1.0,1.0,bls_decay,wind
300,-0.05,5344,2.359627036863919,0.9579405366207396,1.0,1.0,1.0,1.0,1.0,1.0,1.0,bls_decay,wind
400,-0.05,5314,4.533422466324188,0.9600591715976331,0.9938744257274119,0.8918918918918919,0.9726027397260274,0.9764705882352941,1.0,1.0,1.0,bls_decay,wind
0,-0.05,5348,0.2047193481240208,0.9631236442516269,1.0,1.0,1.0,1.0,1.0,1.0,1.0,ukf_decay,wind
25,-0.05,5348,0.25922292271086955,0.9677187948350072,1.0,1.0,1.0,1.0,1.0,1.0,1.0,ukf_decay,wind
50,-0.05,5348,0.3235139810008093,0.9643874643874644,1.0,1.0,1.0,1.0,1.0,1.0,1.0,ukf_decay,wind
100,-0.05,5348,0.4984602080529865,0.9697624190064795,1.0,1.0,1.0,1.0,1.0,1.0,1.0,ukf_decay,wind
150,-0.05,5348,0.7466298086115546,0.9630450849963045,1.0,1.0,1.0,1.0,1.0,1.0,1.0,ukf_decay,wind
200,-0.05,5348,1.108621001594761,0.9701383831026948,1.0,1.0,1.0,1.0,1.0,1.0,1.0,ukf_decay,wind
300,-0.05,5344,2.4939211398618824,0.9614264919941776,1.0,1.0,1.0,1.0,1.0,1.0,1.0,ukf_decay,wind
400,-0.05,5314,4.921691477858445,0.9585492227979274,0.9915773353751914,0.8648648648648649,0.9452054794520548,0.9764705882352941,1.0,1.0,1.0,ukf_decay,wind
0,-0.05,4948,0.7668249721218854,0.9700787401574803,1.0,1.0,1.0,1.0,1.0,1.0,1.0,baseline,noise2x
25,-0.05,4948,1.4252123639293686,0.9686998394863563,0.9991721854304636,0.9767441860465116,1.0,1.0,1.0,1.0,1.0,baseline,noise2x
50,-0.05,4948,2.201929612772001,0.9713147410358566,0.9983619983619983,0.9512195121951219,1.0,1.0,1.0,1.0,1.0,baseline,noise2x
100,-0.05,4948,4.532253779339854,0.9665071770334929,0.9901960784313726,0.90625,0.8615384615384616,1.0,1.0,1.0,1.0,baseline,noise2x
150,-0.05,4948,7.4015597681076875,0.9595796281325788,0.9761513157894737,0.8378378378378378,0.8970588235294118,0.8981481481481481,0.9683544303797469,1.0,1.0,baseline,noise2x
200,-0.05,4948,10.691416929317645,0.9657142857142857,0.9524959742351047,0.7096774193548387,0.726027397260274,0.8181818181818182,0.9431818181818182,0.9850187265917603,1.0,baseline,noise2x
300,-0.0425,4945,19.259774119353164,0.9573333333333334,0.8678485092667204,0.5428571428571428,0.6,0.6428571428571429,0.7707006369426752,0.8773946360153256,0.9865771812080537,baseline,noise2x
400,0.0049999999999999975,4922,29.753669175231135,0.9532619279454723,0.7666405638214565,0.48484848484848486,0.45714285714285713,0.5471698113207547,0.6397849462365591,0.7216117216117216,0.9146141215106732,baseline,noise2x
0,-0.05,4948,0.30792151393934586,0.9716088328075709,1.0,1.0,1.0,1.0,1.0,1.0,1.0,bls,noise2x
25,-0.05,4948,0.3526720770063406,0.9710610932475884,1.0,1.0,1.0,1.0,1.0,1.0,1.0,bls,noise2x
50,-0.05,4948,0.4073497579729404,0.9705882352941176,1.0,1.0,1.0,1.0,1.0,1.0,1.0,bls,noise2x
100,-0.05,4948,0.5537656156773902,0.9675889328063241,1.0,1.0,1.0,1.0,1.0,1.0,1.0,bls,noise2x
150,-0.05,4948,0.7820931138805529,0.9689243027888447,1.0,1.0,1.0,1.0,1.0,1.0,1.0,bls,noise2x
200,-0.05,4948,1.1437062260052298,0.9725920125293657,1.0,1.0,1.0,1.0,1.0,1.0,1.0,bls,noise2x
300,-0.05,4945,2.70263717464122,0.9718089271730619,1.0,1.0,1.0,1.0,1.0,1.0,1.0,bls,noise2x
400,-0.05,4922,5.87620678494788,0.9598788796366389,0.9929522317932654,0.9090909090909091,0.9571428571428572,0.9905660377358491,0.989247311827957,1.0,1.0,bls,noise2x
0,-0.05,4948,0.32952734887727986,0.9716088328075709,1.0,1.0,1.0,1.0,1.0,1.0,1.0,bls_bma,noise2x
25,-0.05,4948,0.39077137472876156,0.9718423169750603,1.0,1.0,1.0,1.0,1.0,1.0,1.0,bls_bma,noise2x
50,-0.05,4948,0.46852227919821143,0.9705882352941176,1.0,1.0,1.0,1.0,1.0,1.0,1.0,bls_bma,noise2x
100,-0.05,4948,0.6693840756117115,0.9675889328063241,1.0,1.0,1.0,1.0,1.0,1.0,1.0,bls_bma,noise2x
150,-0.05,4948,0.9893986654680893,0.9681528662420382,1.0,1.0,1.0,1.0,1.0,1.0,1.0,bls_bma,noise2x
200,-0.05,4948,1.4724074766645299,0.9710711493354183,1.0,1.0,1.0,1.0,1.0,1.0,1.0,bls_bma,noise2x
300,-0.05,4945,3.3537143991346565,0.96875,0.9991941982272361,1.0,0.9875,1.0,1.0,1.0,1.0,bls_bma,noise2x
400,-0.05,4922,6.570142667439627,0.9562264150943396,0.9921691464369616,0.9090909090909091,0.9428571428571428,0.9905660377358491,0.989247311827957,1.0,1.0,bls_bma,noise2x
0,-0.05,4948,0.3080901981740918,0.9716088328075709,1.0,1.0,1.0,1.0,1.0,1.0,1.0,bls_cal,noise2x
25,-0.05,4948,0.3531743280366276,0.970281124497992,1.0,1.0,1.0,1.0,1.0,1.0,1.0,bls_cal,noise2x
50,-0.05,4948,0.40771013638420683,0.9705882352941176,1.0,1.0,1.0,1.0,1.0,1.0,1.0,bls_cal,noise2x
100,-0.05,4948,0.5542095263749791,0.9675889328063241,1.0,1.0,1.0,1.0,1.0,1.0,1.0,bls_cal,noise2x
150,-0.05,4948,0.7828485738163492,0.9689243027888447,1.0,1.0,1.0,1.0,1.0,1.0,1.0,bls_cal,noise2x
200,-0.05,4948,1.1442554943488594,0.9725920125293657,1.0,1.0,1.0,1.0,1.0,1.0,1.0,bls_cal,noise2x
300,-0.05,4945,2.7061098514483706,0.9718089271730619,1.0,1.0,1.0,1.0,1.0,1.0,1.0,bls_cal,noise2x
400,-0.05,4922,5.88460986489097,0.9591527987897126,0.9929522317932654,0.9090909090909091,0.9571428571428572,0.9905660377358491,0.989247311827957,1.0,1.0,bls_cal,noise2x
0,-0.05,4948,0.3977172642483006,0.9723756906077348,1.0,1.0,1.0,1.0,1.0,1.0,1.0,ukf,noise2x
25,-0.05,4948,0.4958524576717439,0.9710610932475884,1.0,1.0,1.0,1.0,1.0,1.0,1.0,ukf,noise2x
50,-0.05,4948,0.6017702612898019,0.9698173153296267,1.0,1.0,1.0,1.0,1.0,1.0,1.0,ukf,noise2x
100,-0.05,4948,0.855117523378443,0.9675889328063241,1.0,1.0,1.0,1.0,1.0,1.0,1.0,ukf,noise2x
150,-0.05,4948,1.2084953503886549,0.9666136724960255,1.0,1.0,1.0,1.0,1.0,1.0,1.0,ukf,noise2x
200,-0.05,4948,1.6656537975761256,0.9710711493354183,1.0,1.0,1.0,1.0,1.0,1.0,1.0,ukf,noise2x
300,-0.05,4945,3.6174795207626156,0.9679937548790007,0.9991941982272361,1.0,0.9875,1.0,1.0,1.0,1.0,ukf,noise2x
400,-0.04,4922,8.020175740039694,0.9529946929492039,0.9843382928739233,0.8787878787878788,0.9,0.9622641509433962,0.978494623655914,0.9963369963369964,1.0,ukf,noise2x
0,-0.05,4948,0.4017883799257643,0.9723756906077348,1.0,1.0,1.0,1.0,1.0,1.0,1.0,ukf_mm,noise2x
25,-0.05,4948,0.5042805631190117,0.9710610932475884,1.0,1.0,1.0,1.0,1.0,1.0,1.0,ukf_mm,noise2x
50,-0.05,4948,0.6162699038500989,0.9698173153296267,1.0,1.0,1.0,1.0,1.0,1.0,1.0,ukf_mm,noise2x
100,-0.05,4948,0.8916432733015511,0.9675889328063241,1.0,1.0,1.0,1.0,1.0,1.0,1.0,ukf_mm,noise2x
150,-0.05,4948,1.295316727083908,0.9666136724960255,1.0,1.0,1.0,1.0,1.0,1.0,1.0,ukf_mm,noise2x
200,-0.05,4948,1.8412832561354735,0.9703125,1.0,1.0,1.0,1.0,1.0,1.0,1.0,ukf_mm,noise2x
300,-0.05,4945,4.216607288631249,0.9678683385579937,0.9951651893634166,0.9714285714285714,0.95,0.9910714285714286,1.0,1.0,1.0,ukf_mm,noise2x
400,-0.0425,4922,9.635260217638427,0.9497716894977168,0.9772905246671887,0.8181818181818182,0.8571428571428571,0.9339622641509434,0.9731182795698925,0.9963369963369964,1.0,ukf_mm,noise2x
0,-0.05,4948,0.3965093217342397,0.9723756906077348,1.0,1.0,1.0,1.0,1.0,1.0,1.0,ukf_cal,noise2x
25,-0.05,4948,0.49395800099438625,0.9710610932475884,1.0,1.0,1.0,1.0,1.0,1.0,1.0,ukf_cal,noise2x
50,-0.05,4948,0.5991083123451861,0.9698173153296267,1.0,1.0,1.0,1.0,1.0,1.0,1.0,ukf_cal,noise2x
100,-0.05,4948,0.8505585735083542,0.9675889328063241,1.0,1.0,1.0,1.0,1.0,1.0,1.0,ukf_cal,noise2x
150,-0.05,4948,1.202435622930207,0.9666136724960255,1.0,1.0,1.0,1.0,1.0,1.0,1.0,ukf_cal,noise2x
200,-0.05,4948,1.6583217507855081,0.9710711493354183,1.0,1.0,1.0,1.0,1.0,1.0,1.0,ukf_cal,noise2x
300,-0.05,4945,3.6153816459961963,0.9672386895475819,0.9991941982272361,1.0,0.9875,1.0,1.0,1.0,1.0,ukf_cal,noise2x
400,-0.04,4922,8.027824750407504,0.9529946929492039,0.9843382928739233,0.8787878787878788,0.9,0.9622641509433962,0.978494623655914,0.9963369963369964,1.0,ukf_cal,noise2x
0,-0.05,4948,0.3910403545888281,0.9723756906077348,1.0,1.0,1.0,1.0,1.0,1.0,1.0,bls_decay,noise2x
25,-0.05,4948,0.48806666479524763,0.970281124497992,1.0,1.0,1.0,1.0,1.0,1.0,1.0,bls_decay,noise2x
50,-0.05,4948,0.6072137857931612,0.9698173153296267,1.0,1.0,1.0,1.0,1.0,1.0,1.0,bls_decay,noise2x
100,-0.05,4948,0.9096727659806156,0.966824644549763,1.0,1.0,1.0,1.0,1.0,1.0,1.0,bls_decay,noise2x
150,-0.05,4948,1.3802173160250646,0.9666136724960255,1.0,1.0,1.0,1.0,1.0,1.0,1.0,bls_decay,noise2x
200,-0.05,4948,2.0644455112574502,0.9703125,1.0,1.0,1.0,1.0,1.0,1.0,1.0,bls_decay,noise2x
300,-0.05,4945,4.669480953189187,0.9671104150352389,0.9951651893634166,1.0,0.95,0.9821428571428571,1.0,1.0,1.0,bls_decay,noise2x
400,-0.045000000000000005,4922,9.117476497758782,0.9548929663608563,0.9780736100234926,0.7878787878787878,0.8428571428571429,0.9339622641509434,0.9838709677419355,1.0,1.0,bls_decay,noise2x
0,-0.05,4948,0.4240669217861153,0.9716088328075709,1.0,1.0,1.0,1.0,1.0,1.0,1.0,ukf_decay,noise2x
25,-0.05,4948,0.5466285104404773,0.9710610932475884,1.0,1.0,1.0,1.0,1.0,1.0,1.0,ukf_decay,noise2x
50,-0.05,4948,0.6868075153005013,0.969047619047619,1.0,1.0,1.0,1.0,1.0,1.0,1.0,ukf_decay,noise2x
100,-0.05,4948,1.0549769609962112,0.9675889328063241,1.0,1.0,1.0,1.0,1.0,1.0,1.0,ukf_decay,noise2x
150,-0.05,4948,1.6313643734924677,0.965845909451946,1.0,1.0,1.0,1.0,1.0,1.0,1.0,ukf_decay,noise2x
200,-0.05,4948,2.4303516095074507,0.9695550351288056,1.0,1.0,1.0,1.0,1.0,1.0,1.0,ukf_decay,noise2x
300,-0.05,4945,5.747514079563213,0.9653815892997639,0.9887187751813054,0.9142857142857143,0.9125,0.9642857142857143,1.0,1.0,1.0,ukf_decay,noise2x
400,-0.037500000000000006,4922,12.849555904428536,0.945862335653519,0.9577133907595928,0.7272727272727273,0.7571428571428571,0.8584905660377359,0.946236559139785,0.989010989010989,1.0,ukf_decay,noise2x
0,-0.05,5424,0.7586600718627045,0.9726890756302521,1.0,1.0,1.0,1.0,1.0,1.0,1.0,baseline,all
25,-0.05,5424,1.3440042434709898,0.9725829725829725,1.0,1.0,1.0,1.0,1.0,1.0,1.0,baseline,all
50,-0.05,5424,2.2103534642015843,0.9633802816901409,0.9985401459854014,0.9545454545454546,1.0,1.0,1.0,1.0,1.0,baseline,all
100,-0.05,5424,4.3605728077578965,0.9709631728045326,0.9927588703837799,0.8717948717948718,0.95,0.9789473684210527,1.0,1.0,1.0,baseline,all
150,-0.05,5424,7.423237125494319,0.972871137905049,0.9772899318697956,0.8387096774193549,0.8666666666666667,0.8602150537634409,0.9770114942528736,1.0,1.0,baseline,all
200,-0.05,5424,10.841710281933901,0.9608277900960828,0.9629629629629629,0.7,0.7666666666666667,0.8817204301075269,0.9285714285714286,0.9933774834437086,1.0,baseline,all
300,-0.0475,5420,19.068309863518483,0.9547228727556596,0.8927007299270073,0.5128205128205128,0.6727272727272727,0.65,0.7758620689655172,0.9090909090909091,0.9872340425531915,baseline,all
400,-0.015,5391,29.396376328580576,0.9460916442048517,0.7834821428571429,0.40476190476190477,0.40625,0.4642857142857143,0.6647727272727273,0.7291666666666666,0.9333333333333333,baseline,all
0,-0.05,5424,0.5893722744290815,0.9754213483146067,1.0,1.0,1.0,1.0,1.0,1.0,1.0,bls,all
25,-0.05,5424,0.7104364295184864,0.977519941986947,1.0,1.0,1.0,1.0,1.0,1.0,1.0,bls,all
50,-0.05,5424,0.8377229478601722,0.9716312056737588,1.0,1.0,1.0,1.0,1.0,1.0,1.0,bls,all
100,-0.05,5424,1.136758853052527,0.9773531493276716,1.0,1.0,1.0,1.0,1.0,1.0,1.0,bls,all
150,-0.05,5424,1.4987151595401327,0.9785185185185186,1.0,1.0,1.0,1.0,1.0,1.0,1.0,bls,all
200,-0.05,5424,1.9657310555273952,0.977519941986947,0.9985185185185185,0.95,1.0,1.0,1.0,1.0,1.0,bls,all
300,-0.05,5420,3.5608713466067936,0.9840695148443157,0.9919708029197081,0.7435897435897436,0.9818181818181818,1.0,1.0,1.0,1.0,bls,all
400,-0.05,5391,6.840038957582885,0.9723261032161555,0.9672619047619048,0.5238095238095238,0.75,0.9761904761904762,0.9659090909090909,1.0,1.0,bls,all
0,-0.05,5424,0.4400833111169047,0.9733707077785564,1.0,1.0,1.0,1.0,1.0,1.0,1.0,bls_bma,all
25,-0.05,5424,0.5455902046356013,0.9746926970354303,1.0,1.0,1.0,1.0,1.0,1.0,1.0,bls_bma,all
50,-0.05,5424,0.6620178781498871,0.9675141242937854,1.0,1.0,1.0,1.0,1.0,1.0,1.0,bls_bma,all
100,-0.05,5424,0.9917567648547331,0.9698033707865169,1.0,1.0,1.0,1.0,1.0,1.0,1.0,bls_bma,all
150,-0.05,5424,1.3871867059103835,0.9763488543976349,1.0,1.0,1.0,1.0,1.0,1.0,1.0,bls_bma,all
200,-0.05,5424,1.9535292685726278,0.9719222462203023,1.0,1.0,1.0,1.0,1.0,1.0,1.0,bls_bma,all
300,-0.05,5420,3.8032488757222196,0.9805475504322767,0.9934306569343065,0.8205128205128205,0.9818181818181818,1.0,0.9942528735632183,1.0,1.0,bls_bma,all
400,-0.05,5391,7.27542042288906,0.9672862453531599,0.9680059523809523,0.6428571428571429,0.765625,0.9285714285714286,0.9602272727272727,1.0,1.0,bls_bma,all
0,-0.05,5424,0.30906061969469933,0.9726890756302521,1.0,1.0,1.0,1.0,1.0,1.0,1.0,bls_cal,all
25,-0.05,5424,0.35416681194201965,0.9768115942028985,1.0,1.0,1.0,1.0,1.0,1.0,1.0,bls_cal,all
50,-0.05,5424,0.4044000149635932,0.9688826025459689,1.0,1.0,1.0,1.0,1.0,1.0,1.0,bls_cal,all
100,-0.05,5424,0.5504483008148953,0.9711673699015471,1.0,1.0,1.0,1.0,1.0,1.0,1.0,bls_cal,all
150,-0.05,5424,0.7690608539076783,0.9713235294117647,1.0,1.0,1.0,1.0,1.0,1.0,1.0,bls_cal,all
200,-0.05,5424,1.1343181684215866,0.9684361549497847,1.0,1.0,1.0,1.0,1.0,1.0,1.0,bls_cal,all
300,-0.05,5420,2.627981147433719,0.9743772241992883,0.9992700729927008,0.9743589743589743,1.0,1.0,1.0,1.0,1.0,bls_cal,all
400,-0.05,5391,5.792675993607652,0.9616497829232996,0.9888392857142857,0.8571428571428571,0.9375,0.9880952380952381,0.9772727272727273,1.0,1.0,bls_cal,all
0,-0.05,5424,0.4150185785570634,0.9720083974807557,1.0,1.0,1.0,1.0,1.0,1.0,1.0,ukf,all
25,-0.05,5424,0.5145442755021856,0.9746926970354303,1.0,1.0,1.0,1.0,1.0,1.0,1.0,ukf,all
50,-0.05,5424,0.6235709976435085,0.9681978798586572,1.0,1.0,1.0,1.0,1.0,1.0,1.0,ukf,all
100,-0.05,5424,0.9320630954275704,0.9704848910751932,1.0,1.0,1.0,1.0,1.0,1.0,1.0,ukf,all
150,-0.05,5424,1.3406645209309165,0.9749077490774908,1.0,1.0,1.0,1.0,1.0,1.0,1.0,ukf,all
200,-0.05,5424,1.8715107004702298,0.9719222462203023,1.0,1.0,1.0,1.0,1.0,1.0,1.0,ukf,all
300,-0.05,5420,4.019699799051136,0.9798416126709864,0.9934306569343065,0.7948717948717948,1.0,1.0,0.9942528735632183,1.0,1.0,ukf,all
400,-0.05,5391,8.616509609939468,0.9651335311572701,0.9680059523809523,0.6190476190476191,0.71875,0.9642857142857143,0.9659090909090909,1.0,1.0,ukf,all
0,-0.05,5424,0.4204546785866852,0.9720083974807557,1.0,1.0,1.0,1.0,1.0,1.0,1.0,ukf_mm,all
25,-0.05,5424,0.5239644794193524,0.9746926970354303,1.0,1.0,1.0,1.0,1.0,1.0,1.0,ukf_mm,all
50,-0.05,5424,0.6380339551987506,0.9681978798586572,1.0,1.0,1.0,1.0,1.0,1.0,1.0,ukf_mm,all
100,-0.05,5424,0.9656695510171904,0.9698033707865169,1.0,1.0,1.0,1.0,1.0,1.0,1.0,ukf_mm,all
150,-0.05,5424,1.410009070881036,0.9734708916728076,1.0,1.0,1.0,1.0,1.0,1.0,1.0,ukf_mm,all
200,-0.05,5424,2.0099876634203673,0.9712230215827338,1.0,1.0,1.0,1.0,1.0,1.0,1.0,ukf_mm,all
300,-0.05,5420,4.445281812775947,0.9748923959827833,0.9919708029197081,0.7948717948717948,0.9818181818181818,0.99,0.9942528735632183,1.0,1.0,ukf_mm,all
400,-0.05,5391,9.994043497129544,0.9578402366863905,0.9635416666666666,0.6190476190476191,0.75,0.9047619047619048,0.9545454545454546,0.9965277777777778,1.0,ukf_mm,all
0,-0.05,5424,0.40784549789117497,0.9713286713286713,1.0,1.0,1.0,1.0,1.0,1.0,1.0,ukf_cal,all
25,-0.05,5424,0.4997056574716459,0.9732851985559566,1.0,1.0,1.0,1.0,1.0,1.0,1.0,ukf_cal,all
50,-0.05,5424,0.5977456413037974,0.9668313338038109,1.0,1.0,1.0,1.0,1.0,1.0,1.0,ukf_cal,all
100,-0.05,5424,0.8690117276673184,0.9691228070175438,1.0,1.0,1.0,1.0,1.0,1.0,1.0,ukf_cal,all
150,-0.05,5424,1.2129442394258076,0.9720382634289919,1.0,1.0,1.0,1.0,1.0,1.0,1.0,ukf_cal,all
200,-0.05,5424,1.6612567536390783,0.967741935483871,1.0,1.0,1.0,1.0,1.0,1.0,1.0,ukf_cal,all
300,-0.05,5420,3.5809232632315107,0.972972972972973,0.9985401459854014,0.9487179487179487,1.0,1.0,1.0,1.0,1.0,ukf_cal,all
400,-0.05,5391,7.824843619428699,0.951867816091954,0.9858630952380952,0.8571428571428571,0.875,0.9880952380952381,0.9772727272727273,1.0,1.0,ukf_cal,all
0,-0.05,5424,0.40001284664701764,0.9726890756302521,1.0,1.0,1.0,1.0,1.0,1.0,1.0,bls_decay,all
25,-0.05,5424,0.4886431563956147,0.9746926970354303,1.0,1.0,1.0,1.0,1.0,1.0,1.0,bls_decay,all
50,-0.05,5424,0.5922003511460642,0.9675141242937854,1.0,1.0,1.0,1.0,1.0,1.0,1.0,bls_decay,all
100,-0.05,5424,0.9129723419788608,0.9691228070175438,1.0,1.0,1.0,1.0,1.0,1.0,1.0,bls_decay,all
150,-0.05,5424,1.3555847815975566,0.97060984570169,1.0,1.0,1.0,1.0,1.0,1.0,1.0,bls_decay,all
200,-0.05,5424,2.0493137010884275,0.9684361549497847,1.0,1.0,1.0,1.0,1.0,1.0,1.0,bls_decay,all
300,-0.05,5420,4.563059524242292,0.9742120343839542,0.9927007299270073,0.8205128205128205,0.9818181818181818,0.99,0.9942528735632183,1.0,1.0,bls_decay,all
400,-0.05,5391,9.328942511691437,0.9529411764705882,0.9642857142857143,0.6666666666666666,0.75,0.9047619047619048,0.9488636363636364,0.9965277777777778,1.0,bls_decay,all
0,-0.05,5424,0.4338885101971737,0.9713286713286713,1.0,1.0,1.0,1.0,1.0,1.0,1.0,ukf_decay,all
25,-0.05,5424,0.5470643007530152,0.9732851985559566,1.0,1.0,1.0,1.0,1.0,1.0,1.0,ukf_decay,all
50,-0.05,5424,0.6770850992051664,0.9675141242937854,1.0,1.0,1.0,1.0,1.0,1.0,1.0,ukf_decay,all
100,-0.05,5424,1.0666056090994211,0.9691228070175438,1.0,1.0,1.0,1.0,1.0,1.0,1.0,ukf_decay,all
150,-0.05,5424,1.6290098484883577,0.9727540500736377,1.0,1.0,1.0,1.0,1.0,1.0,1.0,ukf_decay,all
200,-0.05,5424,2.432871999873551,0.9670250896057347,0.9992592592592593,0.975,1.0,1.0,1.0,1.0,1.0,ukf_decay,all
300,-0.05,5420,5.700798533476419,0.9693513898788311,0.9927007299270073,0.8461538461538461,0.9818181818181818,0.98,0.9942528735632183,1.0,1.0,ukf_decay,all
400,-0.05,5391,12.819097506456304,0.9419970631424376,0.9546130952380952,0.5952380952380952,0.75,0.8690476190476191,0.9261363636363636,0.9861111111111112,1.0,ukf_decay,all
0,-0.05,5440,0.4014245015940235,0.9725738396624473,1.0,1.0,1.0,1.0,1.0,1.0,1.0,baseline,spin_mix
25,-0.05,5440,0.722360761380288,0.9686162624821684,1.0,1.0,1.0,1.0,1.0,1.0,1.0,baseline,spin_mix
50,-0.05,5440,1.1816940448752546,0.9634317862165963,1.0,1.0,1.0,1.0,1.0,1.0,1.0,baseline,spin_mix
100,-0.05,5440,2.36476652045504,0.9647639182522904,0.9970866715222141,0.9696969696969697,0.953125,1.0,1.0,1.0,1.0,baseline,spin_mix
150,-0.05,5440,3.9600111115455756,0.9712230215827338,0.9926470588235294,0.9142857142857143,0.9,0.9880952380952381,1.0,1.0,1.0,baseline,spin_mix
200,-0.05,5440,5.969175304294348,0.9689119170984456,0.9827327327327328,0.84375,0.8181818181818182,0.9113924050632911,0.9941176470588236,1.0,1.0,baseline,spin_mix
300,-0.05,5440,10.680818859105553,0.9691535150645624,0.9595170454545454,0.8529411764705882,0.8,0.7741935483870968,0.921875,0.981651376146789,1.0,baseline,spin_mix
400,-0.05,5417,16.541053407555722,0.9714964370546318,0.8820992092020129,0.42857142857142855,0.559322033898305,0.6847826086956522,0.7857142857142857,0.8815331010452961,0.9914407988587732,baseline,spin_mix
0,-0.05,5440,0.16163727230352895,0.971890372452565,1.0,1.0,1.0,1.0,1.0,1.0,1.0,bls,spin_mix
25,-0.05,5440,0.18435296437293824,0.9658605974395448,1.0,1.0,1.0,1.0,1.0,1.0,1.0,bls,spin_mix
50,-0.05,5440,0.21414257161115074,0.9607293127629734,1.0,1.0,1.0,1.0,1.0,1.0,1.0,bls,spin_mix
100,-0.05,5440,0.2905546362487528,0.964185393258427,1.0,1.0,1.0,1.0,1.0,1.0,1.0,bls,spin_mix
150,-0.05,5440,0.4046842225779085,0.963855421686747,1.0,1.0,1.0,1.0,1.0,1.0,1.0,bls,spin_mix
200,-0.05,5440,0.5966181051322594,0.9680232558139535,1.0,1.0,1.0,1.0,1.0,1.0,1.0,bls,spin_mix
300,-0.05,5440,1.4234683508104422,0.9650445510623715,1.0,1.0,1.0,1.0,1.0,1.0,1.0,bls,spin_mix
400,-0.05,5417,3.0819322717565174,0.9605263157894737,0.9971243709561467,0.9285714285714286,0.9830508474576272,1.0,1.0,1.0,1.0,bls,spin_mix
0,-0.05,5440,0.16709045213412393,0.971890372452565,1.0,1.0,1.0,1.0,1.0,1.0,1.0,bls_bma,spin_mix
25,-0.05,5440,0.19208894938264856,0.9658605974395448,1.0,1.0,1.0,1.0,1.0,1.0,1.0,bls_bma,spin_mix
50,-0.05,5440,0.2286306855662441,0.9607293127629734,1.0,1.0,1.0,1.0,1.0,1.0,1.0,bls_bma,spin_mix
100,-0.05,5440,0.32737764965371585,0.9628330995792427,1.0,1.0,1.0,1.0,1.0,1.0,1.0,bls_bma,spin_mix
150,-0.05,5440,0.4684241960861443,0.9645390070921985,1.0,1.0,1.0,1.0,1.0,1.0,1.0,bls_bma,spin_mix
200,-0.05,5440,0.6966077943817386,0.9687272727272728,1.0,1.0,1.0,1.0,1.0,1.0,1.0,bls_bma,spin_mix
300,-0.05,5440,1.626699387263696,0.9630642954856361,1.0,1.0,1.0,1.0,1.0,1.0,1.0,bls_bma,spin_mix
400,-0.05,5417,3.425426875895074,0.9618585298196949,0.9971243709561467,0.9285714285714286,0.9830508474576272,1.0,1.0,1.0,1.0,bls_bma,spin_mix
0,-0.05,5440,0.1639639132595235,0.971890372452565,1.0,1.0,1.0,1.0,1.0,1.0,1.0,bls_cal,spin_mix
25,-0.05,5440,0.18680461682038282,0.9658605974395448,1.0,1.0,1.0,1.0,1.0,1.0,1.0,bls_cal,spin_mix
50,-0.05,5440,0.21689936046905353,0.9607293127629734,1.0,1.0,1.0,1.0,1.0,1.0,1.0,bls_cal,spin_mix
100,-0.05,5440,0.2938613903639213,0.964185393258427,1.0,1.0,1.0,1.0,1.0,1.0,1.0,bls_cal,spin_mix
150,-0.05,5440,0.408157352290089,0.963855421686747,1.0,1.0,1.0,1.0,1.0,1.0,1.0,bls_cal,spin_mix
200,-0.05,5440,0.5989616104418143,0.9680232558139535,1.0,1.0,1.0,1.0,1.0,1.0,1.0,bls_cal,spin_mix
300,-0.05,5440,1.4284344527095296,0.9643835616438357,1.0,1.0,1.0,1.0,1.0,1.0,1.0,bls_cal,spin_mix
400,-0.05,5417,3.0870826186871403,0.9605263157894737,0.9971243709561467,0.9285714285714286,0.9830508474576272,1.0,1.0,1.0,1.0,bls_cal,spin_mix
0,-0.05,5440,0.21626731694503173,0.971890372452565,1.0,1.0,1.0,1.0,1.0,1.0,1.0,ukf,spin_mix
25,-0.05,5440,0.2636814893308316,0.9658605974395448,1.0,1.0,1.0,1.0,1.0,1.0,1.0,ukf,spin_mix
50,-0.05,5440,0.3262999836224246,0.9600560616678346,1.0,1.0,1.0,1.0,1.0,1.0,1.0,ukf,spin_mix
100,-0.05,5440,0.47677853543701454,0.9628330995792427,1.0,1.0,1.0,1.0,1.0,1.0,1.0,ukf,spin_mix
150,-0.05,5440,0.6504068234256816,0.9645390070921985,1.0,1.0,1.0,1.0,1.0,1.0,1.0,ukf,spin_mix
200,-0.05,5440,0.9202516500870379,0.9680232558139535,1.0,1.0,1.0,1.0,1.0,1.0,1.0,ukf,spin_mix
300,-0.05,5440,1.803974122673422,0.9610921501706484,1.0,1.0,1.0,1.0,1.0,1.0,1.0,ukf,spin_mix
400,-0.05,5417,3.5055276233630464,0.9638386648122392,0.9964054636951833,0.9285714285714286,0.9830508474576272,0.9891304347826086,1.0,1.0,1.0,ukf,spin_mix
0,-0.05,5440,0.21853379489598013,0.971890372452565,1.0,1.0,1.0,1.0,1.0,1.0,1.0,ukf_mm,spin_mix
25,-0.05,5440,0.26759157704978104,0.9658605974395448,1.0,1.0,1.0,1.0,1.0,1.0,1.0,ukf_mm,spin_mix
50,-0.05,5440,0.3329160872663059,0.9600560616678346,1.0,1.0,1.0,1.0,1.0,1.0,1.0,ukf_mm,spin_mix
100,-0.05,5440,0.4936882994594316,0.9628330995792427,1.0,1.0,1.0,1.0,1.0,1.0,1.0,ukf_mm,spin_mix
150,-0.05,5440,0.6843801133162745,0.9645390070921985,1.0,1.0,1.0,1.0,1.0,1.0,1.0,ukf_mm,spin_mix
200,-0.05,5440,0.9835687772983359,0.9680232558139535,1.0,1.0,1.0,1.0,1.0,1.0,1.0,ukf_mm,spin_mix
300,-0.05,5440,1.9771847617381957,0.9617486338797814,1.0,1.0,1.0,1.0,1.0,1.0,1.0,ukf_mm,spin_mix
400,-0.05,5417,3.8813443429361834,0.9638386648122392,0.9964054636951833,0.9285714285714286,0.9830508474576272,0.9891304347826086,1.0,1.0,1.0,ukf_mm,spin_mix
0,-0.05,5440,0.21606115890329827,0.971890372452565,1.0,1.0,1.0,1.0,1.0,1.0,1.0,ukf_cal,spin_mix
25,-0.05,5440,0.2632373190207005,0.9658605974395448,1.0,1.0,1.0,1.0,1.0,1.0,1.0,ukf_cal,spin_mix
50,-0.05,5440,0.3256590063732835,0.9600560616678346,1.0,1.0,1.0,1.0,1.0,1.0,1.0,ukf_cal,spin_mix
100,-0.05,5440,0.47574408731021184,0.9628330995792427,1.0,1.0,1.0,1.0,1.0,1.0,1.0,ukf_cal,spin_mix
150,-0.05,5440,0.6486273080340118,0.9645390070921985,1.0,1.0,1.0,1.0,1.0,1.0,1.0,ukf_cal,spin_mix
200,-0.05,5440,0.9170724187703643,0.9673202614379085,1.0,1.0,1.0,1.0,1.0,1.0,1.0,ukf_cal,spin_mix
300,-0.05,5440,1.8024010370154049,0.9610921501706484,1.0,1.0,1.0,1.0,1.0,1.0,1.0,ukf_cal,spin_mix
400,-0.05,5417,3.5061442826720657,0.9625,0.9964054636951833,0.9285714285714286,0.9830508474576272,0.9891304347826086,1.0,1.0,1.0,ukf_cal,spin_mix
0,-0.05,5440,0.20313057848111177,0.9712078651685393,1.0,1.0,1.0,1.0,1.0,1.0,1.0,bls_decay,spin_mix
25,-0.05,5440,0.24447327558411286,0.9651741293532339,1.0,1.0,1.0,1.0,1.0,1.0,1.0,bls_decay,spin_mix
50,-0.05,5440,0.3018266368581029,0.9593837535014006,1.0,1.0,1.0,1.0,1.0,1.0,1.0,bls_decay,spin_mix
100,-0.05,5440,0.4592671403828409,0.9628330995792427,1.0,1.0,1.0,1.0,1.0,1.0,1.0,bls_decay,spin_mix
150,-0.05,5440,0.6638025107634257,0.9631728045325779,1.0,1.0,1.0,1.0,1.0,1.0,1.0,bls_decay,spin_mix
200,-0.05,5440,0.9934275687294227,0.9701383831026948,1.0,1.0,1.0,1.0,1.0,1.0,1.0,bls_decay,spin_mix
300,-0.05,5440,2.1520219329923957,0.9650205761316872,0.9992897727272727,0.9705882352941176,1.0,1.0,1.0,1.0,1.0,bls_decay,spin_mix
400,-0.05,5417,4.190700608263533,0.9631432545201669,0.99568655643422,0.9047619047619048,0.9661016949152542,1.0,1.0,1.0,1.0,bls_decay,spin_mix
0,-0.05,5440,0.2250084100847408,0.971890372452565,1.0,1.0,1.0,1.0,1.0,1.0,1.0,ukf_decay,spin_mix
25,-0.05,5440,0.2787768637130001,0.9658605974395448,1.0,1.0,1.0,1.0,1.0,1.0,1.0,ukf_decay,spin_mix
50,-0.05,5440,0.3509935879965869,0.9593837535014006,1.0,1.0,1.0,1.0,1.0,1.0,1.0,ukf_decay,spin_mix
100,-0.05,5440,0.5377240990275636,0.9628330995792427,1.0,1.0,1.0,1.0,1.0,1.0,1.0,ukf_decay,spin_mix
150,-0.05,5440,0.7685383205771521,0.963855421686747,1.0,1.0,1.0,1.0,1.0,1.0,1.0,ukf_decay,spin_mix
200,-0.05,5440,1.1315661203692176,0.9687272727272728,1.0,1.0,1.0,1.0,1.0,1.0,1.0,ukf_decay,spin_mix
300,-0.05,5440,2.345883768942901,0.9630390143737166,0.9992897727272727,0.9705882352941176,1.0,1.0,1.0,1.0,1.0,ukf_decay,spin_mix
400,-0.05,5417,4.586562810137294,0.965034965034965,0.9920920201294033,0.8571428571428571,0.9661016949152542,0.967391304347826,1.0,1.0,1.0,ukf_decay,spin_mix
0,-0.05,5340,0.3921994532303662,0.9595290654893304,1.0,1.0,1.0,1.0,1.0,1.0,1.0,baseline,aero
25,-0.05,5340,0.731089104760455,0.9658362989323843,1.0,1.0,1.0,1.0,1.0,1.0,1.0,baseline,aero
50,-0.05,5340,1.1489489595617104,0.961456102783726,1.0,1.0,1.0,1.0,1.0,1.0,1.0,baseline,aero
100,-0.05,5340,2.3454067602021365,0.9731638418079096,1.0,1.0,1.0,1.0,1.0,1.0,1.0,baseline,aero
150,-0.05,5340,3.986444222526348,0.9827067669172932,0.9954303122619954,0.9090909090909091,0.9803921568627451,0.9901960784313726,1.0,1.0,1.0,baseline,aero
200,-0.05,5340,5.8100300986782285,0.9803328290468987,0.9722430607651913,0.8043478260869565,0.74,0.92,0.9583333333333334,1.0,1.0,baseline,aero
300,-0.05,5339,10.55549033185604,0.9708812260536398,0.9385185185185185,0.5348837209302325,0.7543859649122807,0.801980198019802,0.8736263736263736,0.9805194805194806,1.0,baseline,aero
400,-0.05,5317,16.583921142132926,0.9713818479149632,0.8665207877461707,0.5208333333333334,0.6181818181818182,0.6610169491525424,0.7608695652173914,0.8360128617363344,0.9938931297709923,baseline,aero
0,-0.05,5340,0.17015377629499126,0.9581190301249082,1.0,1.0,1.0,1.0,1.0,1.0,1.0,bls,aero
25,-0.05,5340,0.19123363227737386,0.9644633972992182,1.0,1.0,1.0,1.0,1.0,1.0,1.0,bls,aero
50,-0.05,5340,0.22077749033405356,0.9628305932809149,1.0,1.0,1.0,1.0,1.0,1.0,1.0,bls,aero
100,-0.05,5340,0.2947951213302365,0.9683766690091357,1.0,1.0,1.0,1.0,1.0,1.0,1.0,bls,aero
150,-0.05,5340,0.41625358126710477,0.9668630338733432,1.0,1.0,1.0,1.0,1.0,1.0,1.0,bls,aero
200,-0.05,5340,0.5915884880437495,0.9758418740849195,1.0,1.0,1.0,1.0,1.0,1.0,1.0,bls,aero
300,-0.05,5339,1.3386821897512053,0.967741935483871,1.0,1.0,1.0,1.0,1.0,1.0,1.0,bls,aero
400,-0.05,5317,2.8919101021536253,0.9620786516853933,0.9992706053975201,0.9791666666666666,1.0,1.0,1.0,1.0,1.0,bls,aero
0,-0.05,5340,0.1908641763023578,0.9581190301249082,1.0,1.0,1.0,1.0,1.0,1.0,1.0,bls_bma,aero
25,-0.05,5340,0.22011579372963877,0.9644633972992182,1.0,1.0,1.0,1.0,1.0,1.0,1.0,bls_bma,aero
50,-0.05,5340,0.26099602644565373,0.9628305932809149,1.0,1.0,1.0,1.0,1.0,1.0,1.0,bls_bma,aero
100,-0.05,5340,0.3638987832129561,0.9683766690091357,1.0,1.0,1.0,1.0,1.0,1.0,1.0,bls_bma,aero
150,-0.05,5340,0.5262195386707974,0.9668630338733432,1.0,1.0,1.0,1.0,1.0,1.0,1.0,bls_bma,aero
200,-0.05,5340,0.7719518923015565,0.9751280175566935,1.0,1.0,1.0,1.0,1.0,1.0,1.0,bls_bma,aero
300,-0.05,5339,1.7115375321928152,0.9684361549497847,1.0,1.0,1.0,1.0,1.0,1.0,1.0,bls_bma,aero
400,-0.05,5317,3.478162744135036,0.9593837535014006,0.9992706053975201,0.9791666666666666,1.0,1.0,1.0,1.0,1.0,bls_bma,aero
0,-0.05,5340,0.18266703513750135,0.9602356406480118,1.0,1.0,1.0,1.0,1.0,1.0,1.0,bls_cal,aero
25,-0.05,5340,0.210208031519139,0.9658362989323843,1.0,1.0,1.0,1.0,1.0,1.0,1.0,bls_cal,aero
50,-0.05,5340,0.24739512046855322,0.9642090193271295,1.0,1.0,1.0,1.0,1.0,1.0,1.0,bls_cal,aero
100,-0.05,5340,0.3316139457634593,0.9690576652601969,1.0,1.0,1.0,1.0,1.0,1.0,1.0,bls_cal,aero
150,-0.05,5340,0.4544346908129832,0.9675755342667649,1.0,1.0,1.0,1.0,1.0,1.0,1.0,bls_cal,aero
200,-0.05,5340,0.6263552712053666,0.9765567765567765,1.0,1.0,1.0,1.0,1.0,1.0,1.0,bls_cal,aero
300,-0.05,5339,1.3409894468205346,0.9684361549497847,1.0,1.0,1.0,1.0,1.0,1.0,1.0,bls_cal,aero
400,-0.05,5317,2.8062150029838557,0.9627547434996486,0.9992706053975201,0.9791666666666666,1.0,1.0,1.0,1.0,1.0,bls_cal,aero
0,-0.05,5340,0.21388389091622756,0.9588235294117647,1.0,1.0,1.0,1.0,1.0,1.0,1.0,ukf,aero
25,-0.05,5340,0.257972863301433,0.9658362989323843,1.0,1.0,1.0,1.0,1.0,1.0,1.0,ukf,aero
50,-0.05,5340,0.3157110789408031,0.961456102783726,1.0,1.0,1.0,1.0,1.0,1.0,1.0,ukf,aero
100,-0.05,5340,0.449204725107747,0.9690576652601969,1.0,1.0,1.0,1.0,1.0,1.0,1.0,ukf,aero
150,-0.05,5340,0.6345402040495933,0.9661515820456218,1.0,1.0,1.0,1.0,1.0,1.0,1.0,ukf,aero
200,-0.05,5340,0.8549586672638217,0.9751280175566935,1.0,1.0,1.0,1.0,1.0,1.0,1.0,ukf,aero
300,-0.05,5339,1.6435529608232067,0.9712230215827338,1.0,1.0,1.0,1.0,1.0,1.0,1.0,ukf,aero
400,-0.05,5317,3.2303298036364216,0.961376404494382,0.9985412107950401,0.9583333333333334,1.0,1.0,1.0,1.0,1.0,ukf,aero
0,-0.05,5340,0.21731372479181252,0.9588235294117647,1.0,1.0,1.0,1.0,1.0,1.0,1.0,ukf_mm,aero
25,-0.05,5340,0.26408272218516965,0.9658362989323843,1.0,1.0,1.0,1.0,1.0,1.0,1.0,ukf_mm,aero
50,-0.05,5340,0.3254573997774233,0.961456102783726,1.0,1.0,1.0,1.0,1.0,1.0,1.0,ukf_mm,aero
100,-0.05,5340,0.47233593175897176,0.9690576652601969,1.0,1.0,1.0,1.0,1.0,1.0,1.0,ukf_mm,aero
150,-0.05,5340,0.6825698023559889,0.9661515820456218,1.0,1.0,1.0,1.0,1.0,1.0,1.0,ukf_mm,aero
200,-0.05,5340,0.9475565646785424,0.9751280175566935,1.0,1.0,1.0,1.0,1.0,1.0,1.0,ukf_mm,aero
300,-0.05,5339,1.9271559813263544,0.9691091954022989,0.9992592592592593,1.0,0.9824561403508771,1.0,1.0,1.0,1.0,ukf_mm,aero
400,-0.05,5317,3.816056112822196,0.9627285513361463,0.9985412107950401,0.9583333333333334,1.0,1.0,1.0,1.0,1.0,ukf_mm,aero
0,-0.05,5340,0.21763649694969658,0.9595290654893304,1.0,1.0,1.0,1.0,1.0,1.0,1.0,ukf_cal,aero
25,-0.05,5340,0.2678559657649996,0.9665242165242165,1.0,1.0,1.0,1.0,1.0,1.0,1.0,ukf_cal,aero
50,-0.05,5340,0.33194401746420105,0.9621428571428572,1.0,1.0,1.0,1.0,1.0,1.0,1.0,ukf_cal,aero
100,-0.05,5340,0.47982726230220724,0.9704225352112676,1.0,1.0,1.0,1.0,1.0,1.0,1.0,ukf_cal,aero
150,-0.05,5340,0.677215618215073,0.9661515820456218,1.0,1.0,1.0,1.0,1.0,1.0,1.0,ukf_cal,aero
200,-0.05,5340,0.9027869097472594,0.9765567765567765,1.0,1.0,1.0,1.0,1.0,1.0,1.0,ukf_cal,aero
300,-0.05,5339,1.7001848810577953,0.9733237202595529,1.0,1.0,1.0,1.0,1.0,1.0,1.0,ukf_cal,aero
400,-0.05,5317,3.22576969264498,0.9634060520760028,0.9985412107950401,0.9583333333333334,1.0,1.0,1.0,1.0,1.0,ukf_cal,aero
0,-0.05,5340,0.24423975750095106,0.9574155653450808,1.0,1.0,1.0,1.0,1.0,1.0,1.0,bls_decay,aero
25,-0.05,5340,0.29325257952566697,0.9637784090909091,1.0,1.0,1.0,1.0,1.0,1.0,1.0,bls_decay,aero
50,-0.05,5340,0.35842749346024266,0.961456102783726,1.0,1.0,1.0,1.0,1.0,1.0,1.0,bls_decay,aero
100,-0.05,5340,0.5245337884396477,0.9670175438596491,1.0,1.0,1.0,1.0,1.0,1.0,1.0,bls_decay,aero
150,-0.05,5340,0.7767019019726663,0.9661515820456218,1.0,1.0,1.0,1.0,1.0,1.0,1.0,bls_decay,aero
200,-0.05,5340,1.1286793206529873,0.9751280175566935,1.0,1.0,1.0,1.0,1.0,1.0,1.0,bls_decay,aero
300,-0.05,5339,2.3957781924627275,0.9691091954022989,0.9992592592592593,1.0,0.9824561403508771,1.0,1.0,1.0,1.0,bls_decay,aero
400,-0.05,5317,4.547821959373427,0.9578947368421052,0.9956236323851203,0.8958333333333334,0.9818181818181818,1.0,1.0,1.0,1.0,bls_decay,aero
0,-0.05,5340,0.22733724617184986,0.9588235294117647,1.0,1.0,1.0,1.0,1.0,1.0,1.0,ukf_decay,aero
25,-0.05,5340,0.28158465860666454,0.965149359886202,1.0,1.0,1.0,1.0,1.0,1.0,1.0,ukf_decay,aero
50,-0.05,5340,0.35285486946071115,0.961456102783726,1.0,1.0,1.0,1.0,1.0,1.0,1.0,ukf_decay,aero
100,-0.05,5340,0.5342369357533915,0.9683766690091357,1.0,1.0,1.0,1.0,1.0,1.0,1.0,ukf_decay,aero
150,-0.05,5340,0.803474242946792,0.9661515820456218,1.0,1.0,1.0,1.0,1.0,1.0,1.0,ukf_decay,aero
200,-0.05,5340,1.1612880855541279,0.9744152046783626,1.0,1.0,1.0,1.0,1.0,1.0,1.0,ukf_decay,aero
300,-0.05,5339,2.4847063056633933,0.968413496051687,0.9992592592592593,1.0,0.9824561403508771,1.0,1.0,1.0,1.0,ukf_decay,aero
400,-0.05,5317,4.875189112991906,0.9619450317124736,0.9956236323851203,0.8958333333333334,0.9818181818181818,1.0,1.0,1.0,1.0,ukf_decay,aero
