method,lead_ms,kind,n,rmse_cm,rpm_err_med_abs,rpm_err_bias,rpm_err_sd,rpm_err_rel_med_pct,axis_err_med_deg,axis_err_p95_deg,spinvec_err_med_rpm
baseline,100,flat,1370,2.6408363400856194,330.97027578200095,361.98311258202597,437.1052409002277,45.26496682836704,11.836343537853972,43.19834967920799,471.08561993443
baseline,100,slice,917,2.2385531150630027,358.21514173455216,32.88059321117615,594.178282701138,31.18838433697515,13.187872167940627,50.98880509316308,611.2679554371523
baseline,100,topspin,3153,2.4999892326103073,724.3799908860306,897.5775751262561,1001.3801244622143,33.92271793243362,5.562586691006553,17.46560594057537,956.8189607552101
baseline,200,flat,1370,6.809930478511833,331.2782857365148,355.8954892990534,413.01582284111606,47.600479833148384,11.770418663421237,43.14289707251254,458.38090769191706
baseline,200,slice,917,5.687980194982805,321.8553319696575,50.184085187189346,566.8549652052054,27.691248158038118,13.590497117736437,45.852955550439724,587.732028306011
baseline,200,topspin,3153,6.507617159392313,785.1878571345244,979.669939354708,2432.5805822774287,35.666139998347326,5.125658585578479,16.719337071921736,999.1364143720996
baseline,300,flat,1370,12.340673290146727,325.32374193946146,350.57353889159316,384.42713569537716,45.97501079227701,10.851283036091576,42.03249041285341,442.66013853100253
baseline,300,slice,917,10.178783710527393,293.4530210283442,42.14131824261631,524.7817033017961,25.8896905161737,11.983059047461456,47.46963213221033,558.5516285875716
baseline,300,topspin,3153,11.853629366482437,765.4839059165113,903.407081929485,871.47828558285,35.5924671301276,4.759084807087466,15.845366511329646,956.6801506725485
bls,100,flat,1370,0.3012948772837604,4.567998123836105,0.7162257868691344,8.696161346524113,0.6521483298706973,1.0952630329107627,3.9237955277100007,63.398898152885025
bls,100,slice,917,0.23699050835905314,6.139101490723419,-0.31729332631303536,15.055444987418294,0.5231038051407746,0.6209177715021122,2.5740834984066296,77.86394765382163
bls,100,topspin,3153,0.3002369246489695,7.210008260315135,0.7450324548103454,14.38901812923294,0.321940099274403,0.5211838107588845,1.8805058209649999,93.48581214364388
bls,200,flat,1370,0.5768402597555558,5.943478476957068,0.8109434272399214,11.978764672885442,0.840609290826353,1.4207014150616182,5.1990674600586315,99.88836116763599
bls,200,slice,917,0.43212999142647573,7.826304649580607,0.34232708479513047,21.121636929795113,0.6541805041520514,0.7977880600677781,3.101592658099861,114.07848232234461
bls,200,topspin,3153,0.6450333992938105,9.541527369093728,1.3073855506108172,20.35143455949816,0.44519047729272737,0.719119439496631,2.610380322436581,150.77294750352712
bls,300,flat,1370,1.2805641847532603,7.998178886540757,1.5912747757497265,18.03521037922282,1.0988469623035158,1.9858575350235879,8.410072921653235,167.6893589007442
bls,300,slice,917,0.8287794796756167,9.771831239167113,0.0854909223254417,25.71184484091148,0.8501366248975499,1.0096405748957755,4.218278484956973,170.05547455321653
bls,300,topspin,3153,1.6082553340631536,14.20505044028937,2.336024890925715,35.03136637141355,0.6485628283004373,1.0580348111000601,4.007028222958162,262.26742216707584
bls_bma,100,flat,1370,0.35593318883905695,6.5499134767754015,0.11582024130024188,14.073188318358632,0.9644151345682752,1.082139862253074,3.9738229102893228,64.89609955403935
bls_bma,100,slice,917,0.26450783320115895,7.916858224341695,-0.15600865161622415,18.268362957318978,0.660929540632509,0.626746888784041,2.540021691146581,81.3146878625206
bls_bma,100,topspin,3153,0.3309909269937938,10.542414572675625,-0.13606660193845596,26.74020722048183,0.48946991526092937,0.5218155385262464,1.8750784621062693,97.53164503835731
bls_bma,200,flat,1370,0.7338407136236451,8.831551351851942,-0.12056092900659157,18.147542768576283,1.2468635954885863,1.4188160695704695,5.247834001057851,100.13999710714123
bls_bma,200,slice,917,0.5132958888315388,10.886467645905668,0.23026124517968777,26.873756977071128,0.9065979290406737,0.8201124237899561,3.136269688461496,114.43339979535524
bls_bma,200,topspin,3153,0.7257558693825344,15.998190539113466,0.4923979021608061,36.753227865905906,0.7513036169236222,0.7260505573468822,2.6214756312442473,155.86269973546518
bls_bma,300,flat,1370,1.5276455932820616,12.292119104460369,0.01722409396726164,23.189123363027264,1.7507386201539896,1.9863874450047598,8.513023060868408,168.77899957757236
bls_bma,300,slice,917,0.9857409134684194,13.634422382472394,-0.35218673329288624,32.27490129272588,1.1517749698924573,1.013775518056886,4.32446159207688,171.71736247897746
bls_bma,300,topspin,3153,1.808016840691185,24.00954507070719,1.6670779679140753,51.068860715290384,1.1133046236970736,1.0607022548002276,4.003184823287079,263.72388754553896
bls_cal,100,flat,1370,0.30141564725700404,7.643121771698958,6.898642074269581,9.094388140239326,1.0658800676907028,1.0986584985590628,3.953049279368856,64.55753602833273
bls_cal,100,slice,917,0.2628982152360728,13.536156518353437,13.159413675795959,16.015117158705564,1.1468576778150572,0.6435945216911335,2.5691620485785123,79.55734253603607
bls_cal,100,topspin,3153,0.30260480276029345,22.693472560158398,24.555873970517233,17.693094824975077,1.0582949989809267,0.519888587126124,1.8689976592966107,98.5238513133509
bls_cal,200,flat,1370,0.5753002720436278,7.938792790507705,6.235120852657145,12.298066194533378,1.1130645574319353,1.4479784700563965,5.281864137715939,101.56007986883017
bls_cal,200,slice,917,0.4610182923918421,13.980373071519125,13.360908178657159,21.611889770814184,1.1551162969018325,0.8207350535089063,3.1099465515916966,116.61592880402634
bls_cal,200,topspin,3153,0.6466164959151638,21.415185473329075,22.792762697380716,22.846644646681035,0.9841519228959774,0.7273264772300755,2.5523956128519014,153.8806877891252
bls_cal,300,flat,1370,1.2844667694564986,9.37426972757413,6.269615121961544,18.22715473474473,1.297804715026988,1.9979910436460844,8.422889543204036,167.1725276918822
bls_cal,300,slice,917,0.8613142949121787,15.840257377741409,12.629562632013478,26.165625558463507,1.2509855220342845,1.0258538860137147,4.274903641546387,171.6735032602108
bls_cal,300,topspin,3153,1.6109502880181137,22.818694928748755,21.495238320722386,36.41406176118019,1.0294196457403788,1.0551098413660065,3.9701528615414348,264.87734396218656
bls_decay,100,flat,1370,0.4869064371731379,14.388467574245311,0.4009219754107372,24.00102177483346,2.068977317209264,1.1230847528758598,3.977692210628764,70.56328639478305
bls_decay,100,slice,917,0.3796449579091884,16.248170600220647,0.9168954298028641,28.56269551264896,1.4819403952949384,0.6721391189094957,2.6933774585104295,90.6564157297113
bls_decay,100,topspin,3153,0.4679650099356453,31.0087561064247,-0.11090470997640584,53.23870526000682,1.4095704912590747,0.5411465080071626,1.8937018629689504,111.835801139711
bls_decay,200,flat,1370,1.0356834345199504,17.777687191760776,0.3177980013994025,28.84948206804387,2.5860697677188944,1.4151360448848873,5.2932954760166275,103.68677111566038
bls_decay,200,slice,917,0.7518717051552243,22.75326168709671,1.3954081880480629,37.57525737500845,1.838375795749385,0.8592059570116707,3.2857670590822874,125.11449399377192
bls_decay,200,topspin,3153,1.0355833305961095,39.80283397867629,1.8710950843196406,67.04627844004371,1.8518135731660632,0.7321201392635217,2.651449127726564,169.4348539823678
bls_decay,300,flat,1370,2.0248494412280484,20.940175632109572,-0.07101593477362744,32.714387544303165,2.946246530617485,2.0112623090753656,8.512265110166613,173.98456186629534
bls_decay,300,slice,917,1.424362059833843,25.243305581702998,0.46923162863890383,44.25676260055005,2.1005043586037284,1.0899497450390443,4.335136805124805,186.73105522436342
bls_decay,300,topspin,3153,2.3704236752412404,47.500636767178094,3.7031541331859006,80.43876048998254,2.1876158633013287,1.0702190966200187,4.04156459731946,276.9670824432902
ukf,100,flat,1370,0.5647569713908872,19.982167353245302,3.2728135052676985,29.180677075113802,2.752747642338624,1.9562771184985683,7.308239830547599,106.38382657928055
ukf,100,slice,917,0.430353604107994,22.024699412282416,3.557988295625748,34.43737340416193,1.9222221439120835,1.2312383263841562,4.147450978700528,130.05811773838664
ukf,100,topspin,3153,0.44693512465149904,22.22818322091871,2.167432649384708,33.56185220575623,0.978913721399792,0.7787240606826964,2.485505927584377,125.05548629068302
ukf,200,flat,1370,1.100334632413196,20.771032274111974,4.3302132042093335,29.931295761034104,2.831908471905794,2.118496431647465,7.6767130652291025,131.47520264331303
ukf,200,slice,917,0.8161307372272535,24.354598564833623,5.294072889288832,37.61760282114072,2.022174647914289,1.2944156720255497,4.988497827551371,163.50848662619416
ukf,200,topspin,3153,0.8616816213679726,22.78014348722354,4.896956667762353,35.71952862651446,1.0211446364721772,0.915521345252259,3.0063486725330297,174.75677480525053
ukf,300,flat,1370,2.0029997931561616,20.978123777155645,4.579485780481797,32.532584700941115,2.929125828077128,2.635102029872831,9.497236209771081,194.56945066712325
ukf,300,slice,917,1.3505788349751748,24.496634835979194,3.760839974876868,41.830914692333714,2.136251137772745,1.3569054630807293,5.250615221537807,199.18245469374602
ukf,300,topspin,3153,1.8280041418829756,24.944655939163567,6.381785753462177,43.67362859648391,1.1119338953271285,1.1802562594643993,4.17221412605892,280.46760934370906
ukf_cal,100,flat,1370,0.5633951844936737,21.59032745787863,11.12740012708366,29.25333251537219,2.962840945787505,1.982326421577027,7.165977211288957,107.48077750814119
ukf_cal,100,slice,917,0.4308262348519845,23.486952695662694,12.239179769876545,35.206571245487794,1.9627231077709628,1.2365687989496381,4.153398722190815,132.09841843015437
ukf_cal,100,topspin,3153,0.44604195228722804,31.346800493430237,28.278071540141518,35.445992559921955,1.4262133833575905,0.770787201601922,2.507658826147247,130.71085807805113
ukf_cal,200,flat,1370,1.0951190048345325,21.692506705868766,10.97432378322539,30.076155078150094,3.0430770021771987,2.134284708072192,7.713266370490606,131.71031664687007
ukf_cal,200,slice,917,0.8147195296044499,26.761265230585536,14.70362088078237,37.973013750946066,2.271942291333401,1.3299858150659345,5.09549465731723,163.82060951661924
ukf_cal,200,topspin,3153,0.8585231720059551,31.13294357890709,27.830631848937614,37.65653156382579,1.3986941515592421,0.9082761153541765,2.9960646842488825,178.13626873709302
ukf_cal,300,flat,1370,2.003002728264476,22.36266702083185,10.06990537092019,32.66833225015689,3.0471123820097716,2.620167456525427,9.40916794549034,195.5650952904715
ukf_cal,300,slice,917,1.3524850175349683,26.449855205996982,13.777485411596768,42.248809043087554,2.3011533793892847,1.3784704048997114,5.14174288621687,204.2809371141085
ukf_cal,300,topspin,3153,1.825965073428338,31.91572384583651,26.311807393638485,45.069201383233576,1.4520248317292193,1.1602292649787294,4.189919685603491,283.0980040825486
ukf_decay,100,flat,1370,0.6064638462252422,22.844872424747734,1.9066522694005898,34.56746303248664,3.2160082199891984,1.9807556929838064,7.422010273917702,109.85842323958013
ukf_decay,100,slice,917,0.4695900192290105,25.912013937656866,2.5672279936164357,40.926333267435226,2.2687182089341635,1.2755668442847408,4.192567380232382,143.5629823965179
ukf_decay,100,topspin,3153,0.5244700060439809,36.926486987807266,0.2445417827047423,60.631525409711855,1.658730977797497,0.7852800860602032,2.5526195730144403,141.15209684215455
ukf_decay,200,flat,1370,1.238759375813676,24.961542119125,3.5893547114523026,36.49348280379248,3.444721548784298,2.0908450590875227,7.711224097672456,134.87663540139394
ukf_decay,200,slice,917,0.9407101974261718,29.773301395693352,4.943824742731899,46.39368423463394,2.571107066839735,1.340785911517693,4.913313683700724,168.64091895302326
ukf_decay,200,topspin,3153,1.1339226023399682,43.59435339205652,7.846921804533832,74.43112057844921,2.005377296271983,0.9010999404893638,2.9638491717263014,187.14966700265737
ukf_decay,300,flat,1370,2.388541898428275,26.918413723195528,4.399030902839258,40.52986121102345,3.707985504336549,2.690994244456205,9.468719579059023,199.44951811656935
ukf_decay,300,slice,917,1.6655685639883522,31.959301738242402,4.497586576511067,52.91624113962307,2.734304872086694,1.4326164135760715,5.290588978812034,207.24474623531984
ukf_decay,300,topspin,3153,2.492367534589475,51.42091618730046,14.677003810326228,86.56851889711007,2.4133347034796597,1.1850817645729979,4.1976853373547085,293.68599241949113
ukf_mm,100,flat,1370,0.5806155499171536,21.09506097032383,2.7460568939765357,31.210406758625084,2.9294708484790495,1.971969451983084,7.3233486296615045,107.78811128762527
ukf_mm,100,slice,917,0.44243184412346637,23.577026636265373,3.2225437735793916,36.40781946053804,2.020292396425488,1.2330677313812046,4.150289686398949,132.16362690066984
ukf_mm,100,topspin,3153,0.4659548940463765,26.290232631791696,2.010496444135614,41.266340257289485,1.1606460542380395,0.7815227158878053,2.5067252232100836,127.43346665229123
ukf_mm,200,flat,1370,1.1554763434058293,22.446204805542095,4.054964265029087,32.54716098724178,3.087140456975389,2.1121755903020496,7.7231934465180325,131.7036668092506
ukf_mm,200,slice,917,0.8574545784668536,26.452872743269154,5.212186557922587,40.61593088293075,2.1839229722607123,1.3219883063158457,4.965435328217903,159.2934332184105
ukf_mm,200,topspin,3153,0.9360801789338081,28.69954170309211,6.504397167609942,49.02941632757479,1.3167341280043054,0.9034452664435183,2.9921100483517082,175.7370836900465
ukf_mm,300,flat,1370,2.162605770336953,23.094801665456657,4.554459306428769,35.87783656737112,3.2501079360347593,2.676883725403295,9.496665377943053,194.85578548857424
ukf_mm,300,slice,917,1.4599314322354997,26.653180157098404,4.103035904970214,46.045913684067024,2.413183786358471,1.374462492478568,5.259837828026606,200.33282660643098
ukf_mm,300,topspin,3153,2.023450918405231,34.27844535791837,10.310077328793584,58.89222773428761,1.5404637401888042,1.1763251820912894,4.197594386270935,283.0458652727264
