src,via,slug,level,rt,n,T_ms,src_vs_T_s,winner_ok,t_book,lead_s,lead_first_s,D
pm_sports,,wta-zhen-kalinsk-2026-10-01,game,1791022073378,147,1791022045000.0,28.378,True,1791022043072.0,-30.306,-33.157,0.030000000000000027
pm_sports,,wta-zhen-kalinsk-2026-10-01,game,1791022262639,152,1791022227000.0,35.639,True,1791022233073.0,-29.566,-29.566,0.010000000000000009
pm_sports,,wta-zhen-kalinsk-2026-10-01,game,1791022473365,156,1791022445000.0,28.365,True,,,,
pm_sports,,wta-jovic-dart-2026-10-02,game,1791022581490,108,1791022539000.0,42.49,True,1791022537423.0,-44.067,-51.13,0.04999999999999993
pm_sports,,wta-jovic-dart-2026-10-02,game,1791022790616,113,1791022753000.0,37.616,True,1791022752073.0,-38.543,-38.543,0.020000000000000018
pm_sports,,wta-zhen-kalinsk-2026-10-01,game,1791022790620,161,1791022747000.0,43.62,True,1791022746100.0,-44.52,-50.851,0.04999999999999993
pm_sports,,wta-su-bucsa-2026-10-02,game,1791022946931,6,1791022922000.0,24.931,True,1791022920071.0,-26.86,-27.832,0.02999999999999997
pm_sports,,wta-jovic-dart-2026-10-02,game,1791023093136,118,1791023065000.0,28.136,True,1791023063097.0,-30.039,-30.065,0.020000000000000018
pm_sports,,wta-su-bucsa-2026-10-02,game,1791023217327,12,1791023187000.0,30.327,True,1791023185332.0,-31.995,-40.083,0.05499999999999994
pm_sports,,wta-jovic-dart-2026-10-02,game,1791023271699,123,1791023264000.0,7.699,True,1791023256927.0,-14.772,-16.561,0.020000000000000018
pm_sports,,wta-zhen-kalinsk-2026-10-01,game,1791023303890,165,1791023284000.0,19.89,True,1791023277082.0,-26.808,-26.808,0.0050000000000000044
pm_sports,,wta-zhen-kalinsk-2026-10-01,game,1791023454739,170,1791023437000.0,17.739,True,1791023431081.0,-23.658,-23.658,0.030000000000000027
pm_sports,,wta-su-bucsa-2026-10-02,game,1791023519476,20,1791023505000.0,14.476,True,1791023502279.0,-17.197,-19.111,0.06
pm_sports,,wta-jovic-dart-2026-10-02,game,1791023643527,129,1791023596000.0,47.527,True,1791023593531.0,-49.996,-53.2,0.040000000000000036
pm_sports,,wta-su-bucsa-2026-10-02,game,1791023805127,24,1791023772000.0,33.127,True,1791023771453.0,-33.674,-33.707,0.019999999999999962
pm_sports,,wta-su-bucsa-2026-10-02,game,1791023983592,30,1791023950000.0,33.592,True,1791023947958.0,-35.634,-35.722,0.034999999999999976
pm_sports,,wta-jovic-dart-2026-10-02,game,1791024047826,135,1791024029000.0,18.826,True,1791024027553.0,-20.273,-20.481,0.020000000000000018
pm_sports,,wta-su-bucsa-2026-10-02,game,1791024328726,36,1791024295000.0,33.726,True,1791024293092.0,-35.634,-36.187,0.025000000000000022
pm_sports,,wta-jovic-dart-2026-10-02,game,1791024414885,143,1791024395000.0,19.885,True,1791024391069.0,-23.816,-23.816,0.030000000000000027
pm_sports,,wta-su-bucsa-2026-10-02,game,1791024665129,46,1791024634000.0,31.129,True,1791024632067.0,-33.062,-38.038,0.02999999999999997
pm_sports,,wta-su-bucsa-2026-10-02,game,1791024851946,50,1791024827000.0,24.946,True,1791024825670.0,-26.276,-26.276,0.009999999999999953
pm_sports,,wta-jovic-dart-2026-10-02,game,1791024884525,151,1791024846000.0,38.525,True,1791024842632.0,-41.893,-41.899,0.020000000000000018
pm_sports,,wta-su-bucsa-2026-10-02,game,1791025004103,55,1791024988000.0,16.103,True,1791024987932.0,-16.171,-18.469,0.030000000000000027
pm_sports,,wta-jovic-dart-2026-10-02,game,1791025263137,159,1791025228000.0,35.137,True,1791025228074.0,-35.063,-36.056,0.030000000000000027
pm_sports,,wta-su-bucsa-2026-10-02,game,1791025284891,60,1791025268000.0,16.891,True,1791025267086.0,-17.805,-26.204,0.04999999999999993
pm_sports,,wta-su-bucsa-2026-10-02,game,1791025533286,64,1791025516000.0,17.286,True,1791025514164.0,-19.122,-20.213,0.02999999999999997
pm_sports,,wta-su-bucsa-2026-10-02,game,1791025717387,68,1791025674000.0,43.387,True,1791025672882.0,-44.505,-44.571,0.020000000000000018
wta,wta_list,wta-su-bucsa-2026-10-02,game,1791025734197,68,1791025674000.0,60.197,True,1791025672882.0,-61.315,-61.381,0.020000000000000018
espn,,wta-jovic-dart-2026-10-02,game,1791025758171,169,1791025738000.0,20.171,True,1791025735354.0,-22.817,-23.705,0.10000000000000009
pm_sports,,wta-jovic-dart-2026-10-02,game,1791025770879,169,1791025738000.0,32.879,True,1791025735354.0,-35.525,-36.413,0.10000000000000009
wta,wta_score,wta-jovic-dart-2026-10-02,game,1791025774142,169,1791025738000.0,36.142,True,1791025735354.0,-38.788,-39.676,0.10000000000000009
espn,,wta-su-bucsa-2026-10-02,game,1791025830211,73,1791025804000.0,26.211,True,1791025801140.0,-29.071,-29.129,0.019999999999999962
pm_sports,,wta-su-bucsa-2026-10-02,game,1791025835323,73,1791025804000.0,31.323,True,1791025801140.0,-34.183,-34.241,0.019999999999999962
wta,wta_score,wta-su-bucsa-2026-10-02,point,1791025838153,72,1791025785000.0,53.153,True,1791025783471.0,-54.682,-54.682,0.010000000000000009
wta,wta_list,wta-su-bucsa-2026-10-02,game,1791025854219,73,1791025804000.0,50.219,True,1791025801140.0,-53.079,-53.137,0.019999999999999962
wta,wta_list,wta-jovic-dart-2026-10-02,point,1791025854219,170,1791025807000.0,47.219,True,1791025806117.0,-48.102,-56.374,0.06999999999999995
wta,wta_score,wta-jovic-dart-2026-10-02,point,1791025934163,171,1791025871000.0,63.163,True,1791025869178.0,-64.985,-65.09,0.04499999999999993
wta,wta_score,wta-jovic-dart-2026-10-02,point,1791025966170,172,1791025912000.0,54.17,True,1791025910069.0,-56.101,-56.111,0.07000000000000006
wta,wta_list,wta-jovic-dart-2026-10-02,point,1791026044501,174,1791025998000.0,46.501,True,1791026015469.0,-29.032,-29.032,0.039999999999999925
wta,wta_list,wta-su-bucsa-2026-10-02,point,1791026044501,77,1791026013000.0,31.501,True,1791026015429.0,-29.072,-29.141,0.09000000000000002
wta,wta_score,wta-su-bucsa-2026-10-02,game,1791026082298,78,1791026055000.0,27.298,True,1791026052887.0,-29.411,-36.151,0.04999999999999993
espn,,wta-su-bucsa-2026-10-02,game,1791026082312,78,1791026055000.0,27.312,True,1791026052887.0,-29.425,-36.165,0.04999999999999993
espn,,wta-jovic-dart-2026-10-02,game,1791026102359,175,1791026074000.0,28.359,True,1791026071074.0,-31.285,-31.329,0.07000000000000006
wta,wta_list,wta-jovic-dart-2026-10-02,game,1791026104556,175,1791026074000.0,30.556,True,1791026071074.0,-33.482,-33.526,0.07000000000000006
wta,wta_list,wta-jovic-dart-2026-10-02,point,1791026254561,176,1791026200000.0,54.561,True,1791026198720.0,-55.841,-56.495,0.06000000000000005
wta,wta_score,wta-su-bucsa-2026-10-02,point,1791026274315,82,1791026229000.0,45.315,True,1791026227100.0,-47.215,-47.215,0.06000000000000005
wta,wta_list,wta-jovic-dart-2026-10-02,point,1791026284568,177,1791026241000.0,43.568,True,1791026238487.0,-46.081,-51.504,0.040000000000000036
wta,wta_list,wta-su-bucsa-2026-10-02,point,1791026314585,83,1791026257000.0,57.585,True,1791026256065.0,-58.52,-59.128,0.050000000000000044
wta,wta_list,wta-jovic-dart-2026-10-02,point,1791026344579,178,1791026284000.0,60.579,True,1791026283067.0,-61.512,-62.579,0.03500000000000003
wta,wta_score,wta-jovic-dart-2026-10-02,point,1791026354337,179,1791026319000.0,35.337,True,1791026314826.0,-39.511,-39.759,0.030000000000000027
wta,wta_list,wta-jovic-dart-2026-10-02,point,1791026404609,180,1791026360000.0,44.609,True,1791026359096.0,-45.513,-45.543,0.020000000000000018
espn,,wta-jovic-dart-2026-10-02,game,1791026436418,181,1791026411000.0,25.418,True,1791026406308.0,-30.11,-30.212,0.03499999999999992
wta,wta_score,wta-jovic-dart-2026-10-02,game,1791026450447,181,1791026411000.0,39.447,True,1791026406308.0,-44.139,-44.241,0.03499999999999992
espn,,wta-su-bucsa-2026-10-02,game,1791026516435,88,1791026484000.0,32.435,True,1791026482083.0,-34.352,-34.369,0.040000000000000036
wta,wta_score,wta-su-bucsa-2026-10-02,game,1791026530369,88,1791026484000.0,46.369,True,1791026482083.0,-48.286,-48.303,0.040000000000000036
wta,wta_score,wta-jovic-dart-2026-10-02,point,1791026546375,182,1791026473000.0,73.375,True,,,,
wta,wta_list,wta-jovic-dart-2026-10-02,point,1791026554669,183,1791026502000.0,52.669,True,1791026497643.0,-57.026,-57.079,0.019999999999999907
wta,wta_score,wta-jovic-dart-2026-10-02,point,1791026578434,184,1791026538000.0,40.434,True,1791026538068.0,-40.366,-40.367,0.019999999999999907
wta,wta_list,wta-jovic-dart-2026-10-02,point,1791026614905,185,1791026567000.0,47.905,True,1791026564970.0,-49.935,-50.001,0.020000000000000018
wta,wta_score,wta-su-bucsa-2026-10-02,point,1791026624778,89,1791026603000.0,21.778,True,1791026601142.0,-23.636,-23.703,0.040000000000000036
wta,wta_score,wta-jovic-dart-2026-10-02,point,1791026640776,186,1791026599000.0,41.776,True,1791026598212.0,-42.564,-42.564,0.010000000000000009
wta,wta_list,wta-jovic-dart-2026-10-02,point,1791026704853,187,1791026668000.0,36.853,True,1791026661722.0,-43.131,-43.193,0.019999999999999907
wta,wta_list,wta-su-bucsa-2026-10-02,point,1791026704853,90,1791026640000.0,64.853,True,1791026639345.0,-65.508,-74.275,0.04500000000000004
wta,wta_list,wta-jovic-dart-2026-10-02,point,1791026764853,188,1791026705000.0,59.853,True,1791026703071.0,-61.782,-61.782,0.020000000000000018
wta,wta_list,wta-su-bucsa-2026-10-02,point,1791026794857,91,1791026733000.0,61.857,True,1791026731701.0,-63.156,-71.7,0.039999999999999925
wta,wta_list,wta-su-bucsa-2026-10-02,game,1791026824841,93,1791026803000.0,21.841,True,1791026802307.0,-22.534,-22.549,0.020000000000000018
pm_sports,,wta-su-bucsa-2026-10-02,game,1791026828846,93,1791026803000.0,25.846,True,1791026802307.0,-26.539,-26.554,0.020000000000000018
espn,,wta-su-bucsa-2026-10-02,game,1791026830865,93,1791026803000.0,27.865,True,1791026802307.0,-28.558,-28.573,0.020000000000000018
pm_sports,,wta-jovic-dart-2026-10-02,game,1791026893706,191,1791026871000.0,22.706,True,1791026866677.0,-27.029,-27.029,0.010000000000000009
espn,,wta-jovic-dart-2026-10-02,game,1791026901008,191,1791026871000.0,30.008,True,1791026866677.0,-34.331,-34.331,0.010000000000000009
wta,wta_score,wta-su-bucsa-2026-10-02,point,1791026912811,94,1791026859000.0,53.811,True,1791026857457.0,-55.354,-59.914,0.05499999999999994
wta,wta_score,wta-jovic-dart-2026-10-02,game,1791026928817,191,1791026871000.0,57.817,True,1791026866677.0,-62.14,-62.14,0.010000000000000009
wta,wta_score,wta-su-bucsa-2026-10-02,point,1791026944828,95,1791026902000.0,42.828,True,1791026901074.0,-43.754,-43.759,0.050000000000000044
wta,wta_list,wta-su-bucsa-2026-10-02,point,1791026975054,96,1791026923000.0,52.054,True,1791026923081.0,-51.973,-51.975,0.040000000000000036
wta,wta_list,wta-su-bucsa-2026-10-02,point,1791027006996,97,1791026959000.0,47.996,True,1791026959069.0,-47.927,-47.927,0.040000000000000036
espn,,wta-su-bucsa-2026-10-02,game,1791027023015,98,1791026994000.0,29.015,True,1791026992069.0,-30.946,-30.947,0.040000000000000036
pm_sports,,wta-su-bucsa-2026-10-02,game,1791027027654,98,1791026994000.0,33.654,True,1791026992069.0,-35.585,-35.586,0.040000000000000036
wta,wta_list,wta-su-bucsa-2026-10-02,game,1791027069081,98,1791026994000.0,75.081,True,1791026992069.0,-77.012,-77.013,0.040000000000000036
wta,wta_list,wta-su-bucsa-2026-10-02,point,1791027161098,99,1791027112000.0,49.098,True,1791027113118.0,-47.98,-48.029,0.040000000000000036
wta,wta_list,wta-su-bucsa-2026-10-02,point,1791027191151,100,1791027154000.0,37.151,True,1791027155464.0,-35.687,-46.164,0.040000000000000036
wta,wta_score,wta-su-bucsa-2026-10-02,point,1791027200910,101,1791027178000.0,22.91,True,1791027186299.0,-14.611,-21.001,0.040000000000000036
wta,wta_score,wta-su-bucsa-2026-10-02,point,1791027232986,102,1791027201000.0,31.986,True,1791027200143.0,-32.843,-33.485,0.04999999999999993
wta,wta_list,wta-su-bucsa-2026-10-02,point,1791027281285,103,1791027228000.0,53.285,True,1791027226081.0,-55.204,-55.213,0.04499999999999993
espn,,wta-su-bucsa-2026-10-02,game,1791027285332,104,1791027261000.0,24.332,True,1791027259084.0,-26.248,-34.241,0.07000000000000006
pm_sports,,wta-su-bucsa-2026-10-02,game,1791027297884,104,1791027261000.0,36.884,True,1791027259084.0,-38.8,-46.793,0.07000000000000006
wta,wta_list,wta-su-bucsa-2026-10-02,game,1791027311341,104,1791027261000.0,50.341,True,1791027259084.0,-52.257,-60.25,0.07000000000000006
wta,wta_list,wta-su-bucsa-2026-10-02,point,1791027341345,105,1791027298000.0,43.345,True,1791027296213.0,-45.132,-46.89,0.05999999999999994
wta,wta_score,wta-su-bucsa-2026-10-02,point,1791027489081,109,1791027440000.0,49.081,True,1791027437158.0,-51.923,-51.923,0.07000000000000006
espn,,wta-su-bucsa-2026-10-02,game,1791027489395,110,1791027461000.0,28.395,True,1791027458068.0,-31.327,-34.382,0.06999999999999995
wta,wta_list,wta-su-bucsa-2026-10-02,game,1791027491402,110,1791027461000.0,30.402,True,1791027458068.0,-33.334,-36.389,0.06999999999999995
pm_sports,,wta-su-bucsa-2026-10-02,game,1791027497583,110,1791027461000.0,36.583,True,1791027458068.0,-39.515,-42.57,0.06999999999999995
pm_sports,,wta-su-bucsa-2026-10-02,game,1791027713699,115,1791027697000.0,16.699,True,1791027694672.0,-19.027,-19.132,0.020000000000000018
espn,,wta-su-bucsa-2026-10-02,game,1791027717667,115,1791027697000.0,20.667,True,1791027694672.0,-22.995,-23.1,0.020000000000000018
wta,wta_score,wta-su-bucsa-2026-10-02,game,1791027773141,115,1791027697000.0,76.141,True,1791027694672.0,-78.469,-78.574,0.020000000000000018
wta,wta_list,wta-su-bucsa-2026-10-02,point,1791027821624,116,1791027747000.0,74.624,True,1791027745078.0,-76.546,-78.476,0.06999999999999995
wta,wta_list,wta-su-bucsa-2026-10-02,point,1791027851608,119,1791027821000.0,30.608,True,1791027818863.0,-32.745,-35.484,0.05999999999999994
wta,wta_list,wta-su-bucsa-2026-10-02,point,1791027881624,120,1791027851000.0,30.624,True,1791027849352.0,-32.272,-32.361,0.10999999999999993
wta,wta_score,wta-su-bucsa-2026-10-02,game,1791027965462,123,1791027942000.0,23.462,True,1791027939124.0,-26.338,-26.45,0.05999999999999994
pm_sports,,wta-su-bucsa-2026-10-02,game,1791027967246,123,1791027942000.0,25.246,True,1791027939124.0,-28.122,-28.234,0.05999999999999994
espn,,wta-su-bucsa-2026-10-02,game,1791027971680,123,1791027942000.0,29.68,True,1791027939124.0,-32.556,-32.668,0.05999999999999994
wta,wta_list,wta-bouzkov-birrell-2026-10-01,point,1791028063707,1,1791028003000.0,60.707,True,1791028001903.0,-61.804,-61.804,0.020000000000000018
wta,wta_score,wta-bouzkov-birrell-2026-10-01,point,1791028097223,2,1791028062000.0,35.223,True,1791028060778.0,-36.445,-36.445,0.020000000000000018
wta,wta_score,wta-su-bucsa-2026-10-02,point,1791028129219,125,1791028106000.0,23.219,True,1791028105081.0,-24.138,-24.601,0.08499999999999996
wta,wta_list,wta-bouzkov-birrell-2026-10-01,point,1791028153745,3,1791028097000.0,56.745,True,1791028096462.0,-57.283,-57.283,0.029999999999999916
wta,wta_score,wta-bouzkov-birrell-2026-10-01,point,1791028161228,4,1791028132000.0,29.228,True,1791028131652.0,-29.576,-29.576,0.020000000000000018
espn,,wta-bouzkov-birrell-2026-10-01,game,1791028181899,5,1791028164000.0,17.899,True,1791028167105.0,-14.794,-14.794,0.010000000000000009
wta,wta_list,wta-su-bucsa-2026-10-02,point,1791028183756,126,1791028139000.0,44.756,True,1791028137075.0,-46.681,-49.091,0.09499999999999997
pm_sports,,wta-bouzkov-birrell-2026-10-01,game,1791028192898,5,1791028164000.0,28.898,True,1791028167105.0,-25.793,-25.793,0.010000000000000009
wta,wta_score,wta-bouzkov-birrell-2026-10-01,game,1791028193233,5,1791028164000.0,29.233,True,1791028167105.0,-26.128,-26.128,0.010000000000000009
wta,wta_score,wta-su-bucsa-2026-10-02,point,1791028225244,127,1791028180000.0,45.244,True,1791028170952.0,-54.292,-55.178,0.03500000000000003
pm_sports,,wta-su-bucsa-2026-10-02,game,1791028230713,128,1791028212000.0,18.713,True,1791028204923.0,-25.79,-28.404,0.019999999999999907
espn,,wta-su-bucsa-2026-10-02,game,1791028243919,128,1791028212000.0,31.919,True,1791028204923.0,-38.996,-41.61,0.019999999999999907
wta,wta_score,wta-su-bucsa-2026-10-02,game,1791028257255,128,1791028212000.0,45.255,True,1791028204923.0,-52.332,-54.946,0.019999999999999907
wta,wta_score,wta-bouzkov-birrell-2026-10-01,point,1791028289267,6,1791028250000.0,39.267,True,1791028249335.0,-39.932,-39.932,0.020000000000000018
wta,wta_score,wta-bouzkov-birrell-2026-10-01,point,1791028353284,7,1791028303000.0,50.284,True,1791028301064.0,-52.22,-52.22,0.029999999999999916
wta,wta_score,wta-bouzkov-birrell-2026-10-01,point,1791028385296,8,1791028336000.0,49.296,True,1791028331228.0,-54.068,-54.068,0.015000000000000013
wta,wta_list,wta-bouzkov-birrell-2026-10-01,point,1791028393887,9,1791028358000.0,35.887,True,1791028356782.0,-37.105,-37.105,0.009999999999999898
pm_sports,,wta-bouzkov-birrell-2026-10-01,game,1791028403546,10,1791028381000.0,22.546,True,1791028373087.0,-30.459,-30.459,0.010000000000000009
espn,,wta-bouzkov-birrell-2026-10-01,game,1791028407933,10,1791028381000.0,26.933,True,1791028373087.0,-34.846,-34.846,0.010000000000000009
wta,wta_score,wta-bouzkov-birrell-2026-10-01,game,1791028417293,10,1791028381000.0,36.293,True,1791028373087.0,-44.206,-44.206,0.010000000000000009
wta,wta_list,wta-bouzkov-birrell-2026-10-01,point,1791028453956,11,1791028434000.0,19.956,True,1791028432566.0,-21.39,-22.275,0.025000000000000022
wta,wta_score,wta-bouzkov-birrell-2026-10-01,point,1791028513318,12,1791028461000.0,52.318,True,1791028459668.0,-53.65,-53.65,0.010000000000000009
wta,wta_score,wta-bouzkov-birrell-2026-10-01,point,1791028545326,13,1791028499000.0,46.326,True,1791028499071.0,-46.255,-47.179,0.030000000000000027
wta,wta_list,wta-bouzkov-birrell-2026-10-01,point,1791028573968,14,1791028530000.0,43.968,True,1791028528197.0,-45.771,-53.006,0.05499999999999994
wta,wta_list,wta-bouzkov-birrell-2026-10-01,point,1791028603984,15,1791028557000.0,46.984,True,1791028556240.0,-47.744,-47.744,0.020000000000000018
wta,wta_list,wta-bouzkov-birrell-2026-10-01,point,1791028633995,16,1791028593000.0,40.995,True,1791028591404.0,-42.591,-42.591,0.03500000000000003
wta,wta_list,wta-bouzkov-birrell-2026-10-01,point,1791028664015,17,1791028624000.0,40.015,True,1791028622165.0,-41.85,-46.048,0.040000000000000036
espn,,wta-bouzkov-birrell-2026-10-01,game,1791028688149,18,1791028665000.0,23.149,True,1791028664061.0,-24.088,-30.923,0.05999999999999994
wta,wta_score,wta-bouzkov-birrell-2026-10-01,game,1791028705364,18,1791028665000.0,40.364,True,1791028664061.0,-41.303,-48.138,0.05999999999999994
pm_sports,,wta-bouzkov-birrell-2026-10-01,game,1791028706697,18,1791028665000.0,41.697,True,1791028664061.0,-42.636,-49.471,0.05999999999999994
wta,wta_list,wta-bouzkov-birrell-2026-10-01,point,1791028848091,19,1791028800000.0,48.091,True,1791028799902.0,-48.189,-48.189,0.015000000000000013
wta,wta_score,wta-bouzkov-birrell-2026-10-01,point,1791028857401,20,1791028824000.0,33.401,True,1791028824119.0,-33.282,-33.323,0.03500000000000003
wta,wta_score,wta-bouzkov-birrell-2026-10-01,point,1791028889402,21,1791028848000.0,41.402,True,1791028845066.0,-44.336,-44.336,0.03500000000000003
wta,wta_score,wta-bouzkov-birrell-2026-10-01,point,1791028921427,22,1791028880000.0,41.427,True,1791028877358.0,-44.069,-44.069,0.020000000000000018
wta,wta_list,wta-bouzkov-birrell-2026-10-01,point,1791028938142,23,1791028909000.0,29.142,True,1791028902066.0,-36.076,-36.076,0.025000000000000022
wta,wta_list,wta-bouzkov-birrell-2026-10-01,game,1791028968145,24,1791028942000.0,26.145,True,1791028941085.0,-27.06,-27.092,0.03500000000000003
espn,,wta-bouzkov-birrell-2026-10-01,game,1791028970267,24,1791028942000.0,28.267,True,1791028941085.0,-29.182,-29.214,0.03500000000000003
pm_sports,,wta-bouzkov-birrell-2026-10-01,game,1791028972452,24,1791028942000.0,30.452,True,1791028941085.0,-31.367,-31.399,0.03500000000000003
wta,wta_score,wta-bouzkov-birrell-2026-10-01,point,1791029049454,25,1791028998000.0,51.454,True,1791028996045.0,-53.409,-53.409,0.020000000000000018
wta,wta_list,wta-kartal-wa-2026-10-01,point,1791029058199,1,1791028998000.0,60.199,True,1791028996108.0,-62.091,-62.091,0.010000000000000009
wta,wta_score,wta-bouzkov-birrell-2026-10-01,point,1791029081499,26,1791029048000.0,33.499,True,1791029046746.0,-34.753,-34.753,0.020000000000000018
wta,wta_score,wta-bouzkov-birrell-2026-10-01,point,1791029113459,27,1791029080000.0,33.459,True,1791029082068.0,-31.391,-34.151,0.025000000000000022
wta,wta_list,wta-kartal-wa-2026-10-01,point,1791029118277,4,1791029074000.0,44.277,True,1791029076071.0,-42.206,-42.206,0.020000000000000018
wta,wta_score,wta-kartal-wa-2026-10-01,point,1791029125557,5,1791029097000.0,28.557,True,1791029097349.0,-28.208,-28.208,0.015000000000000013
wta,wta_score,wta-bouzkov-birrell-2026-10-01,game,1791029145473,29,1791029140000.0,5.473,True,1791029138942.0,-6.531,-6.531,0.020000000000000018
espn,,wta-kartal-wa-2026-10-01,game,1791029152418,6,1791029128000.0,24.418,True,1791029126102.0,-26.316,-26.316,0.020000000000000018
pm_sports,,wta-bouzkov-birrell-2026-10-01,game,1791029156707,29,1791029140000.0,16.707,True,1791029138942.0,-17.765,-17.765,0.020000000000000018
pm_sports,,wta-kartal-wa-2026-10-01,game,1791029156925,6,1791029128000.0,28.925,True,1791029126102.0,-30.823,-30.823,0.020000000000000018
espn,,wta-bouzkov-birrell-2026-10-01,game,1791029162421,29,1791029140000.0,22.421,True,1791029138942.0,-23.479,-23.479,0.020000000000000018
wta,wta_list,wta-kartal-wa-2026-10-01,game,1791029178272,6,1791029128000.0,50.272,True,1791029126102.0,-52.17,-52.17,0.020000000000000018
wta,wta_score,wta-kartal-wa-2026-10-01,point,1791029221485,7,1791029197000.0,24.485,True,1791029196299.0,-25.186,-25.186,0.020000000000000018
wta,wta_score,wta-kartal-wa-2026-10-01,point,1791029253627,8,1791029221000.0,32.627,True,1791029220299.0,-33.328,-33.328,0.020000000000000018
wta,wta_list,wta-kartal-wa-2026-10-01,point,1791029298305,9,1791029242000.0,56.305,True,1791029241143.0,-57.162,-57.162,0.019999999999999907
wta,wta_score,wta-kartal-wa-2026-10-01,point,1791029317505,10,1791029290000.0,27.505,True,1791029287187.0,-30.318,-30.318,0.015000000000000013
wta,wta_list,wta-bouzkov-birrell-2026-10-01,point,1791029328321,30,1791029280000.0,48.321,True,1791029279778.0,-48.543,-48.543,0.020000000000000018
espn,,wta-kartal-wa-2026-10-01,game,1791029376332,12,1791029348000.0,28.332,True,1791029350630.0,-25.702,-25.702,0.010000000000000009
pm_sports,,wta-kartal-wa-2026-10-01,game,1791029378507,12,1791029348000.0,30.507,True,1791029350630.0,-27.877,-27.877,0.010000000000000009
wta,wta_list,wta-kartal-wa-2026-10-01,point,1791029388355,11,1791029323000.0,65.355,True,1791029338100.0,-50.255,-50.255,0.010000000000000009
espn,,wta-bouzkov-birrell-2026-10-01,game,1791029394533,33,1791029366000.0,28.533,True,1791029365625.0,-28.908,-36.054,0.02999999999999997
pm_sports,,wta-bouzkov-birrell-2026-10-01,game,1791029394805,33,1791029366000.0,28.805,True,1791029365625.0,-29.18,-36.326,0.02999999999999997
wta,wta_score,wta-kartal-wa-2026-10-01,game,1791029413534,12,1791029348000.0,65.534,True,1791029350630.0,-62.904,-62.904,0.010000000000000009
wta,wta_score,wta-bouzkov-birrell-2026-10-01,game,1791029433546,33,1791029366000.0,67.546,True,1791029365625.0,-67.921,-75.067,0.02999999999999997
wta,wta_score,wta-andree-boisson-2026-10-03,point,1791029449537,1,1791029400000.0,49.537,True,1791029399068.0,-50.469,-50.469,0.03999999999999998
wta,wta_score,wta-bouzkov-birrell-2026-10-01,point,1791029465629,34,1791029411000.0,54.629,True,1791029411107.0,-54.522,-59.812,0.034999999999999976
wta,wta_list,wta-andree-boisson-2026-10-03,point,1791029476377,2,1791029432000.0,44.377,True,1791029429396.0,-46.981,-47.663,0.03500000000000003
wta,wta_list,wta-bouzkov-birrell-2026-10-01,point,1791029478378,35,1791029443000.0,35.378,True,1791029442082.0,-36.296,-36.296,0.034999999999999976
wta,wta_score,wta-kartal-wa-2026-10-01,point,1791029509556,15,1791029464000.0,45.556,True,1791029457069.0,-52.487,-52.487,0.020000000000000018
wta,wta_list,wta-andree-boisson-2026-10-03,point,1791029536404,3,1791029459000.0,77.404,True,1791029459163.0,-77.241,-79.68,0.03500000000000003
wta,wta_list,wta-bouzkov-birrell-2026-10-01,point,1791029538401,36,1791029466000.0,72.401,True,1791029467093.0,-71.308,-71.316,0.024999999999999967
wta,wta_list,wta-kartal-wa-2026-10-01,point,1791029538401,16,1791029489000.0,49.401,True,1791029489068.0,-49.333,-49.404,0.030000000000000027
wta,wta_score,wta-andree-boisson-2026-10-03,point,1791029545562,4,1791029489000.0,56.562,True,1791029487726.0,-57.836,-57.836,0.010000000000000009
espn,,wta-bouzkov-birrell-2026-10-01,game,1791029546601,38,1791029521000.0,25.601,True,1791029520387.0,-26.214,-26.214,0.010000000000000009
pm_sports,,wta-bouzkov-birrell-2026-10-01,game,1791029552448,38,1791029521000.0,31.448,True,1791029520387.0,-32.061,-32.061,0.010000000000000009
wta,wta_score,wta-bouzkov-birrell-2026-10-01,point,1791029561749,37,1791029495000.0,66.749,True,1791029493898.0,-67.851,-67.851,0.019999999999999962
wta,wta_list,wta-andree-boisson-2026-10-03,point,1791029566413,5,1791029519000.0,47.413,True,1791029520190.0,-46.223,-47.554,0.05500000000000005
wta,wta_list,wta-bouzkov-birrell-2026-10-01,game,1791029568417,38,1791029521000.0,47.417,True,1791029520387.0,-48.03,-48.03,0.010000000000000009
wta,wta_list,wta-kartal-wa-2026-10-01,point,1791029568417,17,1791029530000.0,38.417,True,1791029527908.0,-40.509,-45.568,0.030000000000000027
wta,wta_score,wta-andree-boisson-2026-10-03,point,1791029577652,6,1791029555000.0,22.652,True,1791029552147.0,-25.505,-27.713,0.06
pm_sports,,wta-kartal-wa-2026-10-01,game,1791029584252,18,1791029569000.0,15.252,True,1791029568715.0,-15.537,-15.663,0.06
espn,,wta-kartal-wa-2026-10-01,game,1791029596601,18,1791029569000.0,27.601,True,1791029568715.0,-27.886,-28.012,0.06
wta,wta_score,wta-andree-boisson-2026-10-03,point,1791029609584,7,1791029577000.0,32.584,True,1791029575582.0,-34.002,-34.002,0.020000000000000018
wta,wta_list,wta-kartal-wa-2026-10-01,game,1791029628444,18,1791029569000.0,59.444,True,1791029568715.0,-59.729,-59.855,0.06
wta,wta_list,wta-bouzkov-birrell-2026-10-01,point,1791029688463,39,1791029659000.0,29.463,True,1791029660072.0,-28.391,-31.109,0.06500000000000006
wta,wta_score,wta-kartal-wa-2026-10-01,point,1791029733604,19,1791029696000.0,37.604,True,1791029694873.0,-38.731,-38.731,0.010000000000000009
wta,wta_list,wta-kartal-wa-2026-10-01,point,1791029748482,20,1791029719000.0,29.482,True,1791029718157.0,-30.325,-30.362,0.025000000000000022
wta,wta_list,wta-bouzkov-birrell-2026-10-01,point,1791029748482,40,1791029692000.0,56.482,True,1791029692075.0,-56.407,-56.886,0.05500000000000005
wta,wta_score,wta-bouzkov-birrell-2026-10-01,point,1791029753604,41,1791029721000.0,32.604,True,1791029720120.0,-33.484,-33.893,0.040000000000000036
wta,wta_score,wta-kartal-wa-2026-10-01,point,1791029765610,21,1791029745000.0,20.61,True,,,,
pm_sports,,wta-andree-boisson-2026-10-03,game,1791029767307,12,1791029738000.0,29.307,True,1791029736066.0,-31.241,-31.7,0.02999999999999997
wta,wta_score,wta-andree-boisson-2026-10-03,game,1791029769611,12,1791029738000.0,31.611,True,1791029736066.0,-33.545,-34.004,0.02999999999999997
espn,,wta-andree-boisson-2026-10-03,game,1791029770532,12,1791029738000.0,32.532,True,1791029736066.0,-34.466,-34.925,0.02999999999999997
wta,wta_list,wta-bouzkov-birrell-2026-10-01,point,1791029778499,42,1791029744000.0,34.499,True,1791029743882.0,-34.617,-34.617,0.020000000000000018
wta,wta_score,wta-kartal-wa-2026-10-01,point,1791029797624,22,1791029771000.0,26.624,True,1791029769806.0,-27.818,-28.428,0.040000000000000036
wta,wta_list,wta-kartal-wa-2026-10-01,point,1791029838539,23,1791029815000.0,23.539,True,1791029814079.0,-24.46,-24.754,0.07
wta,wta_score,wta-andree-boisson-2026-10-03,point,1791029897636,13,1791029860000.0,37.636,True,1791029859071.0,-38.565,-38.567,0.040000000000000036
wta,wta_list,wta-kartal-wa-2026-10-01,point,1791029898557,26,1791029895000.0,3.557,True,1791029894067.0,-4.49,-4.49,0.03999999999999998
wta,wta_score,wta-bouzkov-birrell-2026-10-01,point,1791029913640,45,1791029865000.0,48.64,True,1791029863616.0,-50.024,-50.885,0.02499999999999991
pm_sports,,wta-bouzkov-birrell-2026-10-01,game,1791029929255,46,1791029911000.0,18.255,True,1791029908228.0,-21.027,-21.14,0.07499999999999996
espn,,wta-bouzkov-birrell-2026-10-01,game,1791029940770,46,1791029911000.0,29.77,True,1791029908228.0,-32.542,-32.655,0.07499999999999996
wta,wta_score,wta-bouzkov-birrell-2026-10-01,game,1791029945647,46,1791029911000.0,34.647,True,1791029908228.0,-37.419,-37.532,0.07499999999999996
wta,wta_score,wta-kartal-wa-2026-10-01,point,1791029957647,27,1791029918000.0,39.647,True,1791029919070.0,-38.577,-40.165,0.04499999999999993
wta,wta_score,wta-andree-boisson-2026-10-03,point,1791029961651,14,1791029900000.0,61.651,True,1791029897976.0,-63.675,-65.367,0.030000000000000027
espn,,wta-kartal-wa-2026-10-01,game,1791029980754,28,1791029955000.0,25.754,True,1791029954290.0,-26.464,-26.821,0.050000000000000044
pm_sports,,wta-kartal-wa-2026-10-01,game,1791029982623,28,1791029955000.0,27.623,True,1791029954290.0,-28.333,-28.69,0.050000000000000044
wta,wta_list,wta-andree-boisson-2026-10-03,point,1791029986598,15,1791029943000.0,43.598,True,1791029941793.0,-44.805,-45.025,0.025000000000000022
wta,wta_list,wta-kartal-wa-2026-10-01,game,1791029988643,28,1791029955000.0,33.643,True,1791029954290.0,-34.353,-34.71,0.050000000000000044
wta,wta_score,wta-andree-boisson-2026-10-03,point,1791030025707,16,1791029997000.0,28.707,True,1791029994945.0,-30.762,-30.762,0.03
wta,wta_score,wta-bouzkov-birrell-2026-10-01,point,1791030041661,47,1791029982000.0,59.661,True,1791029982533.0,-59.128,-59.679,0.030000000000000027
wta,wta_list,wta-kartal-wa-2026-10-01,point,1791030048673,29,1791030005000.0,43.673,True,1791030003839.0,-44.834,-45.604,0.025000000000000022
wta,wta_score,wta-bouzkov-birrell-2026-10-01,point,1791030073700,48,1791030016000.0,57.7,True,1791030006124.0,-67.576,-67.576,0.04499999999999993
pm_sports,,wta-andree-boisson-2026-10-03,game,1791030074271,17,1791030045000.0,29.271,True,1791030044342.0,-29.929,-30.155,0.025000000000000022
espn,,wta-andree-boisson-2026-10-03,game,1791030074671,17,1791030045000.0,29.671,True,1791030044342.0,-30.329,-30.555,0.025000000000000022
wta,wta_score,wta-kartal-wa-2026-10-01,point,1791030085679,30,1791030028000.0,57.679,True,1791030027739.0,-57.94,-57.94,0.020000000000000018
wta,wta_score,wta-andree-boisson-2026-10-03,game,1791030089678,17,1791030045000.0,44.678,True,1791030044342.0,-45.336,-45.562,0.025000000000000022
wta,wta_score,wta-bouzkov-birrell-2026-10-01,point,1791030105689,49,1791030057000.0,48.689,True,1791030056127.0,-49.562,-49.65,0.050000000000000044
wta,wta_list,wta-kartal-wa-2026-10-01,point,1791030108657,31,1791030054000.0,54.657,True,1791030053291.0,-55.366,-55.366,0.010000000000000009
wta,wta_score,wta-andree-boisson-2026-10-03,point,1791030121691,18,1791030088000.0,33.691,True,1791030087697.0,-33.994,-36.269,0.044999999999999984
wta,wta_score,wta-bouzkov-birrell-2026-10-01,point,1791030137691,50,1791030099000.0,38.691,True,1791030097844.0,-39.847,-39.907,0.050000000000000044
wta,wta_list,wta-kartal-wa-2026-10-01,point,1791030138668,32,1791030096000.0,42.668,True,1791030094318.0,-44.35,-44.35,0.015000000000000013
wta,wta_list,wta-kartal-wa-2026-10-01,point,1791030168674,33,1791030126000.0,42.674,True,1791030124352.0,-44.322,-44.322,0.020000000000000018
wta,wta_list,wta-bouzkov-birrell-2026-10-01,point,1791030168674,51,1791030126000.0,42.674,True,1791030124731.0,-43.943,-43.979,0.040000000000000036
pm_sports,,wta-bouzkov-birrell-2026-10-01,game,1791030171147,52,1791030155000.0,16.147,True,1791030154243.0,-16.904,-16.904,0.019999999999999907
pm_sports,,wta-kartal-wa-2026-10-01,game,1791030171251,34,1791030157000.0,14.251,True,1791030156078.0,-15.173,-15.177,0.030000000000000027
espn,,wta-kartal-wa-2026-10-01,game,1791030172858,34,1791030157000.0,15.858,True,1791030156078.0,-16.78,-16.784,0.030000000000000027
espn,,wta-bouzkov-birrell-2026-10-01,game,1791030172858,52,1791030155000.0,17.858,True,1791030154243.0,-18.615,-18.615,0.019999999999999907
wta,wta_list,wta-bouzkov-birrell-2026-10-01,game,1791030198694,52,1791030155000.0,43.694,True,1791030154243.0,-44.451,-44.451,0.019999999999999907
wta,wta_list,wta-kartal-wa-2026-10-01,game,1791030198694,34,1791030157000.0,41.694,True,1791030156078.0,-42.616,-42.62,0.030000000000000027
wta,wta_list,wta-andree-boisson-2026-10-03,point,1791030286721,22,1791030252000.0,34.721,True,1791030248762.0,-37.959,-37.959,0.020000000000000018
espn,,wta-andree-boisson-2026-10-03,game,1791030306742,23,1791030279000.0,27.742,True,1791030279080.0,-27.662,-27.662,0.015000000000000013
wta,wta_score,wta-andree-boisson-2026-10-03,game,1791030313727,23,1791030279000.0,34.727,True,1791030279080.0,-34.647,-34.647,0.015000000000000013
pm_sports,,wta-andree-boisson-2026-10-03,game,1791030316051,23,1791030279000.0,37.051,True,1791030279080.0,-36.971,-36.971,0.015000000000000013
wta,wta_list,wta-bouzkov-birrell-2026-10-01,point,1791030318726,53,1791030288000.0,30.726,True,1791030279078.0,-39.648,-39.648,0.02499999999999991
wta,wta_list,wta-kartal-wa-2026-10-01,point,1791030318726,35,1791030292000.0,26.726,True,1791030291106.0,-27.62,-27.65,0.039999999999999925
wta,wta_score,wta-kartal-wa-2026-10-01,point,1791030341734,36,1791030319000.0,22.734,True,1791030318081.0,-23.653,-23.653,0.03499999999999992
wta,wta_score,wta-kartal-wa-2026-10-01,point,1791030373745,37,1791030342000.0,31.745,True,1791030341469.0,-32.276,-32.276,0.050000000000000044
wta,wta_list,wta-bouzkov-birrell-2026-10-01,point,1791030378755,54,1791030318000.0,60.755,True,1791030316472.0,-62.283,-62.307,0.029999999999999916
wta,wta_list,wta-andree-boisson-2026-10-03,point,1791030436773,24,1791030394000.0,42.773,True,,,,
wta,wta_list,wta-bouzkov-birrell-2026-10-01,point,1791030438767,55,1791030379000.0,59.767,True,1791030377966.0,-60.801,-60.806,0.04500000000000004
wta,wta_list,wta-kartal-wa-2026-10-01,point,1791030438767,38,1791030386000.0,52.767,True,1791030384762.0,-54.005,-54.139,0.04500000000000004
wta,wta_score,wta-andree-boisson-2026-10-03,point,1791030441756,25,1791030420000.0,21.756,True,1791030420070.0,-21.686,-21.686,0.020000000000000018
wta,wta_score,wta-bouzkov-birrell-2026-10-01,point,1791030481768,56,1791030440000.0,41.768,True,1791030438938.0,-42.83,-42.89,0.03500000000000003
wta,wta_list,wta-andree-boisson-2026-10-03,point,1791030496797,26,1791030458000.0,38.797,True,1791030457112.0,-39.685,-39.685,0.010000000000000009
espn,,wta-bouzkov-birrell-2026-10-01,game,1791030498858,57,1791030479000.0,19.858,True,1791030478224.0,-20.634,-23.784,0.039999999999999925
wta,wta_score,wta-bouzkov-birrell-2026-10-01,game,1791030513781,57,1791030479000.0,34.781,True,1791030478224.0,-35.557,-38.707,0.039999999999999925
pm_sports,,wta-bouzkov-birrell-2026-10-01,game,1791030520400,57,1791030479000.0,41.4,True,1791030478224.0,-42.176,-45.326,0.039999999999999925
pm_sports,,wta-kartal-wa-2026-10-01,game,1791030520548,42,1791030503000.0,17.548,True,1791030502089.0,-18.459,-26.428,0.040000000000000036
espn,,wta-kartal-wa-2026-10-01,game,1791030525067,42,1791030503000.0,22.067,True,1791030502089.0,-22.978,-30.947,0.040000000000000036
wta,wta_list,wta-kartal-wa-2026-10-01,game,1791030528817,42,1791030503000.0,25.817,True,1791030502089.0,-26.728,-34.697,0.040000000000000036
wta,wta_score,wta-andree-boisson-2026-10-03,point,1791030537791,27,1791030487000.0,50.791,True,1791030486409.0,-51.382,-51.382,0.010000000000000009
wta,wta_score,wta-andree-boisson-2026-10-03,point,1791030569798,28,1791030533000.0,36.798,True,1791030531947.0,-37.851,-37.851,0.015000000000000013
wta,wta_score,wta-andree-boisson-2026-10-03,point,1791030601849,29,1791030569000.0,32.849,True,1791030568257.0,-33.592,-33.592,0.014999999999999986
wta,wta_list,wta-kartal-wa-2026-10-01,point,1791030618874,44,1791030579000.0,39.874,True,1791030578065.0,-40.809,-40.809,0.025000000000000022
wta,wta_score,wta-kartal-wa-2026-10-01,point,1791030629856,45,1791030609000.0,20.856,True,1791030605956.0,-23.9,-23.9,0.040000000000000036
wta,wta_score,wta-andree-boisson-2026-10-03,point,1791030665821,30,1791030622000.0,43.821,True,1791030633093.0,-32.728,-32.728,0.009999999999999981
espn,,wta-kartal-wa-2026-10-01,game,1791030687156,47,1791030657000.0,30.156,True,1791030655094.0,-32.062,-32.062,0.019999999999999907
wta,wta_score,wta-kartal-wa-2026-10-01,point,1791030693821,46,1791030633000.0,60.821,True,1791030632454.0,-61.367,-61.418,0.030000000000000027
wta,wta_list,wta-kartal-wa-2026-10-01,game,1791030708904,47,1791030657000.0,51.904,True,1791030655094.0,-53.81,-53.81,0.019999999999999907
wta,wta_list,wta-bouzkov-birrell-2026-10-01,point,1791030708904,58,1791030641000.0,67.904,True,1791030640091.0,-68.813,-68.813,0.020000000000000018
wta,wta_list,wta-bouzkov-birrell-2026-10-01,point,1791030738912,59,1791030671000.0,67.912,True,,,,
wta,wta_score,wta-bouzkov-birrell-2026-10-01,point,1791030741836,60,1791030698000.0,43.836,True,1791030696117.0,-45.719,-45.719,0.020000000000000018
wta,wta_score,wta-bouzkov-birrell-2026-10-01,point,1791030773850,61,1791030734000.0,39.85,True,1791030740190.0,-33.66,-33.66,0.010000000000000009
espn,,wta-bouzkov-birrell-2026-10-01,game,1791030789162,62,1791030765000.0,24.162,True,1791030765110.0,-24.052,-24.052,0.010000000000000009
pm_sports,,wta-bouzkov-birrell-2026-10-01,game,1791030806849,62,1791030765000.0,41.849,True,1791030765110.0,-41.739,-41.739,0.010000000000000009
wta,wta_list,wta-bouzkov-birrell-2026-10-01,game,1791030828971,62,1791030765000.0,63.971,True,1791030765110.0,-63.861,-63.861,0.010000000000000009
espn,,wta-andree-boisson-2026-10-03,game,1791030860992,35,1791030833000.0,27.992,True,1791030843375.0,-17.617,-17.617,0.015000000000000013
pm_sports,,wta-andree-boisson-2026-10-03,game,1791030871723,35,1791030833000.0,38.723,True,1791030843375.0,-28.348,-28.348,0.015000000000000013
wta,wta_list,wta-andree-boisson-2026-10-03,game,1791030888991,35,1791030833000.0,55.991,True,1791030843375.0,-45.616,-45.616,0.015000000000000013
wta,wta_list,wta-bouzkov-birrell-2026-10-01,point,1791030888991,63,1791030835000.0,53.991,True,1791030833762.0,-55.229,-55.229,0.020000000000000018
wta,wta_score,wta-kartal-wa-2026-10-01,point,1791030917874,51,1791030879000.0,38.874,True,1791030878079.0,-39.795,-39.796,0.04499999999999993
wta,wta_list,wta-andree-boisson-2026-10-03,point,1791030918998,36,1791030891000.0,27.998,True,1791030890556.0,-28.442,-28.442,0.015000000000000013
pm_sports,,wta-kartal-wa-2026-10-01,game,1791030926147,52,1791030904000.0,22.147,True,1791030902613.0,-23.534,-26.034,0.04999999999999993
espn,,wta-kartal-wa-2026-10-01,game,1791030933035,52,1791030904000.0,29.035,True,1791030902613.0,-30.422,-32.922,0.04999999999999993
wta,wta_score,wta-bouzkov-birrell-2026-10-01,point,1791030933891,64,1791030886000.0,47.891,True,1791030886065.0,-47.826,-47.826,0.010000000000000009
wta,wta_list,wta-bouzkov-birrell-2026-10-01,point,1791030949023,65,1791030920000.0,29.023,True,1791030918373.0,-30.65,-30.65,0.020000000000000018
wta,wta_list,wta-kartal-wa-2026-10-01,game,1791030949023,52,1791030904000.0,45.023,True,1791030902613.0,-46.41,-48.91,0.04999999999999993
wta,wta_score,wta-bouzkov-birrell-2026-10-01,point,1791030997939,66,1791030959000.0,38.939,True,1791030958435.0,-39.504,-39.504,0.020000000000000018
wta,wta_list,wta-andree-boisson-2026-10-03,point,1791031013047,37,1791030956000.0,57.047,True,1791030955810.0,-57.237,-57.237,0.014999999999999986
wta,wta_score,wta-andree-boisson-2026-10-03,game,1791031017901,39,1791031014000.0,3.901,True,1791031014577.0,-3.324,-3.324,0.009999999999999981
wta,wta_score,wta-bouzkov-birrell-2026-10-01,point,1791031029908,67,1791031004000.0,25.908,True,1791031002991.0,-26.917,-27.033,0.025000000000000022
espn,,wta-andree-boisson-2026-10-03,game,1791031043067,39,1791031014000.0,29.067,True,1791031014577.0,-28.49,-28.49,0.009999999999999981
pm_sports,,wta-andree-boisson-2026-10-03,game,1791031054857,39,1791031014000.0,40.857,True,1791031014577.0,-40.28,-40.28,0.009999999999999981
espn,,wta-bouzkov-birrell-2026-10-01,game,1791031071311,68,1791031047000.0,24.311,True,1791031047070.0,-24.241,-24.657,0.03500000000000003
pm_sports,,wta-bouzkov-birrell-2026-10-01,game,1791031092055,68,1791031047000.0,45.055,True,1791031047070.0,-44.985,-45.401,0.03500000000000003
wta,wta_score,wta-bouzkov-birrell-2026-10-01,game,1791031093911,68,1791031047000.0,46.911,True,1791031047070.0,-46.841,-47.257,0.03500000000000003
wta,wta_list,wta-kartal-wa-2026-10-01,point,1791031103090,56,1791031038000.0,65.09,True,1791031037075.0,-66.015,-66.015,0.010000000000000009
wta,wta_list,wta-kartal-wa-2026-10-01,point,1791031133101,57,1791031080000.0,53.101,True,1791031079072.0,-54.029,-54.029,0.020000000000000018
espn,,wta-kartal-wa-2026-10-01,game,1791031141346,58,1791031120000.0,21.346,True,1791031119074.0,-22.272,-22.272,0.030000000000000027
pm_sports,,wta-kartal-wa-2026-10-01,game,1791031162302,58,1791031120000.0,42.302,True,1791031119074.0,-43.228,-43.228,0.030000000000000027
wta,wta_list,wta-bouzkov-birrell-2026-10-01,point,1791031163111,69,1791031111000.0,52.111,True,1791031109857.0,-53.254,-53.254,0.009999999999999898
wta,wta_list,wta-kartal-wa-2026-10-01,game,1791031163111,58,1791031120000.0,43.111,True,1791031119074.0,-44.037,-44.037,0.030000000000000027
wta,wta_score,wta-bouzkov-birrell-2026-10-01,point,1791031189929,70,1791031148000.0,41.929,True,1791031147811.0,-42.118,-42.118,0.009999999999999898
wta,wta_score,wta-andree-boisson-2026-10-03,point,1791031209945,40,1791031181000.0,28.945,True,1791031180187.0,-29.758,-29.758,0.014999999999999986
wta,wta_score,wta-bouzkov-birrell-2026-10-01,point,1791031221959,71,1791031185000.0,36.959,True,1791031183917.0,-38.042,-38.042,0.009999999999999898
wta,wta_list,wta-rybakin-charaev-2026-10-01,point,1791031253164,1,1791031206000.0,47.164,True,,,,
wta,wta_score,wta-bouzkov-birrell-2026-10-01,point,1791031253943,72,1791031216000.0,37.943,True,1791031215394.0,-38.549,-38.549,0.009999999999999898
wta,wta_score,wta-andree-boisson-2026-10-03,point,1791031273948,41,1791031227000.0,46.948,True,1791031230181.0,-43.767,-43.767,0.014999999999999986
wta,wta_list,wta-rybakin-charaev-2026-10-01,point,1791031283156,2,1791031227000.0,56.156,True,,,,
wta,wta_score,wta-kartal-wa-2026-10-01,point,1791031301955,59,1791031276000.0,25.955,True,1791031275264.0,-26.691,-26.691,0.015000000000000013
wta,wta_score,wta-andree-boisson-2026-10-03,point,1791031306087,42,1791031263000.0,43.087,True,1791031263058.0,-43.029,-43.029,0.009999999999999981
wta,wta_list,wta-bouzkov-birrell-2026-10-01,point,1791031313171,73,1791031271000.0,42.171,True,1791031268537.0,-44.634,-44.634,0.020000000000000018
wta,wta_list,wta-kartal-wa-2026-10-01,point,1791031343186,60,1791031302000.0,41.186,True,1791031301071.0,-42.115,-42.115,0.030000000000000027
wta,wta_list,wta-bouzkov-birrell-2026-10-01,point,1791031343186,74,1791031308000.0,35.186,True,1791031307061.0,-36.125,-36.125,0.020000000000000018
