feature,win,bucket,n,gross30_c,gross_res_c,fee5_c,net30_5_c
fill_move,0-3s,"(-1.0, -0.02]",16560,0.031,0.8863,1.0173,-0.9862
fill_move,0-3s,"(-0.02, 0.0]",2959,1.0176,2.7808,1.0026,0.0151
fill_move,0-3s,"(0.0, 0.02]",9352,3.8555,5.0243,1.0058,2.8496
fill_move,0-3s,"(0.02, 0.03]",11447,2.9832,3.0349,1.0018,1.9815
fill_move,0-3s,"(0.03, 0.04]",19711,2.1857,2.805,1.0026,1.1831
fill_move,0-3s,"(0.04, 0.05]",29305,1.2491,1.5663,0.9959,0.2532
fill_move,0-3s,"(0.05, 0.07]",28957,1.2154,1.2171,1.0145,0.2009
fill_move,0-3s,"(0.07, 0.1]",12987,1.4281,0.888,1.0326,0.3956
fill_move,0-3s,"(0.1, 1.0]",5132,1.6796,0.4173,0.9805,0.6991
fill_move,outside 0-3s,"(-1.0, -0.02]",133897,0.7009,1.1085,1.0115,-0.3105
fill_move,outside 0-3s,"(-0.02, 0.0]",258991,0.9315,1.1924,0.9103,0.0212
fill_move,outside 0-3s,"(0.0, 0.02]",580715,0.8967,0.8556,0.8775,0.0193
fill_move,outside 0-3s,"(0.02, 0.03]",190938,0.8497,1.2034,0.9524,-0.1026
fill_move,outside 0-3s,"(0.03, 0.04]",118834,0.8466,0.95,0.9855,-0.1388
fill_move,outside 0-3s,"(0.04, 0.05]",62583,0.9982,1.3505,1.0087,-0.0104
fill_move,outside 0-3s,"(0.05, 0.07]",70861,1.1182,1.2879,1.0211,0.0971
fill_move,outside 0-3s,"(0.07, 0.1]",43417,1.2415,1.4783,1.0244,0.2171
fill_move,outside 0-3s,"(0.1, 1.0]",27331,1.3876,0.0806,0.9699,0.4177
n_prior3,0-3s,"(-1.0, 0.0]",96541,1.7517,1.9591,1.0064,0.7453
n_prior3,0-3s,"(0.0, 1.0]",23428,1.282,1.5975,1.0081,0.2739
n_prior3,0-3s,"(1.0, 3.0]",13697,1.0887,1.7463,1.0162,0.0725
n_prior3,0-3s,"(3.0, 1000000000.0]",5025,1.1262,1.1955,0.9974,0.1289
n_prior3,outside 0-3s,"(-1.0, 0.0]",916032,0.9799,1.0995,0.908,0.0719
n_prior3,outside 0-3s,"(0.0, 1.0]",316238,0.8395,0.9539,0.9437,-0.1043
n_prior3,outside 0-3s,"(1.0, 3.0]",210159,0.7714,1.0589,0.9672,-0.1958
n_prior3,outside 0-3s,"(3.0, 1000000000.0]",107149,0.8194,0.6173,0.9745,-0.1551
q,0-3s,"(0.0, 0.1]",2170,1.7666,2.1651,0.3466,1.42
q,0-3s,"(0.1, 0.2]",8312,1.6053,2.65,0.6698,0.9354
q,0-3s,"(0.2, 0.3]",13058,1.7128,2.717,0.9466,0.7662
q,0-3s,"(0.3, 0.5]",39954,1.6643,1.9657,1.1911,0.4732
q,0-3s,"(0.5, 0.7]",41722,1.6383,1.8191,1.1809,0.4575
q,0-3s,"(0.7, 0.8]",16565,1.477,1.4592,0.9256,0.5513
q,0-3s,"(0.8, 0.9]",11866,1.3645,1.0662,0.6259,0.7386
q,0-3s,"(0.9, 1.0]",5044,0.9032,0.5991,0.2787,0.6245
q,outside 0-3s,"(0.0, 0.1]",70149,0.6992,1.3912,0.2877,0.4114
q,outside 0-3s,"(0.1, 0.2]",107971,0.8861,0.911,0.6589,0.2272
q,outside 0-3s,"(0.2, 0.3]",140103,0.9925,0.5618,0.9442,0.0483
q,outside 0-3s,"(0.3, 0.5]",383420,1.0585,1.155,1.1882,-0.1296
q,outside 0-3s,"(0.5, 0.7]",392512,1.0127,1.5022,1.1792,-0.1665
q,outside 0-3s,"(0.7, 0.8]",180920,0.8738,0.866,0.9227,-0.0489
q,outside 0-3s,"(0.8, 0.9]",162057,0.7209,0.78,0.618,0.103
q,outside 0-3s,"(0.9, 1.0]",112446,0.4469,0.0654,0.2561,0.1909
