bucket,n,n_matches,q_mean,usd_k,gross30,net30,net30_5,net_res,net_res_5,fee,net30_5_lo,net30_5_hi,net_res_5_lo,net_res_5_hi,sd30,sd_res,subset
"(-1.0, -0.01]",11433,3928,0.4698,764.073,0.2569,-0.3983,-0.7638,-0.2351,-0.5997,0.6535,-0.9211,-0.6112,-1.8512,0.5534,6.0112,45.3679,all
"(-0.01, 0.01]",8643,3454,0.5018,493.6298,2.1438,1.5007,1.1314,2.2275,1.8586,0.6426,0.9975,1.2888,0.5299,3.0862,5.1857,45.0628,all
"(0.01, 0.03]",13120,4273,0.5308,763.9409,1.9158,1.2506,0.9021,2.2199,1.8716,0.6647,0.785,1.0058,0.7283,3.1026,4.336,45.1626,all
"(0.03, 0.05]",13652,4693,0.5478,865.9989,1.2518,0.5812,0.2404,1.1923,0.8515,0.6701,0.1395,0.3312,-0.0745,1.8924,4.053,45.0839,all
"(0.05, 1.0]",8909,3512,0.5787,777.932,1.3741,0.6926,0.3552,0.4535,0.117,0.6794,0.2178,0.5135,-1.0701,1.3452,5.3462,45.0431,all
none,82934,8231,0.5344,4627.807,1.7333,1.0869,0.7291,1.2038,0.8465,0.6456,0.6902,0.7715,0.3877,1.2337,4.5676,44.7956,all
"(-1.0, -0.01]",3168,1090,0.4902,318.6782,0.4482,-0.5612,-0.5612,-1.3852,-1.3852,1.0039,-0.8622,-0.279,-3.3882,0.7171,5.5991,44.163,1s/5%
"(-0.01, 0.01]",2160,875,0.5225,175.1034,2.3021,1.2936,1.2936,1.9754,1.9754,1.0061,1.0256,1.6004,-0.5957,4.2687,4.9099,44.6105,1s/5%
"(0.01, 0.03]",3368,1169,0.546,278.964,1.91,0.9013,0.9013,1.9682,1.9682,1.008,0.6555,1.1112,-0.1881,3.9834,4.1678,45.0478,1s/5%
"(0.03, 0.05]",3879,1361,0.5545,333.8922,1.3913,0.3911,0.3911,1.4998,1.4998,0.9997,0.2321,0.5517,-0.3715,3.3791,3.7818,45.3938,1s/5%
"(0.05, 1.0]",2918,1077,0.5883,313.5227,1.5011,0.4944,0.4944,-0.3511,-0.3511,1.0009,0.2423,0.7545,-2.3736,2.0811,4.8089,44.8331,1s/5%
none,24953,2188,0.5443,1640.8423,1.8387,0.833,0.833,0.926,0.926,1.0035,0.765,0.9021,0.1034,1.7545,4.0482,44.6932,1s/5%
