fmb,fast,n,gross30_c,gross_res_c,with_jump
"(-1.0, -0.02]",False,86937,-0.8727,-0.8964,-0.983
"(-1.0, -0.02]",True,16560,0.031,0.8863,-0.96
"(-0.02, 0.0]",False,13868,-2.6337,-3.3323,-0.6992
"(-0.02, 0.0]",True,2959,1.0176,2.7808,-0.2281
"(0.0, 0.02]",False,14878,0.7372,0.8351,0.3682
"(0.0, 0.02]",True,9352,3.8555,5.0243,0.8263
"(0.02, 0.03]",False,13089,2.1278,1.7507,0.8547
"(0.02, 0.03]",True,11447,2.9832,3.0349,0.9684
"(0.03, 0.04]",False,23549,1.2356,1.6009,0.9556
"(0.03, 0.04]",True,19711,2.1857,2.805,0.9893
"(0.04, 0.05]",False,53776,-0.0865,0.225,0.9915
"(0.04, 0.05]",True,29305,1.2491,1.5663,0.9965
"(0.05, 0.07]",False,56900,-0.2803,-0.3244,0.9919
"(0.05, 0.07]",True,28957,1.2154,1.2171,0.9961
"(0.07, 0.1]",False,28003,-0.5405,0.0845,0.9913
"(0.07, 0.1]",True,12987,1.4281,0.888,0.998
"(0.1, 1.0]",False,16077,-3.9851,-2.9921,0.9905
"(0.1, 1.0]",True,5132,1.6796,0.4173,0.9938
