policy,sizing,edge_src,var_src,wallet,zone,usd_cap,match_cap,net_cap,day_cap,wallet_day_cap,stop_k,deploy_frac,filt,kelly_max_mult,family
A0_base_usd1k_match3k,usd_mirror,mo30,res,none,none,1000,3000.0,inf,inf,inf,inf,1.0,(),3.0,A
A1_usd_half,usd_mirror,mo30,res,none,none,1000,3000.0,inf,inf,inf,inf,0.5,(),3.0,A
A2_share_mirror,share_mirror,mo30,res,none,none,1000,3000.0,inf,inf,inf,inf,0.5,(),3.0,A
A3_risk_parity,risk_parity,mo30,res,none,none,1000,3000.0,inf,inf,inf,inf,0.5,(),3.0,A
A4_kelly_mo30,kelly,mo30,res,none,none,1000,3000.0,inf,inf,inf,inf,0.5,(),3.0,A
A5_kelly_mores,kelly,mo_res,res,none,none,1000,3000.0,inf,inf,inf,inf,0.5,(),3.0,A
A6_kelly_mo30_var30,kelly,mo30,m30,none,none,1000,3000.0,inf,inf,inf,inf,0.5,(),3.0,A
A7_kelly_mo30_wallet,kelly,mo30,res,kelly,none,1000,3000.0,inf,inf,inf,inf,0.5,(),3.0,A
B1_zone_wf,usd_mirror,mo30,res,none,wf,1000,3000.0,inf,inf,inf,inf,1.0,(),3.0,B
B2_zone_05_95,usd_mirror,mo30,res,none,0.05-0.95,1000,3000.0,inf,inf,inf,inf,1.0,(),3.0,B
B3_zone_10_90,usd_mirror,mo30,res,none,0.10-0.90,1000,3000.0,inf,inf,inf,inf,1.0,(),3.0,B
B4_wallet_filter,usd_mirror,mo30,res,filter,none,1000,3000.0,inf,inf,inf,inf,1.0,(),3.0,B
B5_min_ticket_5usd,usd_mirror,mo30,res,none,none,1000,3000.0,inf,inf,inf,inf,1.0,"('min5',)",3.0,B
B6_first_clip_only*,usd_mirror,mo30,res,none,none,1000,3000.0,inf,inf,inf,inf,1.0,"('first_only',)",3.0,B*
B7_no_fade*,usd_mirror,mo30,res,none,none,1000,3000.0,inf,inf,inf,inf,1.0,"('no_fade',)",3.0,B*
B8_fill_move_wf*,usd_mirror,mo30,res,none,none,1000,3000.0,inf,inf,inf,inf,1.0,"('fill_wf',)",3.0,B*
C1_match1k,usd_mirror,mo30,res,none,none,1000,1000.0,inf,inf,inf,inf,1.0,(),3.0,C
C2_match10k,usd_mirror,mo30,res,none,none,1000,10000.0,inf,inf,inf,inf,1.0,(),3.0,C
C3_match_none,usd_mirror,mo30,res,none,none,1000,inf,inf,inf,inf,inf,1.0,(),3.0,C
C4_net2000_match10k,usd_mirror,mo30,res,none,none,1000,10000.0,2000.0,inf,inf,inf,1.0,(),3.0,C
C5_net5000_match10k,usd_mirror,mo30,res,none,none,1000,10000.0,5000.0,inf,inf,inf,1.0,(),3.0,C
C6_net2000_match3k,usd_mirror,mo30,res,none,none,1000,3000.0,2000.0,inf,inf,inf,1.0,(),3.0,C
C7_wallet_day5k,usd_mirror,mo30,res,none,none,1000,3000.0,inf,inf,5000.0,inf,1.0,(),3.0,C
C8_wallet_day15k,usd_mirror,mo30,res,none,none,1000,3000.0,inf,inf,15000.0,inf,1.0,(),3.0,C
C9_day50k,usd_mirror,mo30,res,none,none,1000,3000.0,inf,50000.0,inf,inf,1.0,(),3.0,C
C10_day100k,usd_mirror,mo30,res,none,none,1000,3000.0,inf,100000.0,inf,inf,1.0,(),3.0,C
D1_trade100_match300,usd_mirror,mo30,res,none,none,100,300.0,inf,inf,inf,inf,1.0,(),3.0,D
D2_trade250_match750,usd_mirror,mo30,res,none,none,250,750.0,inf,inf,inf,inf,1.0,(),3.0,D
D3_trade500_match1500,usd_mirror,mo30,res,none,none,500,1500.0,inf,inf,inf,inf,1.0,(),3.0,D
D4_trade2500_match7500,usd_mirror,mo30,res,none,none,2500,7500.0,inf,inf,inf,inf,1.0,(),3.0,D
D5_trade5000_match15k,usd_mirror,mo30,res,none,none,5000,15000.0,inf,inf,inf,inf,1.0,(),3.0,D
E1_stop2sigma,usd_mirror,mo30,res,none,none,1000,3000.0,inf,inf,inf,2.0,1.0,(),3.0,E
E2_stop3sigma,usd_mirror,mo30,res,none,none,1000,3000.0,inf,inf,inf,3.0,1.0,(),3.0,E
E3_rp_stop2sigma,risk_parity,mo30,res,none,none,1000,3000.0,inf,inf,inf,2.0,0.5,(),3.0,E
F1_rp_zonewf_wallet,risk_parity,mo30,res,filter,wf,1000,3000.0,inf,inf,inf,inf,0.5,(),3.0,F
F2_rp_wallet_net2000,risk_parity,mo30,res,filter,none,1000,3000.0,2000.0,inf,inf,inf,0.5,(),3.0,F
F3_kelw_zonewf_net2000,kelly,mo30,res,kelly,wf,1000,3000.0,2000.0,inf,inf,inf,0.5,(),3.0,F
F4_rp_25pct,risk_parity,mo30,res,none,none,1000,3000.0,inf,inf,inf,inf,0.25,(),3.0,F
F5_rp_75pct,risk_parity,mo30,res,none,none,1000,3000.0,inf,inf,inf,inf,0.75,(),3.0,F
F6_usd_25pct,usd_mirror,mo30,res,none,none,1000,3000.0,inf,inf,inf,inf,0.25,(),3.0,F
F7_usd_75pct,usd_mirror,mo30,res,none,none,1000,3000.0,inf,inf,inf,inf,0.75,(),3.0,F
F8_rp_zone05_wallet_net2000,risk_parity,mo30,res,filter,0.05-0.95,1000,3000.0,2000.0,inf,inf,inf,0.5,(),3.0,F
F9_F8_stop2sigma,risk_parity,mo30,res,filter,0.05-0.95,1000,3000.0,2000.0,inf,inf,2.0,0.5,(),3.0,F
F10_F8_25pct,risk_parity,mo30,res,filter,0.05-0.95,1000,3000.0,2000.0,inf,inf,inf,0.25,(),3.0,F
F11_F8_75pct,risk_parity,mo30,res,filter,0.05-0.95,1000,3000.0,2000.0,inf,inf,inf,0.75,(),3.0,F
F12_F8_100pct,risk_parity,mo30,res,filter,0.05-0.95,1000,3000.0,2000.0,inf,inf,inf,1.0,(),3.0,F
G_25pct_net500,risk_parity,mo30,res,filter,0.05-0.95,1000,3000.0,500.0,inf,inf,inf,0.25,(),3.0,G
G_25pct_net250,risk_parity,mo30,res,filter,0.05-0.95,1000,3000.0,250.0,inf,inf,inf,0.25,(),3.0,G
G_25pct_net100,risk_parity,mo30,res,filter,0.05-0.95,1000,3000.0,100.0,inf,inf,inf,0.25,(),3.0,G
G_50pct_net500,risk_parity,mo30,res,filter,0.05-0.95,1000,3000.0,500.0,inf,inf,inf,0.5,(),3.0,G
G_50pct_net250,risk_parity,mo30,res,filter,0.05-0.95,1000,3000.0,250.0,inf,inf,inf,0.5,(),3.0,G
G_50pct_net100,risk_parity,mo30,res,filter,0.05-0.95,1000,3000.0,100.0,inf,inf,inf,0.5,(),3.0,G
G_100pct_net500,risk_parity,mo30,res,filter,0.05-0.95,1000,3000.0,500.0,inf,inf,inf,1.0,(),3.0,G
G_100pct_net250,risk_parity,mo30,res,filter,0.05-0.95,1000,3000.0,250.0,inf,inf,inf,1.0,(),3.0,G
G_100pct_net100,risk_parity,mo30,res,filter,0.05-0.95,1000,3000.0,100.0,inf,inf,inf,1.0,(),3.0,G
