measure,month,subset,n,matches,usd_traded,pnl_usd,per_share_c,ci_lo_c,ci_hi_c,per_print_c,sharpe_ann,worst_day_usd,max_dd_usd,days
res,2026-02,2026-02,6527,929,153713.7556,5670.6732,1.898,1.1881,2.5902,1.8295,21.5722,-220.5051,-229.7817,28
res,2026-03,2026-03,2337,402,60213.6007,2090.9233,1.7995,0.6537,3.0147,0.8364,9.5802,-75.318,-75.318,31
res,2026-04,2026-04,8729,1346,194464.0291,8923.4666,2.2618,1.5873,2.8731,1.7968,20.2528,-78.0539,-78.0539,30
res,2026-05,2026-05,15574,1385,251564.4962,9673.6779,1.8854,1.3689,2.4338,1.6453,26.7175,-135.0029,-135.0029,31
res,2026-06,2026-06,12380,1236,239817.7226,8389.7806,1.7486,1.2226,2.2636,1.3856,28.1121,-34.4184,-34.4184,30
res,2026-07,2026-07,13101,1360,262439.8111,5368.2121,1.0256,0.5395,1.5294,1.7534,15.7097,-186.6971,-287.8878,31
res,2026-08,2026-08,8837,1132,206382.6072,3150.8589,0.7777,0.1951,1.3564,0.8844,7.2803,-485.8465,-922.2643,25
m30,2026-02,2026-02,6527,929,153713.7556,2872.0482,0.9613,0.7772,1.1375,1.18,30.9288,-22.6978,-22.6978,28
m30,2026-03,2026-03,2337,402,60213.6007,2278.7198,1.9611,1.6894,2.2416,2.0893,11.8701,0.0,0.0,31
m30,2026-04,2026-04,8729,1346,194464.0291,5985.9334,1.5172,1.3654,1.6655,1.5469,31.8532,-3.8038,-3.8038,30
m30,2026-05,2026-05,15574,1385,251564.4962,8000.5557,1.5593,1.3831,1.7406,1.4321,26.8046,32.8257,0.0,31
m30,2026-06,2026-06,12380,1236,239817.7226,5479.7865,1.1421,1.0046,1.2856,1.1811,28.8842,8.3499,0.0,30
m30,2026-07,2026-07,13101,1360,262439.8111,3955.3549,0.7556,0.6377,0.8724,0.9954,26.5209,-17.5409,-17.5409,31
m30,2026-08,2026-08,8837,1132,206382.6072,3699.9699,0.9133,0.7625,1.062,1.0983,34.8089,-9.7066,-9.7066,25
m30x,2026-02,2026-02,6527,929,153713.7556,1382.7707,0.4628,0.2787,0.6393,0.6809,16.7977,-45.5703,-45.5703,28
m30x,2026-03,2026-03,2337,402,60213.6007,1555.8623,1.339,1.0649,1.6209,1.4687,11.5337,-2.373,-2.373,31
m30x,2026-04,2026-04,8729,1346,194464.0291,1721.9816,0.4365,0.2862,0.5825,0.4613,16.7235,-68.5385,-68.5385,30
m30x,2026-05,2026-05,15574,1385,251564.4962,2482.7462,0.4839,0.307,0.6647,0.3604,12.5862,-59.0251,-86.9695,31
m30x,2026-06,2026-06,12380,1236,239817.7226,308.7469,0.0643,-0.0729,0.2082,0.0933,2.3062,-129.4721,-646.7042,30
m30x,2026-07,2026-07,13101,1360,262439.8111,-3017.8981,-0.5765,-0.6991,-0.4572,-0.3693,-18.7043,-353.5198,-3080.737,31
m30x,2026-08,2026-08,8837,1132,206382.6072,-2141.8742,-0.5287,-0.6786,-0.3809,-0.371,-23.1198,-323.1012,-2025.3015,25
