policy,measure,subset,n,matches,usd_traded,pnl_usd,per_share_c,ci_lo_c,ci_hi_c,per_print_c,sharpe_ann,worst_day_usd,max_dd_usd,days
G_50pct_net100,res,all,67485,7783,1368596.0226,43267.5927,1.5843,1.3529,1.7979,1.5284,16.7686,-485.8465,-922.2643,206
G_50pct_net100,res,1s/3%,24375,2294,455238.1333,15575.8876,1.7041,1.3513,2.0812,1.6495,25.2451,-146.3887,-287.8878,57
G_50pct_net100,res,1s/5%,18036,2167,391831.8303,6876.5548,0.8879,0.4703,1.3099,1.3611,10.0269,-485.8465,-922.2643,46
G_50pct_net100,res,3s/0%,8395,1242,201811.4534,7344.273,1.8781,1.2542,2.4712,1.652,14.2006,-220.5051,-229.7817,59
G_50pct_net100,res,3s/3%,16679,2080,319714.6055,13470.8773,2.0679,1.5395,2.5949,1.4701,21.6104,-87.5084,-87.5084,46
G_50pct_net100,m30,all,67485,7783,1368596.0226,32272.3685,1.1817,1.1167,1.2423,1.2708,22.8654,-22.6978,-22.6978,206
G_50pct_net100,m30,1s/3%,24375,2294,455238.1333,11508.886,1.2592,1.161,1.3607,1.2825,27.4907,-17.5409,-17.5409,57
G_50pct_net100,m30,1s/5%,18036,2167,391831.8303,6041.6357,0.7801,0.6806,0.8834,1.0295,33.9741,-9.7066,-9.7066,46
G_50pct_net100,m30,3s/0%,8395,1242,201811.4534,4758.2911,1.2168,1.0519,1.3858,1.3967,17.7879,-22.6978,-22.6978,59
G_50pct_net100,m30,3s/3%,16679,2080,319714.6055,9963.5558,1.5295,1.3756,1.6881,1.4512,26.5304,-3.8038,-3.8038,46
G_50pct_net100,m30x,all,67485,7783,1368596.0226,2292.3352,0.0839,0.0183,0.1473,0.1564,1.9701,-353.5198,-5452.5796,206
G_50pct_net100,m30x,1s/3%,24375,2294,455238.1333,1643.4157,0.1798,0.0828,0.2814,0.1987,6.3101,-129.4721,-646.7042,57
G_50pct_net100,m30x,1s/5%,18036,2167,391831.8303,-5102.0727,-0.6588,-0.7592,-0.5547,-0.4445,-26.1767,-353.5198,-5005.5243,46
G_50pct_net100,m30x,3s/0%,8395,1242,201811.4534,2807.8139,0.718,0.5536,0.8872,0.8974,13.4641,-45.5703,-45.5703,59
G_50pct_net100,m30x,3s/3%,16679,2080,319714.6055,2943.1783,0.4518,0.2995,0.6075,0.3714,11.708,-68.5385,-68.5385,46
G_50pct_net250,res,all,79831,7783,2137794.2728,70568.6943,1.6707,1.3511,1.9725,1.6049,13.8645,-1149.3137,-3332.7325,206
G_50pct_net250,res,1s/3%,28803,2294,702325.1926,25457.5033,1.821,1.3137,2.3299,1.7191,22.0331,-498.4255,-664.4415,57
G_50pct_net250,res,1s/5%,21682,2167,643630.4995,10080.0094,0.8037,0.236,1.3361,1.3285,7.2202,-1149.3137,-3332.7325,46
G_50pct_net250,res,3s/0%,9908,1242,300507.1586,13283.5824,2.3165,1.47,3.1559,1.9194,11.5182,-484.8515,-484.8515,59
G_50pct_net250,res,3s/3%,19438,2080,491331.4221,21747.5992,2.1786,1.4957,2.8714,1.5839,17.9152,-245.366,-245.366,46
G_50pct_net250,m30,all,79831,7783,2137794.2728,51099.1104,1.2098,1.1472,1.2692,1.3095,23.6154,-63.189,-63.189,206
G_50pct_net250,m30,1s/3%,28803,2294,702325.1926,17964.1371,1.285,1.1901,1.3812,1.3247,29.6996,-63.189,-63.189,57
G_50pct_net250,m30,1s/5%,21682,2167,643630.4995,10257.7493,0.8179,0.7266,0.9171,1.0659,33.7753,31.9296,0.0,46
G_50pct_net250,m30,3s/0%,9908,1242,300507.1586,7452.0075,1.2995,1.1474,1.4524,1.4218,17.8083,0.0,0.0,59
G_50pct_net250,m30,3s/3%,19438,2080,491331.4221,15425.2165,1.5452,1.3911,1.6965,1.5014,26.0524,21.6099,0.0,46
G_50pct_net250,m30x,all,79831,7783,2137794.2728,4721.6135,0.1118,0.0488,0.1728,0.1946,2.6591,-397.8492,-8073.6876,206
G_50pct_net250,m30x,1s/3%,28803,2294,702325.1926,2973.0629,0.2127,0.1163,0.3075,0.2419,7.8289,-200.8083,-754.1819,57
G_50pct_net250,m30x,1s/5%,21682,2167,643630.4995,-7558.8462,-0.6027,-0.695,-0.5033,-0.4042,-31.5334,-397.8492,-7381.5282,46
G_50pct_net250,m30x,3s/0%,9908,1242,300507.1586,4591.49,0.8007,0.6487,0.954,0.9226,14.223,-46.097,-46.097,59
G_50pct_net250,m30x,3s/3%,19438,2080,491331.4221,4715.9068,0.4724,0.3179,0.6219,0.4213,10.9286,-68.4443,-97.4136,46
G_100pct_net250,res,all,74576,7783,2354644.9378,77883.6773,1.6647,1.3449,1.9648,1.4896,13.6062,-1048.775,-3114.9131,206
G_100pct_net250,res,1s/3%,26918,2294,774191.5825,26891.0947,1.7397,1.228,2.2457,1.5442,19.7354,-633.6634,-633.6634,57
G_100pct_net250,res,1s/5%,20163,2167,696846.3321,11036.6871,0.8064,0.2516,1.3496,1.1685,7.5656,-1048.775,-3114.9131,46
G_100pct_net250,res,3s/0%,9209,1242,340422.5839,14596.0166,2.2256,1.385,3.0254,1.9413,11.5356,-598.5949,-620.7224,59
G_100pct_net250,res,3s/3%,18286,2080,543184.4394,25359.8789,2.288,1.5921,2.9789,1.5359,17.3931,-413.9699,-413.9699,46
G_100pct_net250,m30,all,74576,7783,2354644.9378,56309.834,1.2036,1.1325,1.2702,1.2949,21.8591,-102.5374,-102.5374,206
G_100pct_net250,m30,1s/3%,26918,2294,774191.5825,19680.1024,1.2732,1.1634,1.3848,1.3053,28.7595,-102.5374,-102.5374,57
G_100pct_net250,m30,1s/5%,20163,2167,696846.3321,10752.2537,0.7857,0.6733,0.8965,1.0669,31.3476,-9.1918,-9.1918,46
G_100pct_net250,m30,3s/0%,9209,1242,340422.5839,8396.0489,1.2802,1.0997,1.4585,1.3581,17.3337,-1.3594,-1.3594,59
G_100pct_net250,m30,3s/3%,18286,2080,543184.4394,17481.429,1.5772,1.4062,1.7547,1.4992,22.73,-38.5315,-38.5315,46
G_100pct_net250,m30x,all,74576,7783,2354644.9378,4816.5646,0.1029,0.031,0.1714,0.1813,2.2123,-457.923,-9545.1026,206
G_100pct_net250,m30x,1s/3%,26918,2294,774191.5825,2994.9375,0.1938,0.0835,0.305,0.2233,6.7548,-274.4335,-1017.6716,57
G_100pct_net250,m30x,1s/5%,20163,2167,696846.3321,-8807.3365,-0.6435,-0.7567,-0.5287,-0.4018,-29.0349,-457.923,-8621.1054,46
G_100pct_net250,m30x,3s/0%,9209,1242,340422.5839,5123.1489,0.7812,0.6011,0.9593,0.8589,13.6008,-49.4248,-49.4248,59
G_100pct_net250,m30x,3s/3%,18286,2080,543184.4394,5505.8147,0.4967,0.3273,0.6761,0.4212,9.2967,-140.7434,-140.7434,46
F10_F8_25pct,res,all,92685,7783,1416265.5001,50342.6799,1.8367,1.3553,2.293,1.7161,9.5922,-1601.7622,-3594.2799,206
F10_F8_25pct,res,1s/3%,33193,2294,464283.235,15574.6999,1.7119,0.936,2.5377,1.7231,11.9925,-961.6437,-1455.2724,57
F10_F8_25pct,res,1s/5%,26044,2167,447179.123,12117.704,1.4452,0.511,2.338,1.4539,8.0217,-1601.7622,-3594.2799,46
F10_F8_25pct,res,3s/0%,11340,1242,186878.7262,5982.7129,1.7014,0.4139,2.9845,1.649,6.5698,-527.4047,-711.5763,59
F10_F8_25pct,res,3s/3%,22108,2080,317924.4159,16667.5632,2.6001,1.6073,3.5933,2.0491,12.6871,-503.0885,-503.0885,46
F10_F8_25pct,m30,all,92685,7783,1416265.5001,35842.5477,1.3077,1.2535,1.3658,1.3393,24.5879,-10.7594,-10.7594,206
F10_F8_25pct,m30,1s/3%,33193,2294,464283.235,12283.5147,1.3501,1.2694,1.4316,1.3443,29.4678,-4.1709,-4.1709,57
F10_F8_25pct,m30,1s/5%,26044,2167,447179.123,8650.4991,1.0317,0.9466,1.1282,1.1248,35.66,45.2967,0.0,46
F10_F8_25pct,m30,3s/0%,11340,1242,186878.7262,4639.0092,1.3193,1.1831,1.4579,1.4316,18.2933,-10.7594,-10.7594,59
F10_F8_25pct,m30,3s/3%,22108,2080,317924.4159,10269.5247,1.602,1.458,1.7544,1.5371,27.399,10.5829,0.0,46
F10_F8_25pct,m30x,all,92685,7783,1416265.5001,6015.0406,0.2195,0.1643,0.2779,0.2258,5.8323,-278.6542,-3118.2017,206
F10_F8_25pct,m30x,1s/3%,33193,2294,464283.235,2651.0744,0.2914,0.2115,0.3707,0.2664,11.0498,-109.4828,-334.8796,57
F10_F8_25pct,m30x,1s/5%,26044,2167,447179.123,-3029.4814,-0.3613,-0.4484,-0.2635,-0.3323,-16.7106,-278.6542,-2932.095,46
F10_F8_25pct,m30x,3s/0%,11340,1242,186878.7262,2885.548,0.8206,0.6846,0.9593,0.9325,14.6891,-46.4644,-46.4644,59
F10_F8_25pct,m30x,3s/3%,22108,2080,317924.4159,3507.8997,0.5472,0.4054,0.7,0.4597,14.2179,-43.3299,-50.8838,46
F8_rp_zone05_wallet_net2000,res,all,92505,7783,3059323.1453,112115.6958,1.8898,1.322,2.4466,1.7054,8.8137,-3859.5586,-9817.5325,206
F8_rp_zone05_wallet_net2000,res,1s/3%,33141,2294,972061.2499,33482.263,1.7613,0.8262,2.7618,1.6671,12.6987,-1571.6677,-2046.0028,57
F8_rp_zone05_wallet_net2000,res,1s/5%,25919,2167,1015980.0342,25177.0384,1.3084,0.2151,2.3266,1.4824,6.487,-3859.5586,-9817.5325,46
F8_rp_zone05_wallet_net2000,res,3s/0%,11340,1242,403186.4135,14661.3468,1.9432,0.5502,3.3878,1.649,6.1477,-1514.171,-2766.3533,59
F8_rp_zone05_wallet_net2000,res,3s/3%,22105,2080,668095.4477,38795.0475,2.868,1.7231,4.0787,2.0532,11.9633,-1912.6834,-1912.6834,46
F8_rp_zone05_wallet_net2000,m30,all,92505,7783,3059323.1453,75698.3231,1.276,1.2155,1.339,1.336,23.9009,-79.218,-79.218,206
F8_rp_zone05_wallet_net2000,m30,1s/3%,33141,2294,972061.2499,24940.677,1.312,1.2183,1.405,1.3425,30.3602,-79.218,-79.218,57
F8_rp_zone05_wallet_net2000,m30,1s/5%,25919,2167,1015980.0342,18737.8529,0.9737,0.8689,1.0858,1.1152,32.9199,100.7436,0.0,46
F8_rp_zone05_wallet_net2000,m30,3s/0%,11340,1242,403186.4135,10213.8767,1.3537,1.1905,1.5198,1.4316,17.5911,-41.6383,-41.6383,59
F8_rp_zone05_wallet_net2000,m30,3s/3%,22105,2080,668095.4477,21805.9164,1.612,1.4548,1.7685,1.536,24.9589,22.0772,0.0,46
F8_rp_zone05_wallet_net2000,m30x,all,92505,7783,3059323.1453,10639.2073,0.1793,0.1174,0.2458,0.2227,4.2914,-651.4032,-8860.9963,206
F8_rp_zone05_wallet_net2000,m30x,1s/3%,33141,2294,972061.2499,4781.8334,0.2515,0.1587,0.3439,0.2646,8.968,-260.4036,-862.2568,57
F8_rp_zone05_wallet_net2000,m30x,1s/5%,25919,2167,1015980.0342,-7998.7395,-0.4157,-0.5214,-0.3031,-0.3426,-18.4175,-651.4032,-7757.9341,46
F8_rp_zone05_wallet_net2000,m30x,3s/0%,11340,1242,403186.4135,6452.2681,0.8552,0.6917,1.0214,0.9325,13.9632,-118.9929,-118.9929,59
F8_rp_zone05_wallet_net2000,m30x,3s/3%,22105,2080,668095.4477,7403.8453,0.5473,0.3913,0.7032,0.4585,11.5495,-117.31,-117.31,46
F9_F8_stop2sigma,res,all,91040,7639,3002874.7277,113626.7074,1.9502,1.3822,2.5051,1.7139,9.26,-2766.3291,-6837.7236,206
F9_F8_stop2sigma,res,1s/3%,33141,2294,972061.2499,33482.263,1.7613,0.8262,2.7618,1.6671,12.6987,-1571.6677,-2046.0028,57
F9_F8_stop2sigma,res,1s/5%,25476,2138,994988.5307,28156.8472,1.4939,0.3798,2.6329,1.5865,8.0274,-2766.3291,-6837.7236,46
F9_F8_stop2sigma,res,3s/0%,10318,1127,367729.4995,13192.5497,1.9175,0.3581,3.4051,1.4523,5.4926,-1178.0211,-2116.4561,59
F9_F8_stop2sigma,res,3s/3%,22105,2080,668095.4477,38795.0475,2.868,1.7231,4.0787,2.0532,11.9633,-1912.6834,-1912.6834,46
F9_F8_stop2sigma,m30,all,92505,7783,3059323.1453,75698.3231,1.276,1.2155,1.339,1.336,23.9009,-79.218,-79.218,206
F9_F8_stop2sigma,m30,1s/3%,33141,2294,972061.2499,24940.677,1.312,1.2183,1.405,1.3425,30.3602,-79.218,-79.218,57
F9_F8_stop2sigma,m30,1s/5%,25919,2167,1015980.0342,18737.8529,0.9737,0.8689,1.0858,1.1152,32.9199,100.7436,0.0,46
F9_F8_stop2sigma,m30,3s/0%,11340,1242,403186.4135,10213.8767,1.3537,1.1905,1.5198,1.4316,17.5911,-41.6383,-41.6383,59
F9_F8_stop2sigma,m30,3s/3%,22105,2080,668095.4477,21805.9164,1.612,1.4548,1.7685,1.536,24.9589,22.0772,0.0,46
F9_F8_stop2sigma,m30x,all,91033,7729,3005799.0293,11217.4765,0.1925,0.1293,0.2582,0.2339,4.6608,-440.5788,-8282.7271,206
F9_F8_stop2sigma,m30x,1s/3%,33141,2294,972061.2499,4781.8334,0.2515,0.1587,0.3439,0.2646,8.968,-260.4036,-862.2568,57
F9_F8_stop2sigma,m30x,1s/5%,24447,2113,962455.9183,-7420.4703,-0.4077,-0.5214,-0.2994,-0.3349,-19.7497,-440.5788,-7179.6649,46
F9_F8_stop2sigma,m30x,3s/0%,11340,1242,403186.4135,6452.2681,0.8552,0.6917,1.0214,0.9325,13.9632,-118.9929,-118.9929,59
F9_F8_stop2sigma,m30x,3s/3%,22105,2080,668095.4477,7403.8453,0.5473,0.3913,0.7032,0.4585,11.5495,-117.31,-117.31,46
A0_base_usd1k_match3k,res,all,127505,7894,7066118.139,320807.3957,2.127,1.1332,3.114,1.1667,5.9656,-15182.7144,-37838.9054,206
A0_base_usd1k_match3k,res,1s/3%,47429,2325,2107033.899,90751.5818,2.0621,0.2723,4.0307,1.212,6.5984,-7431.6102,-9929.07,57
A0_base_usd1k_match3k,res,1s/5%,37041,2224,2486322.7746,121322.8523,2.2454,0.5093,3.925,0.5677,7.1421,-15182.7144,-37838.9054,46
A0_base_usd1k_match3k,res,3s/0%,11312,1245,925186.9443,25454.2733,1.3674,-1.027,3.6325,1.6439,2.6507,-5330.8169,-24245.4262,59
A0_base_usd1k_match3k,res,3s/3%,31723,2100,1547574.521,83278.6883,2.437,0.6379,4.3632,1.6281,7.3456,-6719.0713,-29157.8034,46
A0_base_usd1k_match3k,m30,all,127505,7894,7066118.139,155259.7878,1.0294,0.9164,1.1452,0.8549,16.3867,-378.3812,-378.3812,206
A0_base_usd1k_match3k,m30,1s/3%,47429,2325,2107033.899,49214.9331,1.1183,0.9704,1.2705,0.7733,25.7734,-378.3812,-378.3812,57
A0_base_usd1k_match3k,m30,1s/5%,37041,2224,2486322.7746,31687.5022,0.5865,0.4357,0.7409,0.6218,19.2563,-255.901,-348.3788,46
A0_base_usd1k_match3k,m30,3s/0%,11312,1245,925186.9443,23961.995,1.2872,0.9978,1.6045,1.4015,16.4583,-134.575,-134.575,59
A0_base_usd1k_match3k,m30,3s/3%,31723,2100,1547574.521,50395.3575,1.4747,1.1578,1.8434,1.0544,14.8941,-89.4742,-9.9247,46
A0_base_usd1k_match3k,m30x,all,127505,7894,7066118.139,-13762.0384,-0.0912,-0.2064,0.0278,-0.3064,-1.4836,-3563.5407,-50558.0643,206
A0_base_usd1k_match3k,m30x,1s/3%,47429,2325,2107033.899,2559.2877,0.0582,-0.0861,0.211,-0.326,1.7992,-1053.5984,-5566.7445,57
A0_base_usd1k_match3k,m30x,1s/5%,37041,2224,2486322.7746,-45079.7685,-0.8343,-0.9844,-0.6799,-0.8715,-26.2045,-3563.5407,-44182.2244,46
A0_base_usd1k_match3k,m30x,3s/0%,11312,1245,925186.9443,14934.1535,0.8022,0.5145,1.1129,0.903,12.2316,-385.782,-780.5812,59
A0_base_usd1k_match3k,m30x,3s/3%,31723,2100,1547574.521,13824.2889,0.4045,0.0806,0.7867,-0.0487,5.1259,-1476.6252,-2883.71,46
