policy,shape,deploy_frac,measure,sharpe_ann,pnl_usd,per_share_c,capital_usd,max_dd_pct,worst_day_pct,sharpe_1s5,usd_traded_per_30d_1s5,pnl_per_30d_1s5,per_share_1s5_c,ci_1s5
F6_usd_25pct,usd mirror,0.25,res,5.4858,88642.9,2.0561,26959.5198,-51.364,-20.4044,6.6769,505238.3216,21750.9319,1.9878,"[0.22261282560945367, 3.6797928016836337]"
F6_usd_25pct,usd mirror,0.25,m30,16.7636,45942.6765,1.0656,26959.5198,-0.3671,-0.3505,19.1034,505238.3216,7769.2098,0.71,"[0.5268033298177787, 0.9061181135815366]"
A1_usd_half,usd mirror,0.5,res,5.2847,166063.7139,1.971,53335.5891,-48.3745,-17.9982,5.9999,967098.4287,37843.4772,1.8072,"[0.11248100868500333, 3.348835142332692]"
A1_usd_half,usd mirror,0.5,m30,17.0373,87062.5012,1.0333,53335.5891,-0.3544,-0.3544,20.2776,967098.4287,13130.2694,0.627,"[0.464886463806037, 0.7979632679559059]"
F7_usd_75pct,usd mirror,0.75,res,5.7666,247441.9762,2.0632,80003.3837,-41.4857,-14.4756,6.5716,1345274.6229,57772.182,1.9767,"[0.28152744698614024, 3.5946767518163822]"
F7_usd_75pct,usd mirror,0.75,m30,16.5873,122983.427,1.0255,80003.3837,-0.5783,-0.5783,18.5763,1345274.6229,16978.8224,0.5809,"[0.4214281788528763, 0.7422506687705567]"
A0_base_usd1k_match3k,usd mirror,1.0,res,5.9656,320807.3957,2.127,101999.0122,-37.0973,-14.8852,7.1421,1646312.6864,80333.6369,2.2454,"[0.5092719832870105, 3.9250224854208775]"
A0_base_usd1k_match3k,usd mirror,1.0,m30,16.3867,155259.7878,1.0294,101999.0122,-0.371,-0.371,19.2563,1646312.6864,20981.8039,0.5865,"[0.4356995390354651, 0.7409253600298866]"
F10_F8_25pct,"rp+wallet+zone, net<=2000",0.25,res,9.5922,50342.6799,1.8367,22892.6669,-15.7006,-6.9968,8.0217,296098.5882,8023.7087,1.4452,"[0.5109618604691805, 2.3379658342201353]"
F10_F8_25pct,"rp+wallet+zone, net<=2000",0.25,m30,24.5879,35842.5477,1.3077,22892.6669,-0.047,-0.047,35.66,296098.5882,5727.9073,1.0317,"[0.9465813355875182, 1.1282290571288516]"
F8_rp_zone05_wallet_net2000,"rp+wallet+zone, net<=2000",0.5,res,8.8137,112115.6958,1.8898,43806.5218,-22.4111,-8.8105,6.487,672728.7529,16670.9158,1.3084,"[0.21514899454609318, 2.326607408135479]"
F8_rp_zone05_wallet_net2000,"rp+wallet+zone, net<=2000",0.5,m30,23.9009,75698.3231,1.276,43806.5218,-0.1808,-0.1808,32.9199,672728.7529,12407.2246,0.9737,"[0.8688925364339378, 1.085836830896908]"
F11_F8_75pct,"rp+wallet+zone, net<=2000",0.75,res,7.6613,160681.3977,1.7981,65842.062,-23.8335,-10.5345,6.8801,975260.4533,27438.2764,1.4474,"[0.31025565726659154, 2.5275325147198124]"
F11_F8_75pct,"rp+wallet+zone, net<=2000",0.75,m30,22.6053,111822.1523,1.2514,65842.062,-0.3644,-0.3644,28.981,975260.4533,17458.5361,0.9209,"[0.8039770901623404, 1.0421553567605946]"
F12_F8_100pct,"rp+wallet+zone, net<=2000",1.0,res,6.5487,185554.6198,1.6976,78887.5485,-26.7698,-10.3897,6.9106,1099915.9425,32711.0946,1.4695,"[0.24282025075734703, 2.6502361316837324]"
F12_F8_100pct,"rp+wallet+zone, net<=2000",1.0,m30,19.1482,133090.1189,1.2176,78887.5485,-0.3886,-0.3886,29.5699,1099915.9425,19678.4204,0.8841,"[0.7430868062815099, 1.0281964045641265]"
G_25pct_net500,"rp+wallet+zone, net<=500",0.25,res,9.8502,48866.6079,1.804,22826.2618,-14.7319,-5.2036,8.2833,288876.1785,7514.5824,1.3822,"[0.5282120161033533, 2.205462086725279]"
G_25pct_net500,"rp+wallet+zone, net<=500",0.25,m30,24.408,35191.6611,1.2991,22826.2618,-0.0471,-0.0471,37.4625,288876.1785,5410.0634,0.9951,"[0.9151249139981124, 1.0827007105793505]"
G_50pct_net500,"rp+wallet+zone, net<=500",0.5,res,10.8302,87980.2387,1.6971,39822.9034,-17.3126,-5.0985,6.2404,547288.7505,9511.6967,0.9017,"[0.14817316133118036, 1.60506898825696]"
G_50pct_net500,"rp+wallet+zone, net<=500",0.5,m30,24.3125,64718.1965,1.2484,39822.9034,-0.1539,-0.1539,32.8141,547288.7505,9245.9513,0.8765,"[0.7822661292448543, 0.9733983366733103]"
G_100pct_net500,"rp+wallet+zone, net<=500",1.0,res,10.6315,110285.2703,1.661,47976.9422,-15.078,-5.0857,6.216,665822.3352,10295.5657,0.7848,"[0.07813560628119764, 1.4650733523051385]"
G_100pct_net500,"rp+wallet+zone, net<=500",1.0,m30,20.9873,79137.6363,1.1919,47976.9422,-0.299,-0.299,28.7194,665822.3352,10450.8132,0.7967,"[0.6778722684897063, 0.9108872287831223]"
G_25pct_net250,"rp+wallet+zone, net<=250",0.25,res,11.2771,42990.3489,1.6815,22063.8146,-11.8168,-3.6988,8.3471,263918.2128,5752.7088,1.145,"[0.4300977579099958, 1.8344325237093007]"
G_25pct_net250,"rp+wallet+zone, net<=250",0.25,m30,24.7614,33017.1141,1.2914,22063.8146,-0.017,-0.017,37.3757,263918.2128,4918.7627,0.979,"[0.9004812215934698, 1.0630211586770055]"
G_50pct_net250,"rp+wallet+zone, net<=250",0.5,res,13.8645,70568.6943,1.6707,34243.6186,-9.7324,-3.3563,7.2202,426178.3979,6674.4541,0.8037,"[0.2360269611956714, 1.3361399005873065]"
G_50pct_net250,"rp+wallet+zone, net<=250",0.5,m30,23.6154,51099.1104,1.2098,34243.6186,-0.1845,-0.1845,33.7753,426178.3979,6792.1442,0.8179,"[0.7266154510593179, 0.9170654942260649]"
G_100pct_net250,"rp+wallet+zone, net<=250",1.0,res,13.6062,77883.6773,1.6647,37604.3373,-8.2834,-2.789,7.5656,461415.1343,7307.916,0.8064,"[0.25164936859883963, 1.349554630455587]"
G_100pct_net250,"rp+wallet+zone, net<=250",1.0,m30,21.8591,56309.834,1.2036,37604.3373,-0.2727,-0.2727,31.3476,461415.1343,7119.5791,0.7857,"[0.6732900226993095, 0.8964556656113263]"
G_25pct_net100,"rp+wallet+zone, net<=100",0.25,res,15.3601,33284.1547,1.6025,18486.5843,-6.0482,-2.419,10.5702,203601.0558,4036.2075,1.0177,"[0.5463175986395046, 1.4910069058197737]"
G_25pct_net100,"rp+wallet+zone, net<=100",0.25,m30,24.3377,25956.1304,1.2497,18486.5843,0.0,0.0,35.6443,203601.0558,3608.7922,0.9099,"[0.8343746069536409, 0.9936717601142984]"
G_50pct_net100,"rp+wallet+zone, net<=100",0.5,res,16.7686,43267.5927,1.5843,23198.9502,-3.9755,-2.0943,10.0269,259450.5105,4553.2943,0.8879,"[0.4702859496057028, 1.3098674590575812]"
G_50pct_net100,"rp+wallet+zone, net<=100",0.5,m30,22.8654,32272.3685,1.1817,23198.9502,-0.0978,-0.0978,33.9741,259450.5105,4000.4546,0.7801,"[0.6805555244211037, 0.883418182911719]"
G_100pct_net100,"rp+wallet+zone, net<=100",1.0,res,16.724,43428.6585,1.5854,23198.9502,-3.9755,-2.0943,10.0214,259480.4935,4551.2214,0.8874,"[0.4696740579289418, 1.3088885417360243]"
G_100pct_net100,"rp+wallet+zone, net<=100",1.0,m30,22.8215,32285.1647,1.1786,23198.9502,-0.0938,-0.0938,33.9373,259480.4935,3997.3863,0.7794,"[0.6797486508972215, 0.8828955870557514]"
