label,all_per_share_c,all_sharpe,pnl_usd,1s5_per_share_c,1s5_ci_lo_c,1s5_ci_hi_c,1s5_sharpe,aug_per_share_c,1s5_pnl_usd
G_35pct_net100,1.597,16.743,39666.953,0.961,0.529,1.388,10.628,0.745,6853.831
G_35pct_net250,1.673,12.679,56368.304,0.927,0.297,1.529,7.448,0.611,9340.25
G_35pct_net50,1.582,19.569,27459.131,1.056,0.703,1.429,13.864,1.002,5119.826
G_50pct_net100 (recommended),1.584,16.769,43267.593,0.888,0.462,1.31,10.027,0.778,6876.555
G_50pct_net100|__top1_1s5,1.761,16.801,43098.918,1.2,0.611,1.746,9.818,0.909,6506.864
G_50pct_net100|__top3_1s5,1.732,15.591,38588.293,1.015,0.41,1.603,8.447,0.758,5016.772
G_50pct_net150,1.62,15.774,54870.746,0.866,0.396,1.326,9.051,0.69,8480.28
G_50pct_net25,1.531,21.524,16564.115,1.159,0.861,1.467,17.897,1.112,3441.84
G_50pct_net50,1.584,19.515,27685.676,1.055,0.7,1.431,13.842,1.003,5118.124
G_65pct_net100,1.585,16.724,43428.658,0.887,0.46,1.309,10.021,0.778,6873.424
G_65pct_net250,1.664,13.82,76747.847,0.821,0.26,1.347,7.701,0.614,11137.375
G_65pct_net50,1.584,19.515,27685.676,1.055,0.7,1.431,13.842,1.003,5118.124
