lag,delay1,delay3
-30,0.007351729364674994,0.0012947617855638856
-29,0.007468178617793743,0.001304969255536284
-28,0.008416520967467473,0.0012370086320660934
-27,0.007984730097752843,0.0012715674362553326
-26,0.008215120593460638,0.0013963854436217966
-25,0.009929513593284992,0.001503977714342813
-24,0.00905343096234542,0.0012949047728159104
-23,0.01090307531937895,0.0015355624487599666
-22,0.010333998738741508,0.0018718085652088868
-21,0.011520606109208766,0.0017406766867421703
-20,0.011449002767622899,0.001709065428491088
-19,0.012446116613469914,0.0020158128633195986
-18,0.012800937265333982,0.0020984789475299434
-17,0.013989467542452812,0.0021481009302361776
-16,0.014563467006710368,0.00234313913922008
-15,0.016647154582594925,0.002614831558334141
-14,0.01753682670315744,0.0027778148282205464
-13,0.019315829651236963,0.00316962846144681
-12,0.01998500856080604,0.003562631270616699
-11,0.023171542477675763,0.004058685614762187
-10,0.026270705435766355,0.005742964666569371
-9,0.03006349088618719,0.007394343655645347
-8,0.03901445924946752,0.008040247226768561
-7,0.04940480019182228,0.00993517298279202
-6,0.07423958325602546,0.010307907889997575
-5,0.12026713646740855,0.00810324483083877
-4,0.15806956300655856,0.007006251837133616
-3,0.1487055865166699,0.005462643160284284
-2,0.08592118379166488,0.0034039422359023437
-1,0.05708175808091153,0.0034289245709488853
0,0.04122122511205678,0.0026481746329202666
1,0.02830362421566813,0.001994365870869338
2,0.019811874854183908,0.0022371850532597473
3,0.016174069920251073,0.0015671684842761188
4,0.0146895788801365,0.000989196777027262
5,0.011115031192236797,0.0013457080068909992
6,0.009912095323875497,0.0012760997587993672
7,0.008167875915550606,0.0008023989857790723
8,0.007270173332869665,0.0009202073475147126
9,0.006594422203048528,0.0009003244946885237
10,0.005681073881615301,0.000805404021583747
11,0.005209107328752229,0.0005244759837896154
12,0.0044126377242701895,0.00044425644657232396
13,0.003636989960635835,0.0008765946068648183
14,0.004359392181564021,0.0005194604797806726
15,0.004619690464108762,0.00044553609433166033
16,0.0038193796973480503,0.0007230027884738916
17,0.002774172154619486,0.0002539694585035463
18,0.0036588979823153184,0.0006758015672191177
19,0.0033239594775422675,0.0005156205455796022
20,0.0029242130343324654,0.00034126599835210486
21,0.002881780668971048,0.0005509269905812794
22,0.002940157887127244,0.0002479029571041561
23,0.0025140647750638203,0.000594693689920411
24,0.0029889384665389798,9.142666934288929e-05
25,0.0019582001157153472,0.00033279594541730736
26,0.0021758982374024236,0.0003063191000952848
27,0.0017019916300631112,1.3174144786614294e-05
28,0.00188361682031555,0.00033776002815926956
29,0.0021694301667663962,0.0004653680570954619
30,0.0017266565286065798,0.0001856153631948419
