G,E,n,ps_res_c,ps_mid60_c,ps_taker60_c,ps_hedge_c,ps_hedge_strict_c,ps_fair60_c
0.0,-9.0,97589,-0.03831601977589487,-0.09210650442293512,-1.1447344656444312,-2.507188100085369,-2.214708077436745,0.07689552113097954
0.0,0.0,47377,-0.10584454431106463,0.20935838069790583,-0.8876143522008209,-1.4289134728001818,-1.2465306745720783,0.6285845470171648
0.0,0.01,30021,-0.14967428637094335,0.3015659397649282,-0.8179256713317439,-0.844379270114631,-0.806318267801749,0.8619920609918629
0.0,0.02,19015,-0.15662428079390395,0.21358086896155218,-0.8358928183872771,-0.3579131905014557,-0.47106455984989737,0.9036969883206821
0.0,0.03,11542,-0.5608175709415292,0.06914598697434313,-1.066510204656507,0.15615408638966444,-0.12619969371144524,0.9407730819518332
0.01,-9.0,97589,-0.03831601977589487,-0.09210650442293512,-1.1447344656444312,-2.507188100085369,-2.214708077436745,0.07689552113097954
0.01,0.0,47377,-0.10584454431106463,0.20935838069790583,-0.8876143522008209,-1.4289134728001818,-1.2465306745720783,0.6285845470171648
0.01,0.01,30021,-0.14967428637094335,0.3015659397649282,-0.8179256713317439,-0.844379270114631,-0.806318267801749,0.8619920609918629
0.01,0.02,19015,-0.15662428079390395,0.21358086896155218,-0.8358928183872771,-0.3579131905014557,-0.47106455984989737,0.9036969883206821
0.01,0.03,11542,-0.5608175709415292,0.06914598697434313,-1.066510204656507,0.15615408638966444,-0.12619969371144524,0.9407730819518332
0.02,-9.0,97589,-0.03831601977589487,-0.09210650442293512,-1.1447344656444312,-2.507188100085369,-2.214708077436745,0.07689552113097954
0.02,0.0,47377,-0.10584454431106463,0.20935838069790583,-0.8876143522008209,-1.4289134728001818,-1.2465306745720783,0.6285845470171648
0.02,0.01,30021,-0.14967428637094335,0.3015659397649282,-0.8179256713317439,-0.844379270114631,-0.806318267801749,0.8619920609918629
0.02,0.02,19015,-0.15662428079390395,0.21358086896155218,-0.8358928183872771,-0.3579131905014557,-0.47106455984989737,0.9036969883206821
0.02,0.03,11542,-0.5608175709415292,0.06914598697434313,-1.066510204656507,0.15615408638966444,-0.12619969371144524,0.9407730819518332
0.03,-9.0,52196,0.2765837236463383,0.031568650664500514,-0.9288078790752308,-2.1983363357430066,-1.9144349771828075,0.3197239596661811
0.03,0.0,27833,0.16583871770298447,0.4017156247311523,-0.6198705680117921,-1.0496332701545295,-0.8507331172540307,0.9745567944337424
0.03,0.01,19144,-0.10998264318806163,0.4924777359025151,-0.5345015166762416,-0.4279445104026001,-0.359356577964311,1.217923714212742
0.03,0.02,13570,-0.21419950061508092,0.488839944941293,-0.49228801861244703,0.04139501428219387,-0.05447087400282215,1.3287029680043199
0.03,0.03,9173,-0.7135538933624263,0.416018503841324,-0.610746783516828,0.539541098574954,0.28379853789049614,1.4490627817046238
0.04,-9.0,26343,0.06252464642986359,0.14345405186451393,-0.8593168158503176,-1.8564877986491657,-1.649304413160107,0.5534360857354562
0.04,0.0,14805,-0.2386232384991469,0.5847226379084856,-0.6204683486034185,-0.5312795756480047,-0.3978517875029227,1.337066043868715
0.04,0.01,10967,-0.6517681300868154,0.7049798330147619,-0.5313207605217435,0.11510866129783605,0.14242187501040335,1.6332490128914108
0.04,0.02,8435,-0.9406532521347984,0.7502798508503822,-0.4651686180040105,0.5795052891529348,0.4489948345976499,1.809461638903061
0.04,0.03,6417,-1.0561037415012888,0.6742579148100714,-0.5471197639517862,1.0264484604152808,0.7468970423211262,1.9026690660860688
0.06,-9.0,8043,0.3878460400858355,0.34734682067578954,-0.28923181885467064,-1.0442053272500762,-1.074276851526634,1.0927132964308333
0.06,0.0,4845,-0.6070409523710859,0.8801947733936196,-0.26494572955227796,0.6349736550705255,0.6006736016468073,2.132966955698263
0.06,0.01,3932,-1.7000297876792143,1.0400623753040001,-0.19988305208129212,1.3234546216948064,1.2216832010532939,2.505524055715882
0.06,0.02,3352,-1.741781259401895,1.0990453756368874,-0.13559421309386305,1.7480706340555576,1.575309376648101,2.6786958688654146
0.06,0.03,2853,-2.2720870878739365,0.9279605759939222,-0.3201023711561335,2.1728120598652456,1.8787284944283726,2.679802980387929
