G,E,n,ps_res_c,ps_mid60_c,ps_taker60_c,ps_hedge_c,ps_fair60_c
0.0,-9.0,3992,-2.4489843436873753,-1.900801083416834,-4.058232139278558,-1.382543246026786,-1.2800481571251254
0.0,0.0,2331,-0.7758706134706133,-1.2744656585156589,-3.4434048906048913,-0.2919269060701754,-0.24266580173614127
0.0,0.01,1635,0.220756697247706,-1.2105985015290524,-3.4183492966360856,0.3199585563679244,0.03286117690563694
0.0,0.02,1095,1.1390364383561642,-1.0645897659817354,-3.5597355251141547,0.8652660131775699,0.3650684052420088
0.0,0.03,750,1.5867109333333327,-1.0625466083333335,-3.700897333333334,1.560652544298642,0.4828759207399995
0.01,-9.0,2910,-2.0255045360824746,-1.8293337500000002,-4.029995704467355,-0.928628694782609,-0.9755451978964571
0.01,0.0,2030,-0.6019608374384238,-1.2458422721674882,-3.3889615270935964,-0.11517372804780888,-0.10191074299704037
0.01,0.01,1533,-0.1888752120026093,-1.1996425554468368,-3.43572883235486,0.4162301316040099,0.12934835825930727
0.01,0.02,1046,1.0220668260038237,-1.011894753824092,-3.508359751434035,0.9403262847231268,0.4690919192973227
0.01,0.03,721,1.6444190013869622,-0.9999294036061028,-3.6226900138696263,1.6465183322065726,0.6007560294174752
0.02,-9.0,1984,-1.8278497479838716,-1.647561819556452,-4.009965322580646,-0.42152586491525457,-0.5679007021053961
0.02,0.0,1522,-0.43008383705650505,-1.0885572519710909,-3.345818462549278,0.29647599718346235,0.1910664327350424
0.02,0.01,1287,0.03178461538461521,-1.1459700951825955,-3.462733255633257,0.6696539103519061,0.2942063199766715
0.02,0.02,966,1.4970132505175981,-0.9723628817287789,-3.468327846790891,1.0705226867605633,0.5453625759730846
0.02,0.03,677,2.058336927621861,-0.9268263293943871,-3.484220384047268,1.700088856157635,0.7210889979098959
0.03,-9.0,1341,-1.2608467561521253,-1.4598303225205076,-3.83325764354959,0.23354503392330364,-0.11796173364280417
0.03,0.0,1084,0.7942047970479706,-0.8409567573800739,-3.0691319188191892,0.7734202776689189,0.6874695603597782
0.03,0.01,966,1.2923531055900617,-0.8673462797619049,-3.143234368530021,1.0331060892673993,0.7399405446894407
0.03,0.02,811,2.7945765721331686,-0.7706065505548708,-3.2587930949445134,1.2783467860975606,0.8927018194574596
0.03,0.03,626,3.0568707667731636,-0.7732400559105435,-3.4470485623003198,1.9022864527083332,0.920650635447284
0.04,-9.0,916,-0.9816967248908298,-1.4694053766375552,-4.360478165938865,0.6287911006513406,0.21409672204694274
0.04,0.0,766,0.6270151436031326,-0.8866486047650135,-3.7654866840731076,1.2183541524999997,0.942159660084856
0.04,0.01,701,1.206670042796005,-0.8847363409415125,-3.8294328102710424,1.372248240648148,1.0038181098573462
0.04,0.02,624,2.17533798076923,-0.7624259114583336,-3.969319711538462,1.515098354653465,1.151798042708333
0.04,0.03,519,2.760536608863198,-0.8225092605973029,-3.898132369942197,2.0603099207738094,1.1248908528227355
0.06,-9.0,470,0.9737272340425531,-1.7897206914893622,-4.553847234042554,1.4492295543382354,0.4860040655531912
0.06,0.0,415,2.6107250602409633,-1.160689337349398,-3.706005060240964,2.4829711244628094,1.4549089784819271
0.06,0.01,392,3.6507250000000004,-1.201730803571429,-3.758859948979593,2.692057228521739,1.4531397452551016
0.06,0.02,364,4.803637087912088,-1.006518870192308,-3.76724587912088,2.9947577433636363,1.7092255870192303
0.06,0.03,327,5.303055351681957,-1.0135545871559635,-3.5355434250764524,3.153168999047619,1.6206419001987764
