month,h,train_mean_c,n,mean_c,pnl_usd,usd_in
2025-12,0.03,2.224474304800512,871,2.2753825049711818,693.4125100713322,16622.05255249567
2026-01,0.03,2.2270513734015025,22885,1.6310684025193947,12063.769246721014,298936.9584354899
2026-02,0.03,1.8868485775461477,28858,1.2123467850827547,13445.476489898581,479640.816412744
2026-03,0.03,1.6045417605232961,7217,0.770437771670718,4258.965835317307,118751.36562556798
2026-04,0.03,1.5255074343469308,25817,1.226047213309764,13088.627399426514,444359.0199675429
2026-05,0.03,1.4496990689672442,34767,1.0534794415652196,19735.48647301708,555165.3533171883
2026-06,0.03,1.3489651180649687,20711,0.2071918840810273,10933.492405560779,396741.84867099655
2026-07,0.03,1.1987865630637848,20553,-0.012682893717715868,7018.694265129097,385585.26569697174
2026-08,0.03,1.0589136780927704,20935,0.2646274626173254,9450.101754803847,349719.2151844848
