month,G,E,train_mean_c,train_n,n,mean_c,pnl_usd,usd_in
2025-12,0.06,0.03,1.8590146983243385,396,13,4.246184615384615,306.64947365162277,2911.8707259368894
2026-01,0.06,0.03,1.9241968890634502,411,381,1.1436833305438776,1650.5053109707792,24366.517899399787
2026-02,0.06,0.03,1.5378189629278693,800,336,0.19894728794223426,1354.6152625072532,30630.45469382569
2026-03,0.06,0.03,1.1327866018434638,1145,49,0.907356719927487,1369.8678137919778,5076.173786932175
2026-04,0.06,0.03,1.123535291781585,1194,175,-0.12307204579705114,456.39751125073656,27956.06392424529
2026-05,0.06,0.03,0.9565599203979251,1374,116,3.795928383527291,671.0282995129143,12565.216568589907
2026-06,0.06,0.03,1.1749908393274715,1493,45,-1.1187465087655892,443.5535357187749,4690.404058738485
2026-07,0.06,0.03,1.1078788883104442,1538,45,0.1596211298897123,325.2553522244545,5275.381194122548
2026-08,0.06,0.03,1.0704809975182967,1585,54,0.21043337900401451,504.5962699006483,8382.933793449109
