video,split,source,n_visible,n_absent,recall,precision@10px,within5,within10,median_err_px,rmse_px(<50),fp_rate_absent
game_1,train,blurball_top1,6721,78,0.9823,0.9929,0.9607,0.9784,1.2766,2.2834,0.2692
game_1,train,tracked,6721,78,0.9823,0.9923,0.9607,0.9778,1.2757,2.3647,0.2692
game_2,train,blurball_top1,17275,169,0.9448,0.9936,0.9238,0.9402,0.9915,1.9169,0.1479
game_2,train,tracked,17275,169,0.9444,0.9938,0.9239,0.9400,0.9916,1.9188,0.1479
game_3,train,blurball_top1,7161,114,0.9515,0.9854,0.9279,0.9450,1.0234,2.1299,0.4649
game_3,train,tracked,7161,114,0.9514,0.9851,0.9272,0.9446,1.0239,2.1613,0.4649
game_4,train,blurball_top1,6971,102,0.9518,0.9843,0.9291,0.9465,0.9974,2.0411,0.6667
game_4,train,tracked,6971,102,0.9518,0.9843,0.9291,0.9465,0.9946,2.0910,0.6667
game_5,train,blurball_top1,7056,350,0.9950,0.9559,0.9874,0.9911,0.8657,1.2746,0.8429
game_5,train,tracked,7056,350,0.9950,0.9560,0.9874,0.9912,0.8641,1.2713,0.8429
test_1,test,blurball_top1,880,7,0.9705,0.9883,0.9182,0.9591,1.4128,3.4600,0.0000
test_1,test,tracked,880,7,0.9705,0.9883,0.9182,0.9591,1.4135,3.0998,0.0000
test_2,test,blurball_top1,773,6,0.9845,0.9974,0.9664,0.9819,1.4630,2.1365,0.0000
test_2,test,tracked,773,6,0.9845,0.9961,0.9664,0.9806,1.4637,2.1375,0.0000
test_3,test,blurball_top1,798,7,0.9787,0.9949,0.9649,0.9749,1.1997,1.7861,0.1429
test_3,test,tracked,798,7,0.9787,0.9949,0.9649,0.9749,1.1989,1.7862,0.1429
test_4,test,blurball_top1,1304,14,0.9379,0.9894,0.9141,0.9294,0.9181,2.8932,0.1429
test_4,test,tracked,1304,14,0.9379,0.9902,0.9141,0.9302,0.9171,3.0920,0.1429
test_5,test,blurball_top1,1008,10,0.9464,0.9916,0.9315,0.9415,0.9837,1.5821,0.3000
test_5,test,tracked,1008,10,0.9464,0.9958,0.9345,0.9454,0.9816,1.5864,0.3000
test_6,test,blurball_top1,1300,8,0.9962,0.9892,0.9531,0.9892,1.0181,2.2755,0.6250
test_6,test,tracked,1300,8,0.9962,0.9892,0.9538,0.9892,1.0183,2.2821,0.6250
test_7,test,blurball_top1,770,104,0.9610,0.8966,0.9377,0.9455,1.1947,1.6679,0.6923
test_7,test,tracked,770,104,0.9610,0.8966,0.9377,0.9455,1.1945,1.6680,0.6923
ALL,test,blurball_top1,6833,156,0.9671,0.9798,0.9391,0.9595,,,0.5321
ALL,test,tracked,6833,156,0.9671,0.9804,0.9397,0.9600,,,0.5321
ALL,train,blurball_top1,45184,813,0.9604,0.9845,0.9407,0.9556,,,0.5683
ALL,train,tracked,45184,813,0.9602,0.9845,0.9406,0.9554,,,0.5683
