month,tennis_first_set_totals,tennis_first_set_winner,tennis_game_handicap,tennis_match_totals,tennis_set_games_totals,tennis_set_handicap,tennis_set_totals,tennis_set_winner
2025-11,80393.96164401933,92513.47125229836,0.0,49442.22289101786,0.0,40681.625419150616,38986.636894902804,0.0
2025-12,107813.13578085798,72976.31309580876,0.0,111795.80837509,0.0,37697.64744593419,104834.82542788889,0.0
2026-01,1619610.6795127126,858171.0576997271,0.0,1356181.4682388494,0.0,1274290.9742263032,1047061.8083375159,0.0
2026-02,1136634.3492420837,757561.0342605998,0.0,556808.6282272941,0.0,647901.269291177,485275.11692245916,0.0
2026-03,320418.7389169493,256413.36594470096,0.0,316064.2534917072,0.0,120843.96952696767,152374.3380391387,0.0
2026-04,878067.8585073478,1161939.8898595346,0.0,712920.7724336358,0.0,539991.1865045379,702830.5769658104,0.0
2026-05,260759.4147627842,634073.9541435472,0.0,479128.99216392543,0.0,847597.0930556778,425598.79038593656,0.0
2026-06,92982.99292217527,744589.6372606123,0.0,202044.97890811932,9347.898494974548,663817.1857239113,215909.5251498695,82264.64416770003
2026-07,42315.471892987385,1230825.3781250753,0.0,357909.373038185,4180.337966978979,342967.8633493558,116209.39269378838,603309.4270041706
2026-08,19580.425661975445,919444.8888229015,1900.5553779849915,213538.76534623845,1035.921355001745,420522.146165117,51335.32496884003,298108.36787012336
