bucket,side,n,matches,usd,net_res_c,ci,net60_c,fee_c,net300_c,mean_abs_impl_c
all in-play side takers,all,250380,6197,17320495.876853924,-0.5710257768191045,"[-0.9084909816298478, -0.21677346482004367]",-0.8852024248180259,0.3587711123671913,,
1-3s,implied,337,209,21797.73826792664,3.4456921727195513,"[-3.055848544274584, 9.502791176070469]",1.0203283463100556,0.7160564776068584,3.908870491399077,9.699269282627316
1-3s,contrary,109,94,2735.213220018915,-9.790364421034061,"[-18.292314676353758, -1.472281379486188]",-1.875595821630393,0.8635416718597506,-1.843921771905623,8.855682548705335
3-6s,implied,1173,645,54055.89520340124,1.2186940957237795,"[-2.4390784626256052, 4.971888244156294]",0.9559873309028071,0.6459085741653942,1.9805526910477347,8.693055919534325
3-6s,contrary,628,455,31147.49936381115,-7.884384750119127,"[-11.798374704187488, -3.88927334373552]",-1.9103781127942852,0.7133227349439661,-2.4380677401589343,8.450620106534975
6-10s,implied,1254,700,70530.44408405386,3.2912437991571077,"[-0.14223438167523247, 6.62461299139931]",-1.3226524944234348,0.5798219736738334,1.733988078969707,9.24004717410846
6-10s,contrary,839,569,26127.840869056003,-4.86537420129466,"[-8.405081797212596, -1.3817509098547875]",-1.4464916110979973,0.6567220271111076,-1.725537822254135,9.303441284511733
10-20s,implied,2384,1102,97218.70264368648,-0.4741700544688546,"[-3.0074090140277963, 1.921835405629169]",-1.563299793772546,0.5400740531643244,-1.20745081883966,9.25239949934892
10-20s,contrary,1566,873,73033.14771914069,-5.071514636212487,"[-7.906390407948018, -2.4380005893575545]",-1.6269016624385408,0.5706916678663823,-2.267020301716957,8.425750067548814
20-60s,implied,10491,2259,564500.6333152526,2.240619811270765,"[0.5217231942133735, 3.8727657978911436]",-1.3137192732531129,0.5341383340823949,0.3956210191303587,10.5554255779328
20-60s,contrary,6697,1896,301767.84660520323,-3.112330362016698,"[-5.143398102304853, -1.1117909557282841]",-1.470745528516624,0.5453431178835044,-2.0226466162753223,9.627383438173736
60-300s,implied,18648,2813,969681.2038153759,0.5846662017226475,"[-0.9017461118209013, 2.1578800679369246]",-1.0871837154864368,0.48048600611626274,-0.7166040523523204,10.906144022232361
60-300s,contrary,14053,2579,875470.4736425069,-2.7433094619291714,"[-4.415369816177261, -1.2059461414663828]",-1.1530051383270938,0.46738384614179496,-0.7363811004746775,10.482477534660903
>300s,implied,15913,2418,992617.4713984581,1.9369662312123301,"[-0.2806837725316445, 3.904096727227184]",-1.002247256220901,0.33926389061322165,-0.5775045384709481,14.774836058503052
>300s,contrary,13328,2411,1175803.4407836027,-3.599673219408099,"[-6.21167915709401, -0.9832771775016005]",-1.2956380681618493,0.33594117564009107,-1.3396318002544367,13.962742365446857
