exit,H,T,regime,n,ps_c,ci_lo,ci_hi,maker_fill
hold_to_resolution,,,all,20171,-0.5721955271750102,-1.2578957147873417,0.03148031676625335,
hold_to_resolution,,,1s/5%,5485,-1.5806964053418606,-2.788025968890308,-0.2866946502587359,
mid30_benchmark,,,all,20171,-0.9358317700686729,-1.065031590698689,-0.8191893498241976,
mid30_benchmark,,,1s/5%,5485,-1.1250958484750793,-1.29583098336232,-0.9451549443342764,
maker_touch_fbB,5.0,60.0,all,20171,-1.0385450409735841,-1.1954092989794427,-0.9085126330402123,0.7227703138168659
maker_touch_fbB,5.0,60.0,1s/5%,5485,-1.3822127946902936,-1.5403082946967717,-1.2386724028365383,0.7411121239744758
maker_touch_fbB,30.0,300.0,all,20171,-0.9073968643205189,-1.0943907883108066,-0.7261516166477517,0.9202320162609687
maker_touch_fbB,30.0,300.0,1s/5%,5485,-1.1158559921899462,-1.3345444449313615,-0.8707143694559858,0.933637192342753
maker_improve1_fbB,5.0,60.0,all,20171,-1.1108220723552709,-1.2674760158001297,-0.9807981943532914,0.7227703138168659
maker_improve1_fbB,5.0,60.0,1s/5%,5485,-1.4563240070877412,-1.613611149058589,-1.3138162292622209,0.7411121239744758
maker_improve1_fbB,30.0,300.0,all,20171,-0.9994200659466155,-1.1864541351135496,-0.8182044550185619,0.9202320162609687
maker_improve1_fbB,30.0,300.0,1s/5%,5485,-1.2092197114242218,-1.428053326498501,-0.9647820672954752,0.933637192342753
maker_pegthrough_fbB,5.0,60.0,all,20171,-2.258151527785352,-2.4252706620280216,-2.1031817058003157,0.386792920529473
maker_pegthrough_fbB,5.0,60.0,1s/5%,5485,-2.6612645325787323,-2.847502415290095,-2.4767637039236603,0.39033728350045577
maker_pegthrough_fbB,30.0,300.0,all,20171,-2.8629110961492987,-3.0810409465866284,-2.674727528773228,0.7589113083139161
maker_pegthrough_fbB,30.0,300.0,1s/5%,5485,-3.0857638508304017,-3.3822536666257257,-2.8226196688383562,0.7659070191431175
