month,n,matches,per_share_c,per_share_sw_c,pnl_usd,maker_fill,hold_med_s,H,T
2025-12,71,14,2.3587067409826945,2.5344295358685587,325.3316556659008,0.43661971830985913,76.0,5,60
2026-01,4442,606,2.672699152808806,1.5462133719049955,7069.416469447729,0.4990995047276002,64.0,5,60
2026-02,8610,932,1.0783436952028989,0.7450027921426235,9534.917605132028,0.3922183507549361,44.0,5,30
2026-03,3275,403,2.084000121831757,1.5001772439199348,8749.286708967807,0.8574045801526717,46.0,5,300
2026-04,14050,1359,1.4529648639509942,0.976933418695088,19568.512380774937,0.9033451957295374,34.0,5,300
2026-05,34782,1408,0.8102203048615869,1.0041992826348376,23261.469878274547,0.9516129032258065,24.0,5,300
2026-06,22533,1248,0.7799277105187483,1.1718215449600566,26906.408081412024,0.9220254737496116,32.0,5,300
2026-07,26546,1399,0.5714924477039416,0.27747893672133417,8406.956580748043,0.9106833421231071,33.0,5,300
2026-08,17128,1153,0.8313343234973267,0.4424499860194758,11189.787061461313,0.8932157870154134,44.0,10,300
